g	y1	id	g	F1	F1_std	GClass#1	GClass#2	GClass#3	GClass#
1	-2.94578018039104	1	1	   -0.192515	    0.858778	    0.337931	 7.44493e-13	    0.662069	3
1	-0.849290552211883	2	1	   -0.192515	    0.858778	    0.337931	 7.44493e-13	    0.662069	3
1	-1.53031327103421	3	1	   -0.192515	    0.858778	    0.337931	 7.44493e-13	    0.662069	3
1	-0.0483256338337856	4	1	   -0.192515	    0.858778	    0.337931	 7.44493e-13	    0.662069	3
2	0.948467115124976	5	2	   -0.648408	    0.630738	    0.890816	 1.07111e-12	    0.109184	1
2	-1.42162334393661	6	2	   -0.648408	    0.630738	    0.890816	 1.07111e-12	    0.109184	1
2	-1.72514554101785	7	2	   -0.648408	    0.630738	    0.890816	 1.07111e-12	    0.109184	1
2	1.1763676646671	8	2	   -0.648408	    0.630738	    0.890816	 1.07111e-12	    0.109184	1
2	-1.80573343184801	9	2	   -0.648408	    0.630738	    0.890816	 1.07111e-12	    0.109184	1
2	-1.17051761268922	10	2	   -0.648408	    0.630738	    0.890816	 1.07111e-12	    0.109184	1
3	0.110196955676815	11	3	   -0.520523	    0.373408	    0.987811	 6.37056e-13	   0.0121892	1
3	-0.891936032279695	12	3	   -0.520523	    0.373408	    0.987811	 6.37056e-13	   0.0121892	1
3	-0.177072903826296	13	3	   -0.520523	    0.373408	    0.987811	 6.37056e-13	   0.0121892	1
3	-0.179206444836424	14	3	   -0.520523	    0.373408	    0.987811	 6.37056e-13	   0.0121892	1
3	-0.569592750630115	15	3	   -0.520523	    0.373408	    0.987811	 6.37056e-13	   0.0121892	1
3	-0.647041652012063	16	3	   -0.520523	    0.373408	    0.987811	 6.37056e-13	   0.0121892	1
3	-0.116175041785129	17	3	   -0.520523	    0.373408	    0.987811	 6.37056e-13	   0.0121892	1
3	0.180061889813786	18	3	   -0.520523	    0.373408	    0.987811	 6.37056e-13	   0.0121892	1
4	0.911825675503819	19	4	   0.0877647	    0.292995	    0.999936	  1.0679e-08	 6.38227e-05	1
4	-0.567644084170732	20	4	   0.0877647	    0.292995	    0.999936	  1.0679e-08	 6.38227e-05	1
4	2.41208599480655	21	4	   0.0877647	    0.292995	    0.999936	  1.0679e-08	 6.38227e-05	1
4	1.10188033668716	22	4	   0.0877647	    0.292995	    0.999936	  1.0679e-08	 6.38227e-05	1
4	0.523738515722275	23	4	   0.0877647	    0.292995	    0.999936	  1.0679e-08	 6.38227e-05	1
4	0.162448470341694	24	4	   0.0877647	    0.292995	    0.999936	  1.0679e-08	 6.38227e-05	1
4	-0.0333615801767898	25	4	   0.0877647	    0.292995	    0.999936	  1.0679e-08	 6.38227e-05	1
4	0.695625907881569	26	4	   0.0877647	    0.292995	    0.999936	  1.0679e-08	 6.38227e-05	1
4	-0.608491190886635	27	4	   0.0877647	    0.292995	    0.999936	  1.0679e-08	 6.38227e-05	1
4	-0.180948052142569	28	4	   0.0877647	    0.292995	    0.999936	  1.0679e-08	 6.38227e-05	1
5	-0.67945267773144	29	5	  -0.0670584	    0.667091	    0.117662	 4.63847e-16	    0.882338	3
5	-2.33496242328947	30	5	  -0.0670584	    0.667091	    0.117662	 4.63847e-16	    0.882338	3
5	-2.34399027015051	31	5	  -0.0670584	    0.667091	    0.117662	 4.63847e-16	    0.882338	3
5	-1.80785632242849	32	5	  -0.0670584	    0.667091	    0.117662	 4.63847e-16	    0.882338	3
6	-1.16831450343124	33	6	   -0.614204	    0.775187	    0.792775	 4.93552e-14	    0.207225	1
6	0.255853401159473	34	6	   -0.614204	    0.775187	    0.792775	 4.93552e-14	    0.207225	1
6	-0.775927803091813	35	6	   -0.614204	    0.775187	    0.792775	 4.93552e-14	    0.207225	1
6	-0.699531905595445	36	6	   -0.614204	    0.775187	    0.792775	 4.93552e-14	    0.207225	1
6	-1.24915515688933	37	6	   -0.614204	    0.775187	    0.792775	 4.93552e-14	    0.207225	1
6	-1.35940302096879	38	6	   -0.614204	    0.775187	    0.792775	 4.93552e-14	    0.207225	1
7	-0.983439871867003	39	7	  -0.0400024	    0.525181	   0.0481411	 5.20073e-34	    0.951859	3
7	-1.60403795621803	40	7	  -0.0400024	    0.525181	   0.0481411	 5.20073e-34	    0.951859	3
7	-0.434245387778327	41	7	  -0.0400024	    0.525181	   0.0481411	 5.20073e-34	    0.951859	3
7	-4.046284410764	42	7	  -0.0400024	    0.525181	   0.0481411	 5.20073e-34	    0.951859	3
7	-1.94326882287862	43	7	  -0.0400024	    0.525181	   0.0481411	 5.20073e-34	    0.951859	3
7	-1.82083556043652	44	7	  -0.0400024	    0.525181	   0.0481411	 5.20073e-34	    0.951859	3
7	-2.96962052561129	45	7	  -0.0400024	    0.525181	   0.0481411	 5.20073e-34	    0.951859	3
7	-2.07285833213681	46	7	  -0.0400024	    0.525181	   0.0481411	 5.20073e-34	    0.951859	3
8	-2.06013787786365	47	8	   -0.573713	    0.949496	    0.683959	 3.39838e-25	    0.316041	1
8	0.22465188440931	48	8	   -0.573713	    0.949496	    0.683959	 3.39838e-25	    0.316041	1
8	-1.09575511036768	49	8	   -0.573713	    0.949496	    0.683959	 3.39838e-25	    0.316041	1
8	-2.57653497035159	50	8	   -0.573713	    0.949496	    0.683959	 3.39838e-25	    0.316041	1
8	-1.53449280579802	51	8	   -0.573713	    0.949496	    0.683959	 3.39838e-25	    0.316041	1
8	-2.86446405006133	52	8	   -0.573713	    0.949496	    0.683959	 3.39838e-25	    0.316041	1
8	0.0757578285133934	53	8	   -0.573713	    0.949496	    0.683959	 3.39838e-25	    0.316041	1
8	-0.607726434759517	54	8	   -0.573713	    0.949496	    0.683959	 3.39838e-25	    0.316041	1
8	-0.277470487862017	55	8	   -0.573713	    0.949496	    0.683959	 3.39838e-25	    0.316041	1
8	0.706626946956395	56	8	   -0.573713	    0.949496	    0.683959	 3.39838e-25	    0.316041	1
9	2.48764903634997	57	9	    0.237138	    0.627161	    0.132189	    0.867811	 6.28405e-11	2
9	1.45995737020116	58	9	    0.237138	    0.627161	    0.132189	    0.867811	 6.28405e-11	2
9	4.60192185034355	59	9	    0.237138	    0.627161	    0.132189	    0.867811	 6.28405e-11	2
9	2.3187964004416	60	9	    0.237138	    0.627161	    0.132189	    0.867811	 6.28405e-11	2
10	-4.65502690819156	61	10	   -0.443539	    0.376573	   0.0100186	 1.27013e-35	    0.989981	3
10	-2.77227129235257	62	10	   -0.443539	    0.376573	   0.0100186	 1.27013e-35	    0.989981	3
10	-1.22607410395972	63	10	   -0.443539	    0.376573	   0.0100186	 1.27013e-35	    0.989981	3
10	-2.56987805177744	64	10	   -0.443539	    0.376573	   0.0100186	 1.27013e-35	    0.989981	3
10	-3.59621189145749	65	10	   -0.443539	    0.376573	   0.0100186	 1.27013e-35	    0.989981	3
10	-1.90109423137062	66	10	   -0.443539	    0.376573	   0.0100186	 1.27013e-35	    0.989981	3
11	-0.892075811437485	67	11	    0.292116	    0.322712	    0.999966	 1.25174e-05	 2.13814e-05	1
11	0.634015353618196	68	11	    0.292116	    0.322712	    0.999966	 1.25174e-05	 2.13814e-05	1
11	0.357688391886467	69	11	    0.292116	    0.322712	    0.999966	 1.25174e-05	 2.13814e-05	1
11	0.29755522545715	70	11	    0.292116	    0.322712	    0.999966	 1.25174e-05	 2.13814e-05	1
11	1.18458172185034	71	11	    0.292116	    0.322712	    0.999966	 1.25174e-05	 2.13814e-05	1
11	0.295620150460666	72	11	    0.292116	    0.322712	    0.999966	 1.25174e-05	 2.13814e-05	1
11	1.52751164575731	73	11	    0.292116	    0.322712	    0.999966	 1.25174e-05	 2.13814e-05	1
11	2.05177769823016	74	11	    0.292116	    0.322712	    0.999966	 1.25174e-05	 2.13814e-05	1
12	3.20402336547122	75	12	     0.33011	    0.648492	    0.213151	    0.786849	 4.81312e-12	2
12	2.16971414999471	76	12	     0.33011	    0.648492	    0.213151	    0.786849	 4.81312e-12	2
12	2.88186071611627	77	12	     0.33011	    0.648492	    0.213151	    0.786849	 4.81312e-12	2
12	3.30404816382071	78	12	     0.33011	    0.648492	    0.213151	    0.786849	 4.81312e-12	2
12	2.22768878833222	79	12	     0.33011	    0.648492	    0.213151	    0.786849	 4.81312e-12	2
12	2.12259319785591	80	12	     0.33011	    0.648492	    0.213151	    0.786849	 4.81312e-12	2
12	1.18345871518084	81	12	     0.33011	    0.648492	    0.213151	    0.786849	 4.81312e-12	2
12	2.44057050625617	82	12	     0.33011	    0.648492	    0.213151	    0.786849	 4.81312e-12	2
12	1.32708418078449	83	12	     0.33011	    0.648492	    0.213151	    0.786849	 4.81312e-12	2
12	0.0577032696350648	84	12	     0.33011	    0.648492	    0.213151	    0.786849	 4.81312e-12	2
13	1.49074898059514	85	13	    0.655303	    0.456953	    0.909887	   0.0901054	 7.74512e-06	1
13	1.44014925286054	86	13	    0.655303	    0.456953	    0.909887	   0.0901054	 7.74512e-06	1
13	1.59085982379227	87	13	    0.655303	    0.456953	    0.909887	   0.0901054	 7.74512e-06	1
13	0.66200039197838	88	13	    0.655303	    0.456953	    0.909887	   0.0901054	 7.74512e-06	1
14	-0.851477423513722	89	14	   -0.643724	    0.594131	    0.910071	 2.41143e-12	   0.0899287	1
14	-1.12137845606803	90	14	   -0.643724	    0.594131	    0.910071	 2.41143e-12	   0.0899287	1
14	1.65359846401541	91	14	   -0.643724	    0.594131	    0.910071	 2.41143e-12	   0.0899287	1
14	-1.52877985200682	92	14	   -0.643724	    0.594131	    0.910071	 2.41143e-12	   0.0899287	1
14	-1.5058755919502	93	14	   -0.643724	    0.594131	    0.910071	 2.41143e-12	   0.0899287	1
14	-0.369504897448645	94	14	   -0.643724	    0.594131	    0.910071	 2.41143e-12	   0.0899287	1
15	-2.50498955243918	95	15	   0.0237056	    0.717928	    0.123718	 3.51331e-29	    0.876282	3
15	-1.59116808619844	96	15	   0.0237056	    0.717928	    0.123718	 3.51331e-29	    0.876282	3
15	-3.282859481958	97	15	   0.0237056	    0.717928	    0.123718	 3.51331e-29	    0.876282	3
15	-1.82524770040873	98	15	   0.0237056	    0.717928	    0.123718	 3.51331e-29	    0.876282	3
15	-1.55386210138095	99	15	   0.0237056	    0.717928	    0.123718	 3.51331e-29	    0.876282	3
15	0.134644801409572	100	15	   0.0237056	    0.717928	    0.123718	 3.51331e-29	    0.876282	3
15	-1.40628125464195	101	15	   0.0237056	    0.717928	    0.123718	 3.51331e-29	    0.876282	3
15	-1.27805513844111	102	15	   0.0237056	    0.717928	    0.123718	 3.51331e-29	    0.876282	3
16	1.2587672764692	103	16	    0.294835	    0.629484	    0.186047	    0.813953	 2.73491e-12	2
16	2.67911804921762	104	16	    0.294835	    0.629484	    0.186047	    0.813953	 2.73491e-12	2
16	2.59299980075363	105	16	    0.294835	    0.629484	    0.186047	    0.813953	 2.73491e-12	2
16	2.14363218876469	106	16	    0.294835	    0.629484	    0.186047	    0.813953	 2.73491e-12	2
16	3.53667562371588	107	16	    0.294835	    0.629484	    0.186047	    0.813953	 2.73491e-12	2
16	1.1712469575277	108	16	    0.294835	    0.629484	    0.186047	    0.813953	 2.73491e-12	2
16	1.9595001718869	109	16	    0.294835	    0.629484	    0.186047	    0.813953	 2.73491e-12	2
16	2.31792250430377	110	16	    0.294835	    0.629484	    0.186047	    0.813953	 2.73491e-12	2
16	1.06287371831544	111	16	    0.294835	    0.629484	    0.186047	    0.813953	 2.73491e-12	2
16	2.60266233846164	112	16	    0.294835	    0.629484	    0.186047	    0.813953	 2.73491e-12	2
17	0.981969935340941	113	17	    -0.13741	    0.435124	    0.995459	 3.48966e-05	  0.00450633	1
17	-0.262448183730591	114	17	    -0.13741	    0.435124	    0.995459	 3.48966e-05	  0.00450633	1
17	1.01279656110958	115	17	    -0.13741	    0.435124	    0.995459	 3.48966e-05	  0.00450633	1
17	-1.1183939826033	116	17	    -0.13741	    0.435124	    0.995459	 3.48966e-05	  0.00450633	1
18	-1.98976218813616	117	18	  -0.0633747	    0.543959	   0.0539598	  5.8072e-26	     0.94604	3
18	-1.62219447296615	118	18	  -0.0633747	    0.543959	   0.0539598	  5.8072e-26	     0.94604	3
18	-2.16463406701556	119	18	  -0.0633747	    0.543959	   0.0539598	  5.8072e-26	     0.94604	3
18	-1.83521235317194	120	18	  -0.0633747	    0.543959	   0.0539598	  5.8072e-26	     0.94604	3
18	-1.80478609822093	121	18	  -0.0633747	    0.543959	   0.0539598	  5.8072e-26	     0.94604	3
18	-2.59304518264686	122	18	  -0.0633747	    0.543959	   0.0539598	  5.8072e-26	     0.94604	3
19	2.06537655310909	123	19	    0.335041	    0.647391	    0.220804	    0.779196	  2.4237e-11	2
19	2.4217768015767	124	19	    0.335041	    0.647391	    0.220804	    0.779196	  2.4237e-11	2
19	1.24271004230195	125	19	    0.335041	    0.647391	    0.220804	    0.779196	  2.4237e-11	2
19	2.1029851659692	126	19	    0.335041	    0.647391	    0.220804	    0.779196	  2.4237e-11	2
19	2.5221302859367	127	19	    0.335041	    0.647391	    0.220804	    0.779196	  2.4237e-11	2
19	2.2218023665917	128	19	    0.335041	    0.647391	    0.220804	    0.779196	  2.4237e-11	2
19	1.77921507878416	129	19	    0.335041	    0.647391	    0.220804	    0.779196	  2.4237e-11	2
19	2.48864129149836	130	19	    0.335041	    0.647391	    0.220804	    0.779196	  2.4237e-11	2
20	-0.605139220298383	131	20	   -0.444875	    0.315673	     0.99565	 1.34187e-14	  0.00434951	1
20	-1.14843961624728	132	20	   -0.444875	    0.315673	     0.99565	 1.34187e-14	  0.00434951	1
20	0.443614661240468	133	20	   -0.444875	    0.315673	     0.99565	 1.34187e-14	  0.00434951	1
20	-0.875313380713979	134	20	   -0.444875	    0.315673	     0.99565	 1.34187e-14	  0.00434951	1
20	-1.57193720428593	135	20	   -0.444875	    0.315673	     0.99565	 1.34187e-14	  0.00434951	1
20	-0.0123455065133024	136	20	   -0.444875	    0.315673	     0.99565	 1.34187e-14	  0.00434951	1
20	0.598221923458615	137	20	   -0.444875	    0.315673	     0.99565	 1.34187e-14	  0.00434951	1
20	1.04719313358102	138	20	   -0.444875	    0.315673	     0.99565	 1.34187e-14	  0.00434951	1
20	0.236416857243931	139	20	   -0.444875	    0.315673	     0.99565	 1.34187e-14	  0.00434951	1
20	0.202470319382089	140	20	   -0.444875	    0.315673	     0.99565	 1.34187e-14	  0.00434951	1
21	-0.281926097068628	141	21	    -0.54957	    0.680942	    0.837666	 5.47861e-09	    0.162334	1
21	-1.04531229515063	142	21	    -0.54957	    0.680942	    0.837666	 5.47861e-09	    0.162334	1
21	-0.027770828626771	143	21	    -0.54957	    0.680942	    0.837666	 5.47861e-09	    0.162334	1
21	-1.44137063638578	144	21	    -0.54957	    0.680942	    0.837666	 5.47861e-09	    0.162334	1
22	-2.09510943397939	145	22	   -0.405086	    0.394794	    0.990068	 3.61049e-09	  0.00993152	1
22	-2.05850901865378	146	22	   -0.405086	    0.394794	    0.990068	 3.61049e-09	  0.00993152	1
22	0.425083875134268	147	22	   -0.405086	    0.394794	    0.990068	 3.61049e-09	  0.00993152	1
22	2.00111808873286	148	22	   -0.405086	    0.394794	    0.990068	 3.61049e-09	  0.00993152	1
22	0.967128526803134	149	22	   -0.405086	    0.394794	    0.990068	 3.61049e-09	  0.00993152	1
22	-0.250225680606217	150	22	   -0.405086	    0.394794	    0.990068	 3.61049e-09	  0.00993152	1
23	1.40298137808978	151	23	    0.426539	    0.322674	    0.999893	 0.000100385	 6.62249e-06	1
23	1.15567636164561	152	23	    0.426539	    0.322674	    0.999893	 0.000100385	 6.62249e-06	1
23	-0.267070900787555	153	23	    0.426539	    0.322674	    0.999893	 0.000100385	 6.62249e-06	1
23	0.292509575753429	154	23	    0.426539	    0.322674	    0.999893	 0.000100385	 6.62249e-06	1
23	1.29626820179056	155	23	    0.426539	    0.322674	    0.999893	 0.000100385	 6.62249e-06	1
23	0.0382781709113241	156	23	    0.426539	    0.322674	    0.999893	 0.000100385	 6.62249e-06	1
23	2.35120384143596	157	23	    0.426539	    0.322674	    0.999893	 0.000100385	 6.62249e-06	1
23	0.436707433931561	158	23	    0.426539	    0.322674	    0.999893	 0.000100385	 6.62249e-06	1
24	2.8406533184045	159	24	    0.976363	    0.449872	    0.882644	    0.117356	 3.03953e-09	1
24	1.17723277362499	160	24	    0.976363	    0.449872	    0.882644	    0.117356	 3.03953e-09	1
24	1.18276643855469	161	24	    0.976363	    0.449872	    0.882644	    0.117356	 3.03953e-09	1
24	1.52149751840006	162	24	    0.976363	    0.449872	    0.882644	    0.117356	 3.03953e-09	1
24	1.80748507192574	163	24	    0.976363	    0.449872	    0.882644	    0.117356	 3.03953e-09	1
24	1.55138889580383	164	24	    0.976363	    0.449872	    0.882644	    0.117356	 3.03953e-09	1
24	0.638095859838311	165	24	    0.976363	    0.449872	    0.882644	    0.117356	 3.03953e-09	1
24	1.18556309216993	166	24	    0.976363	    0.449872	    0.882644	    0.117356	 3.03953e-09	1
24	2.08347888343844	167	24	    0.976363	    0.449872	    0.882644	    0.117356	 3.03953e-09	1
24	1.93280832553413	168	24	    0.976363	    0.449872	    0.882644	    0.117356	 3.03953e-09	1
25	-3.1422343681845	169	25	    -0.07438	    0.624857	   0.0926018	 8.26813e-17	    0.907398	3
25	-1.68302619521141	170	25	    -0.07438	    0.624857	   0.0926018	 8.26813e-17	    0.907398	3
25	-2.81350374717516	171	25	    -0.07438	    0.624857	   0.0926018	 8.26813e-17	    0.907398	3
25	0.0757168569925044	172	25	    -0.07438	    0.624857	   0.0926018	 8.26813e-17	    0.907398	3
26	-1.87011099319329	173	26	   -0.206073	    0.440021	   0.0237167	 5.30697e-30	    0.976283	3
26	-3.75162333517368	174	26	   -0.206073	    0.440021	   0.0237167	 5.30697e-30	    0.976283	3
26	-2.13437106105991	175	26	   -0.206073	    0.440021	   0.0237167	 5.30697e-30	    0.976283	3
26	-2.44861157203516	176	26	   -0.206073	    0.440021	   0.0237167	 5.30697e-30	    0.976283	3
26	-1.65211236200047	177	26	   -0.206073	    0.440021	   0.0237167	 5.30697e-30	    0.976283	3
26	-2.18387425464961	178	26	   -0.206073	    0.440021	   0.0237167	 5.30697e-30	    0.976283	3
27	-1.6797335084458	179	27	  -0.0575914	    0.506247	   0.0427458	 1.11723e-34	    0.957254	3
27	-3.27399571895055	180	27	  -0.0575914	    0.506247	   0.0427458	 1.11723e-34	    0.957254	3
27	-1.66037049542759	181	27	  -0.0575914	    0.506247	   0.0427458	 1.11723e-34	    0.957254	3
27	-2.89348696031254	182	27	  -0.0575914	    0.506247	   0.0427458	 1.11723e-34	    0.957254	3
27	-1.17362579840496	183	27	  -0.0575914	    0.506247	   0.0427458	 1.11723e-34	    0.957254	3
27	-2.48235250283397	184	27	  -0.0575914	    0.506247	   0.0427458	 1.11723e-34	    0.957254	3
27	-2.13014580743932	185	27	  -0.0575914	    0.506247	   0.0427458	 1.11723e-34	    0.957254	3
27	-0.924759285599732	186	27	  -0.0575914	    0.506247	   0.0427458	 1.11723e-34	    0.957254	3
28	1.17609300052587	187	28	     0.35726	    0.292763	    0.999991	 2.62214e-06	 5.99771e-06	1
28	-0.505049814281448	188	28	     0.35726	    0.292763	    0.999991	 2.62214e-06	 5.99771e-06	1
28	-0.377074182814855	189	28	     0.35726	    0.292763	    0.999991	 2.62214e-06	 5.99771e-06	1
28	1.49098234740498	190	28	     0.35726	    0.292763	    0.999991	 2.62214e-06	 5.99771e-06	1
28	0.167245520569285	191	28	     0.35726	    0.292763	    0.999991	 2.62214e-06	 5.99771e-06	1
28	1.05669331545703	192	28	     0.35726	    0.292763	    0.999991	 2.62214e-06	 5.99771e-06	1
28	1.38816354477783	193	28	     0.35726	    0.292763	    0.999991	 2.62214e-06	 5.99771e-06	1
28	1.00164870459083	194	28	     0.35726	    0.292763	    0.999991	 2.62214e-06	 5.99771e-06	1
28	-0.770540876234383	195	28	     0.35726	    0.292763	    0.999991	 2.62214e-06	 5.99771e-06	1
28	2.83422940597751	196	28	     0.35726	    0.292763	    0.999991	 2.62214e-06	 5.99771e-06	1
29	-3.53255673317166	197	29	   -0.302748	    0.442015	    0.019802	  1.4736e-22	    0.980198	3
29	-1.39915373427909	198	29	   -0.302748	    0.442015	    0.019802	  1.4736e-22	    0.980198	3
29	-3.31582051093852	199	29	   -0.302748	    0.442015	    0.019802	  1.4736e-22	    0.980198	3
29	-2.19432902402509	200	29	   -0.302748	    0.442015	    0.019802	  1.4736e-22	    0.980198	3
30	0.405448802475889	201	30	   -0.393541	    0.392334	    0.990861	 4.54899e-09	    0.009139	1
30	-1.17390347299097	202	30	   -0.393541	    0.392334	    0.990861	 4.54899e-09	    0.009139	1
30	-0.433391575100274	203	30	   -0.393541	    0.392334	    0.990861	 4.54899e-09	    0.009139	1
30	0.300620197752994	204	30	   -0.393541	    0.392334	    0.990861	 4.54899e-09	    0.009139	1
30	-0.146192683812674	205	30	   -0.393541	    0.392334	    0.990861	 4.54899e-09	    0.009139	1
30	0.130311741783423	206	30	   -0.393541	    0.392334	    0.990861	 4.54899e-09	    0.009139	1
31	-0.801602856112217	207	31	   -0.668581	    0.486092	    0.955407	 3.48631e-15	    0.044593	1
31	-0.724992705231564	208	31	   -0.668581	    0.486092	    0.955407	 3.48631e-15	    0.044593	1
31	-0.511427433353235	209	31	   -0.668581	    0.486092	    0.955407	 3.48631e-15	    0.044593	1
31	-2.2166680869851	210	31	   -0.668581	    0.486092	    0.955407	 3.48631e-15	    0.044593	1
31	-1.69528839739176	211	31	   -0.668581	    0.486092	    0.955407	 3.48631e-15	    0.044593	1
31	0.929660011437242	212	31	   -0.668581	    0.486092	    0.955407	 3.48631e-15	    0.044593	1
31	-0.147639370592007	213	31	   -0.668581	    0.486092	    0.955407	 3.48631e-15	    0.044593	1
31	0.962988865772545	214	31	   -0.668581	    0.486092	    0.955407	 3.48631e-15	    0.044593	1
32	-2.55763024111906	215	32	   -0.799891	    0.304631	  0.00445697	 5.85334e-68	    0.995543	3
32	-4.69557866691906	216	32	   -0.799891	    0.304631	  0.00445697	 5.85334e-68	    0.995543	3
32	-2.77220573212514	217	32	   -0.799891	    0.304631	  0.00445697	 5.85334e-68	    0.995543	3
32	-3.42624522787117	218	32	   -0.799891	    0.304631	  0.00445697	 5.85334e-68	    0.995543	3
32	-3.66529948880944	219	32	   -0.799891	    0.304631	  0.00445697	 5.85334e-68	    0.995543	3
32	-5.60416007106488	220	32	   -0.799891	    0.304631	  0.00445697	 5.85334e-68	    0.995543	3
32	-3.36054128921592	221	32	   -0.799891	    0.304631	  0.00445697	 5.85334e-68	    0.995543	3
32	-1.45173667000926	222	32	   -0.799891	    0.304631	  0.00445697	 5.85334e-68	    0.995543	3
32	-1.91193829133665	223	32	   -0.799891	    0.304631	  0.00445697	 5.85334e-68	    0.995543	3
32	-2.45322403526843	224	32	   -0.799891	    0.304631	  0.00445697	 5.85334e-68	    0.995543	3
33	1.52515411323169	225	33	    0.274566	    0.626103	    0.172992	    0.827008	 6.43309e-10	2
33	1.73503449114969	226	33	    0.274566	    0.626103	    0.172992	    0.827008	 6.43309e-10	2
33	2.11384616767236	227	33	    0.274566	    0.626103	    0.172992	    0.827008	 6.43309e-10	2
33	4.39958740180074	228	33	    0.274566	    0.626103	    0.172992	    0.827008	 6.43309e-10	2
34	-0.494297769507831	229	34	  -0.0203093	    0.365916	    0.999376	 2.67262e-06	 0.000621443	1
34	1.03931405620985	230	34	  -0.0203093	    0.365916	    0.999376	 2.67262e-06	 0.000621443	1
34	1.23930705542613	231	34	  -0.0203093	    0.365916	    0.999376	 2.67262e-06	 0.000621443	1
34	0.506385804037528	232	34	  -0.0203093	    0.365916	    0.999376	 2.67262e-06	 0.000621443	1
34	0.305668245945083	233	34	  -0.0203093	    0.365916	    0.999376	 2.67262e-06	 0.000621443	1
34	-0.694568333694389	234	34	  -0.0203093	    0.365916	    0.999376	 2.67262e-06	 0.000621443	1
35	-0.600057278863656	235	35	   0.0486604	    0.323258	    0.999839	 1.84835e-07	 0.000161186	1
35	-0.0871286958305665	236	35	   0.0486604	    0.323258	    0.999839	 1.84835e-07	 0.000161186	1
35	1.11222198170613	237	35	   0.0486604	    0.323258	    0.999839	 1.84835e-07	 0.000161186	1
35	-0.851292168772765	238	35	   0.0486604	    0.323258	    0.999839	 1.84835e-07	 0.000161186	1
35	0.826875777755189	239	35	   0.0486604	    0.323258	    0.999839	 1.84835e-07	 0.000161186	1
35	1.22142931797207	240	35	   0.0486604	    0.323258	    0.999839	 1.84835e-07	 0.000161186	1
35	0.685916857114523	241	35	   0.0486604	    0.323258	    0.999839	 1.84835e-07	 0.000161186	1
35	0.88385568757809	242	35	   0.0486604	    0.323258	    0.999839	 1.84835e-07	 0.000161186	1
36	-2.55203219639265	243	36	   -0.170744	    0.407924	   0.0211424	 1.53985e-47	    0.978858	3
36	-2.97491265977573	244	36	   -0.170744	    0.407924	   0.0211424	 1.53985e-47	    0.978858	3
36	-2.10414311786514	245	36	   -0.170744	    0.407924	   0.0211424	 1.53985e-47	    0.978858	3
36	-1.20353242155819	246	36	   -0.170744	    0.407924	   0.0211424	 1.53985e-47	    0.978858	3
36	-2.56443036881205	247	36	   -0.170744	    0.407924	   0.0211424	 1.53985e-47	    0.978858	3
36	-2.06089106705684	248	36	   -0.170744	    0.407924	   0.0211424	 1.53985e-47	    0.978858	3
36	-1.96315624298557	249	36	   -0.170744	    0.407924	   0.0211424	 1.53985e-47	    0.978858	3
36	-2.74192680167084	250	36	   -0.170744	    0.407924	   0.0211424	 1.53985e-47	    0.978858	3
36	-1.78429847782362	251	36	   -0.170744	    0.407924	   0.0211424	 1.53985e-47	    0.978858	3
36	-2.55697785648544	252	36	   -0.170744	    0.407924	   0.0211424	 1.53985e-47	    0.978858	3
37	3.85625854307221	253	37	    0.374618	    0.650006	     0.27365	     0.72635	 8.16222e-09	2
37	1.88730644576223	254	37	    0.374618	    0.650006	     0.27365	     0.72635	 8.16222e-09	2
37	1.41754931508978	255	37	    0.374618	    0.650006	     0.27365	     0.72635	 8.16222e-09	2
37	1.45737296742784	256	37	    0.374618	    0.650006	     0.27365	     0.72635	 8.16222e-09	2
38	2.22872832213358	257	38	     0.80989	    0.438717	    0.899673	    0.100326	 2.52825e-07	1
38	3.06941550162783	258	38	     0.80989	    0.438717	    0.899673	    0.100326	 2.52825e-07	1
38	0.0697397274521934	259	38	     0.80989	    0.438717	    0.899673	    0.100326	 2.52825e-07	1
38	0.998602529538713	260	38	     0.80989	    0.438717	    0.899673	    0.100326	 2.52825e-07	1
38	1.9043523484014	261	38	     0.80989	    0.438717	    0.899673	    0.100326	 2.52825e-07	1
38	0.351846015296876	262	38	     0.80989	    0.438717	    0.899673	    0.100326	 2.52825e-07	1
39	2.04940400150433	263	39	    0.227189	    0.666029	    0.106617	    0.893383	 7.40239e-15	2
39	2.60975987175778	264	39	    0.227189	    0.666029	    0.106617	    0.893383	 7.40239e-15	2
39	3.58736138602474	265	39	    0.227189	    0.666029	    0.106617	    0.893383	 7.40239e-15	2
39	1.29358367555032	266	39	    0.227189	    0.666029	    0.106617	    0.893383	 7.40239e-15	2
39	4.02945740248976	267	39	    0.227189	    0.666029	    0.106617	    0.893383	 7.40239e-15	2
39	3.90498065786602	268	39	    0.227189	    0.666029	    0.106617	    0.893383	 7.40239e-15	2
39	2.83086647500557	269	39	    0.227189	    0.666029	    0.106617	    0.893383	 7.40239e-15	2
39	2.2412449804805	270	39	    0.227189	    0.666029	    0.106617	    0.893383	 7.40239e-15	2
40	0.840090882612485	271	40	    0.320553	    0.643631	    0.205763	    0.794237	 4.16719e-12	2
40	1.85398944829023	272	40	    0.320553	    0.643631	    0.205763	    0.794237	 4.16719e-12	2
40	1.54534426955016	273	40	    0.320553	    0.643631	    0.205763	    0.794237	 4.16719e-12	2
40	1.48289183238298	274	40	    0.320553	    0.643631	    0.205763	    0.794237	 4.16719e-12	2
40	2.22999489457666	275	40	    0.320553	    0.643631	    0.205763	    0.794237	 4.16719e-12	2
40	2.16957184360286	276	40	    0.320553	    0.643631	    0.205763	    0.794237	 4.16719e-12	2
40	2.61516195270791	277	40	    0.320553	    0.643631	    0.205763	    0.794237	 4.16719e-12	2
40	1.95212929567089	278	40	    0.320553	    0.643631	    0.205763	    0.794237	 4.16719e-12	2
40	3.11666102605934	279	40	    0.320553	    0.643631	    0.205763	    0.794237	 4.16719e-12	2
40	3.21628645765556	280	40	    0.320553	    0.643631	    0.205763	    0.794237	 4.16719e-12	2
41	1.54521811889457	281	41	    0.248743	    0.622003	    0.146631	    0.853369	 1.85831e-10	2
41	3.55426659057504	282	41	    0.248743	    0.622003	    0.146631	    0.853369	 1.85831e-10	2
41	2.8734487198394	283	41	    0.248743	    0.622003	    0.146631	    0.853369	 1.85831e-10	2
41	2.37897359073599	284	41	    0.248743	    0.622003	    0.146631	    0.853369	 1.85831e-10	2
42	-2.27586552631574	285	42	   -0.306907	    0.404798	   0.0156952	 1.94059e-32	    0.984305	3
42	-2.66622805645987	286	42	   -0.306907	    0.404798	   0.0156952	 1.94059e-32	    0.984305	3
42	-2.26725463801597	287	42	   -0.306907	    0.404798	   0.0156952	 1.94059e-32	    0.984305	3
42	-3.81098598167042	288	42	   -0.306907	    0.404798	   0.0156952	 1.94059e-32	    0.984305	3
42	-2.64880057358341	289	42	   -0.306907	    0.404798	   0.0156952	 1.94059e-32	    0.984305	3
42	-1.55250374375658	290	42	   -0.306907	    0.404798	   0.0156952	 1.94059e-32	    0.984305	3
43	-2.82128810887185	291	43	  -0.0771058	    0.488329	   0.0379142	  2.2677e-35	    0.962086	3
43	-1.69994675945662	292	43	  -0.0771058	    0.488329	   0.0379142	  2.2677e-35	    0.962086	3
43	-2.498378226895	293	43	  -0.0771058	    0.488329	   0.0379142	  2.2677e-35	    0.962086	3
43	-0.08820545074644	294	43	  -0.0771058	    0.488329	   0.0379142	  2.2677e-35	    0.962086	3
43	-3.11201373840919	295	43	  -0.0771058	    0.488329	   0.0379142	  2.2677e-35	    0.962086	3
43	-0.780166250462727	296	43	  -0.0771058	    0.488329	   0.0379142	  2.2677e-35	    0.962086	3
43	-2.28650842431063	297	43	  -0.0771058	    0.488329	   0.0379142	  2.2677e-35	    0.962086	3
43	-3.28599559321625	298	43	  -0.0771058	    0.488329	   0.0379142	  2.2677e-35	    0.962086	3
44	2.08935689609753	299	44	    0.767841	    0.294712	    0.997709	  0.00229062	 1.15681e-07	1
44	1.3696300760879	300	44	    0.767841	    0.294712	    0.997709	  0.00229062	 1.15681e-07	1
44	0.0360919032198077	301	44	    0.767841	    0.294712	    0.997709	  0.00229062	 1.15681e-07	1
44	0.873401883263679	302	44	    0.767841	    0.294712	    0.997709	  0.00229062	 1.15681e-07	1
44	0.367749094703961	303	44	    0.767841	    0.294712	    0.997709	  0.00229062	 1.15681e-07	1
44	3.28411723717991	304	44	    0.767841	    0.294712	    0.997709	  0.00229062	 1.15681e-07	1
44	1.81408788194639	305	44	    0.767841	    0.294712	    0.997709	  0.00229062	 1.15681e-07	1
44	0.975075320791604	306	44	    0.767841	    0.294712	    0.997709	  0.00229062	 1.15681e-07	1
44	1.93308666609515	307	44	    0.767841	    0.294712	    0.997709	  0.00229062	 1.15681e-07	1
44	-0.623184538588081	308	44	    0.767841	    0.294712	    0.997709	  0.00229062	 1.15681e-07	1
45	-0.50149141479518	309	45	   -0.506057	    0.544808	    0.935247	 9.83812e-08	   0.0647528	1
45	1.20295576475029	310	45	   -0.506057	    0.544808	    0.935247	 9.83812e-08	   0.0647528	1
45	0.0407350057163206	311	45	   -0.506057	    0.544808	    0.935247	 9.83812e-08	   0.0647528	1
45	-2.52929725323964	312	45	   -0.506057	    0.544808	    0.935247	 9.83812e-08	   0.0647528	1
46	-2.07913941685024	313	46	   -0.212023	    0.437421	    0.023088	 3.77321e-30	    0.976912	3
46	-1.13455278826986	314	46	   -0.212023	    0.437421	    0.023088	 3.77321e-30	    0.976912	3
46	-1.92313630746595	315	46	   -0.212023	    0.437421	    0.023088	 3.77321e-30	    0.976912	3
46	-2.55816632493826	316	46	   -0.212023	    0.437421	    0.023088	 3.77321e-30	    0.976912	3
46	-3.95885350923386	317	46	   -0.212023	    0.437421	    0.023088	 3.77321e-30	    0.976912	3
46	-2.45953678234334	318	46	   -0.212023	    0.437421	    0.023088	 3.77321e-30	    0.976912	3
47	-1.23749007421575	319	47	   -0.668716	    0.791092	    0.805631	 1.44032e-18	    0.194369	1
47	-1.8300614370701	320	47	   -0.668716	    0.791092	    0.805631	 1.44032e-18	    0.194369	1
47	-1.39694501236565	321	47	   -0.668716	    0.791092	    0.805631	 1.44032e-18	    0.194369	1
47	1.19943696660702	322	47	   -0.668716	    0.791092	    0.805631	 1.44032e-18	    0.194369	1
47	-0.736855562583752	323	47	   -0.668716	    0.791092	    0.805631	 1.44032e-18	    0.194369	1
47	0.286039276121125	324	47	   -0.668716	    0.791092	    0.805631	 1.44032e-18	    0.194369	1
47	-1.94795096872884	325	47	   -0.668716	    0.791092	    0.805631	 1.44032e-18	    0.194369	1
47	-1.12177251428808	326	47	   -0.668716	    0.791092	    0.805631	 1.44032e-18	    0.194369	1
48	-2.32230612404041	327	48	   0.0497977	    0.720983	    0.119637	  4.4682e-36	    0.880363	3
48	-0.57102935408571	328	48	   0.0497977	    0.720983	    0.119637	  4.4682e-36	    0.880363	3
48	-1.29441793389418	329	48	   0.0497977	    0.720983	    0.119637	  4.4682e-36	    0.880363	3
48	-0.454052547818524	330	48	   0.0497977	    0.720983	    0.119637	  4.4682e-36	    0.880363	3
48	-0.345514562850038	331	48	   0.0497977	    0.720983	    0.119637	  4.4682e-36	    0.880363	3
48	-3.64140134237831	332	48	   0.0497977	    0.720983	    0.119637	  4.4682e-36	    0.880363	3
48	-2.83989018825613	333	48	   0.0497977	    0.720983	    0.119637	  4.4682e-36	    0.880363	3
48	-0.0273499894045939	334	48	   0.0497977	    0.720983	    0.119637	  4.4682e-36	    0.880363	3
48	-3.0495297633287	335	48	   0.0497977	    0.720983	    0.119637	  4.4682e-36	    0.880363	3
48	-2.0010936655088	336	48	   0.0497977	    0.720983	    0.119637	  4.4682e-36	    0.880363	3
49	0.0729466832796846	337	49	    0.343779	     0.42729	    0.994687	  0.00515878	 0.000153864	1
49	1.06869707969471	338	49	    0.343779	     0.42729	    0.994687	  0.00515878	 0.000153864	1
49	2.00272063310891	339	49	    0.343779	     0.42729	    0.994687	  0.00515878	 0.000153864	1
49	0.0551888474842696	340	49	    0.343779	     0.42729	    0.994687	  0.00515878	 0.000153864	1
50	-0.286227670466308	341	50	   -0.420157	    0.398334	    0.988924	  2.6564e-09	   0.0110764	1
50	-1.00846869361646	342	50	   -0.420157	    0.398334	    0.988924	  2.6564e-09	   0.0110764	1
50	-1.89259985990058	343	50	   -0.420157	    0.398334	    0.988924	  2.6564e-09	   0.0110764	1
50	1.65499848782926	344	50	   -0.420157	    0.398334	    0.988924	  2.6564e-09	   0.0110764	1
50	0.452365322297798	345	50	   -0.420157	    0.398334	    0.988924	  2.6564e-09	   0.0110764	1
50	-0.0538290653002101	346	50	   -0.420157	    0.398334	    0.988924	  2.6564e-09	   0.0110764	1
51	0.883843471221714	347	51	    -0.24986	    0.329359	    0.998377	  4.6065e-10	  0.00162267	1
51	-0.518221154061133	348	51	    -0.24986	    0.329359	    0.998377	  4.6065e-10	  0.00162267	1
51	-0.523204698975497	349	51	    -0.24986	    0.329359	    0.998377	  4.6065e-10	  0.00162267	1
51	1.01753028584174	350	51	    -0.24986	    0.329359	    0.998377	  4.6065e-10	  0.00162267	1
51	-1.40055731571091	351	51	    -0.24986	    0.329359	    0.998377	  4.6065e-10	  0.00162267	1
51	0.300459689743692	352	51	    -0.24986	    0.329359	    0.998377	  4.6065e-10	  0.00162267	1
51	-0.196250075297211	353	51	    -0.24986	    0.329359	    0.998377	  4.6065e-10	  0.00162267	1
51	0.83116569876002	354	51	    -0.24986	    0.329359	    0.998377	  4.6065e-10	  0.00162267	1
52	1.15013180752638	355	52	   0.0675101	    0.293075	    0.999924	 6.82222e-09	  7.5718e-05	1
52	1.19456623449518	356	52	   0.0675101	    0.293075	    0.999924	 6.82222e-09	  7.5718e-05	1
52	0.046822675420222	357	52	   0.0675101	    0.293075	    0.999924	 6.82222e-09	  7.5718e-05	1
52	-0.146382892581606	358	52	   0.0675101	    0.293075	    0.999924	 6.82222e-09	  7.5718e-05	1
52	1.49202314634412	359	52	   0.0675101	    0.293075	    0.999924	 6.82222e-09	  7.5718e-05	1
52	-1.70988548645202	360	52	   0.0675101	    0.293075	    0.999924	 6.82222e-09	  7.5718e-05	1
52	1.26004617024718	361	52	   0.0675101	    0.293075	    0.999924	 6.82222e-09	  7.5718e-05	1
52	2.10206739414263	362	52	   0.0675101	    0.293075	    0.999924	 6.82222e-09	  7.5718e-05	1
52	-0.338213653183327	363	52	   0.0675101	    0.293075	    0.999924	 6.82222e-09	  7.5718e-05	1
52	-0.862976456618874	364	52	   0.0675101	    0.293075	    0.999924	 6.82222e-09	  7.5718e-05	1
53	-2.97895087546092	365	53	   -0.094964	    0.579215	   0.0696141	 9.82986e-18	    0.930386	3
53	-2.7230510652444	366	53	   -0.094964	    0.579215	   0.0696141	 9.82986e-18	    0.930386	3
53	-0.284263190754227	367	53	   -0.094964	    0.579215	   0.0696141	 9.82986e-18	    0.930386	3
53	-2.05849684356917	368	53	   -0.094964	    0.579215	   0.0696141	 9.82986e-18	    0.930386	3
54	-0.353625158105539	369	54	   -0.170038	    0.457702	   0.0281479	 4.37427e-29	    0.971852	3
54	-2.73855144418081	370	54	   -0.170038	    0.457702	   0.0281479	 4.37427e-29	    0.971852	3
54	-1.89586095738513	371	54	   -0.170038	    0.457702	   0.0281479	 4.37427e-29	    0.971852	3
54	-2.48987334080566	372	54	   -0.170038	    0.457702	   0.0281479	 4.37427e-29	    0.971852	3
54	-2.87372613906925	373	54	   -0.170038	    0.457702	   0.0281479	 4.37427e-29	    0.971852	3
54	-3.23691624835401	374	54	   -0.170038	    0.457702	   0.0281479	 4.37427e-29	    0.971852	3
55	-0.952832957684575	375	55	   -0.519449	    0.942829	    0.650505	 1.51497e-20	    0.349495	1
55	-1.27141372084717	376	55	   -0.519449	    0.942829	    0.650505	 1.51497e-20	    0.349495	1
55	0.0841169802691516	377	55	   -0.519449	    0.942829	    0.650505	 1.51497e-20	    0.349495	1
55	-1.84878983176144	378	55	   -0.519449	    0.942829	    0.650505	 1.51497e-20	    0.349495	1
55	-2.48835196582247	379	55	   -0.519449	    0.942829	    0.650505	 1.51497e-20	    0.349495	1
55	-1.20246789614151	380	55	   -0.519449	    0.942829	    0.650505	 1.51497e-20	    0.349495	1
55	-0.342761671295952	381	55	   -0.519449	    0.942829	    0.650505	 1.51497e-20	    0.349495	1
55	-0.131206676688826	382	55	   -0.519449	    0.942829	    0.650505	 1.51497e-20	    0.349495	1
56	-1.54479245594145	383	56	   -0.590999	    0.936853	    0.699063	 5.59201e-25	    0.300937	1
56	1.40274252472936	384	56	   -0.590999	    0.936853	    0.699063	 5.59201e-25	    0.300937	1
56	-1.05634064382466	385	56	   -0.590999	    0.936853	    0.699063	 5.59201e-25	    0.300937	1
56	-1.27231591265087	386	56	   -0.590999	    0.936853	    0.699063	 5.59201e-25	    0.300937	1
56	-1.16309824775992	387	56	   -0.590999	    0.936853	    0.699063	 5.59201e-25	    0.300937	1
56	-0.86458969339416	388	56	   -0.590999	    0.936853	    0.699063	 5.59201e-25	    0.300937	1
56	-0.226166076865698	389	56	   -0.590999	    0.936853	    0.699063	 5.59201e-25	    0.300937	1
56	-1.36345498628962	390	56	   -0.590999	    0.936853	    0.699063	 5.59201e-25	    0.300937	1
56	-1.09817139886546	391	56	   -0.590999	    0.936853	    0.699063	 5.59201e-25	    0.300937	1
56	-2.67729562533119	392	56	   -0.590999	    0.936853	    0.699063	 5.59201e-25	    0.300937	1
57	1.06972644932184	393	57	  -0.0287285	    0.430931	    0.997704	 0.000122994	  0.00217271	1
57	-0.810063280784772	394	57	  -0.0287285	    0.430931	    0.997704	 0.000122994	  0.00217271	1
57	-0.194736633292286	395	57	  -0.0287285	    0.430931	    0.997704	 0.000122994	  0.00217271	1
57	1.14013411577071	396	57	  -0.0287285	    0.430931	    0.997704	 0.000122994	  0.00217271	1
58	-1.94282851245928	397	58	   -0.106509	    0.878836	    0.271747	 1.88383e-19	    0.728253	3
58	-2.09644552855891	398	58	   -0.106509	    0.878836	    0.271747	 1.88383e-19	    0.728253	3
58	-0.523274424859658	399	58	   -0.106509	    0.878836	    0.271747	 1.88383e-19	    0.728253	3
58	-1.02732734684717	400	58	   -0.106509	    0.878836	    0.271747	 1.88383e-19	    0.728253	3
58	-1.09989510214753	401	58	   -0.106509	    0.878836	    0.271747	 1.88383e-19	    0.728253	3
58	-1.78102885801596	402	58	   -0.106509	    0.878836	    0.271747	 1.88383e-19	    0.728253	3
59	-0.622619616074179	403	59	    0.791922	     0.33341	    0.986706	   0.0132938	 1.98807e-07	1
59	1.54248834341379	404	59	    0.791922	     0.33341	    0.986706	   0.0132938	 1.98807e-07	1
59	1.79900043361176	405	59	    0.791922	     0.33341	    0.986706	   0.0132938	 1.98807e-07	1
59	1.02929734382107	406	59	    0.791922	     0.33341	    0.986706	   0.0132938	 1.98807e-07	1
59	1.22558910424767	407	59	    0.791922	     0.33341	    0.986706	   0.0132938	 1.98807e-07	1
59	2.31738627748987	408	59	    0.791922	     0.33341	    0.986706	   0.0132938	 1.98807e-07	1
59	0.882997035794611	409	59	    0.791922	     0.33341	    0.986706	   0.0132938	 1.98807e-07	1
59	2.02719741843845	410	59	    0.791922	     0.33341	    0.986706	   0.0132938	 1.98807e-07	1
60	1.07864427864218	411	60	    0.976917	    0.447268	    0.884825	    0.115175	 3.11722e-09	1
60	1.32837356663034	412	60	    0.976917	    0.447268	    0.884825	    0.115175	 3.11722e-09	1
60	-0.116274258742604	413	60	    0.976917	    0.447268	    0.884825	    0.115175	 3.11722e-09	1
60	1.63011280319138	414	60	    0.976917	    0.447268	    0.884825	    0.115175	 3.11722e-09	1
60	3.18980469795209	415	60	    0.976917	    0.447268	    0.884825	    0.115175	 3.11722e-09	1
60	1.4370369219263	416	60	    0.976917	    0.447268	    0.884825	    0.115175	 3.11722e-09	1
60	1.59324943918468	417	60	    0.976917	    0.447268	    0.884825	    0.115175	 3.11722e-09	1
60	2.27065549262976	418	60	    0.976917	    0.447268	    0.884825	    0.115175	 3.11722e-09	1
60	0.72488002291204	419	60	    0.976917	    0.447268	    0.884825	    0.115175	 3.11722e-09	1
60	2.7607622512794	420	60	    0.976917	    0.447268	    0.884825	    0.115175	 3.11722e-09	1
61	-2.28962955003792	421	61	   -0.375499	    0.871757	     0.55133	 3.57018e-11	     0.44867	1
61	0.165058681390263	422	61	   -0.375499	    0.871757	     0.55133	 3.57018e-11	     0.44867	1
61	-1.3146127090333	423	61	   -0.375499	    0.871757	     0.55133	 3.57018e-11	     0.44867	1
61	-0.89509778086594	424	61	   -0.375499	    0.871757	     0.55133	 3.57018e-11	     0.44867	1
62	-1.28520178241737	425	62	   -0.326004	    0.381414	    0.994357	 1.65831e-08	  0.00564321	1
62	0.803387320813478	426	62	   -0.326004	    0.381414	    0.994357	 1.65831e-08	  0.00564321	1
62	0.479021948261372	427	62	   -0.326004	    0.381414	    0.994357	 1.65831e-08	  0.00564321	1
62	0.147315794234689	428	62	   -0.326004	    0.381414	    0.994357	 1.65831e-08	  0.00564321	1
62	-0.650903960053784	429	62	   -0.326004	    0.381414	    0.994357	 1.65831e-08	  0.00564321	1
62	0.122144678670568	430	62	   -0.326004	    0.381414	    0.994357	 1.65831e-08	  0.00564321	1
63	-0.986092878967285	431	63	  -0.0328339	    0.533893	   0.0507265	 1.01075e-33	    0.949273	3
63	-1.13395382562924	432	63	  -0.0328339	    0.533893	   0.0507265	 1.01075e-33	    0.949273	3
63	-1.88355068471731	433	63	  -0.0328339	    0.533893	   0.0507265	 1.01075e-33	    0.949273	3
63	-2.07634432399615	434	63	  -0.0328339	    0.533893	   0.0507265	 1.01075e-33	    0.949273	3
63	-1.9516552234599	435	63	  -0.0328339	    0.533893	   0.0507265	 1.01075e-33	    0.949273	3
63	-3.05797346419219	436	63	  -0.0328339	    0.533893	   0.0507265	 1.01075e-33	    0.949273	3
63	-1.28416434607223	437	63	  -0.0328339	    0.533893	   0.0507265	 1.01075e-33	    0.949273	3
63	-3.35151942689476	438	63	  -0.0328339	    0.533893	   0.0507265	 1.01075e-33	    0.949273	3
64	1.67816202148969	439	64	    0.204952	    0.631746	   0.0970552	    0.902945	 1.88271e-15	2
64	2.49415591041741	440	64	    0.204952	    0.631746	   0.0970552	    0.902945	 1.88271e-15	2
64	2.75989135146096	441	64	    0.204952	    0.631746	   0.0970552	    0.902945	 1.88271e-15	2
64	1.48393371848389	442	64	    0.204952	    0.631746	   0.0970552	    0.902945	 1.88271e-15	2
64	3.75469755852577	443	64	    0.204952	    0.631746	   0.0970552	    0.902945	 1.88271e-15	2
64	1.22869514935093	444	64	    0.204952	    0.631746	   0.0970552	    0.902945	 1.88271e-15	2
64	4.52345165665241	445	64	    0.204952	    0.631746	   0.0970552	    0.902945	 1.88271e-15	2
64	2.86781949481994	446	64	    0.204952	    0.631746	   0.0970552	    0.902945	 1.88271e-15	2
64	1.77704036984214	447	64	    0.204952	    0.631746	   0.0970552	    0.902945	 1.88271e-15	2
64	4.70962306733354	448	64	    0.204952	    0.631746	   0.0970552	    0.902945	 1.88271e-15	2
65	1.91200180578095	449	65	    0.423512	    0.926265	    0.178522	    0.821478	 1.74423e-13	2
65	3.33179745528037	450	65	    0.423512	    0.926265	    0.178522	    0.821478	 1.74423e-13	2
65	4.19824991348932	451	65	    0.423512	    0.926265	    0.178522	    0.821478	 1.74423e-13	2
65	4.48833306327232	452	65	    0.423512	    0.926265	    0.178522	    0.821478	 1.74423e-13	2
66	-0.374286100952354	453	66	  -0.0131882	    0.713232	    0.130517	 2.66735e-22	    0.869483	3
66	-2.23685272961685	454	66	  -0.0131882	    0.713232	    0.130517	 2.66735e-22	    0.869483	3
66	-1.35607947849514	455	66	  -0.0131882	    0.713232	    0.130517	 2.66735e-22	    0.869483	3
66	-2.38588920260363	456	66	  -0.0131882	    0.713232	    0.130517	 2.66735e-22	    0.869483	3
66	-1.90523568202761	457	66	  -0.0131882	    0.713232	    0.130517	 2.66735e-22	    0.869483	3
66	-1.81216809038133	458	66	  -0.0131882	    0.713232	    0.130517	 2.66735e-22	    0.869483	3
67	-2.88458163010612	459	67	   0.0237035	    0.717951	     0.12373	 3.51707e-29	     0.87627	3
67	-0.796417538853983	460	67	   0.0237035	    0.717951	     0.12373	 3.51707e-29	     0.87627	3
67	-1.18738337224664	461	67	   0.0237035	    0.717951	     0.12373	 3.51707e-29	     0.87627	3
67	-2.37878252757682	462	67	   0.0237035	    0.717951	     0.12373	 3.51707e-29	     0.87627	3
67	-0.429445753710059	463	67	   0.0237035	    0.717951	     0.12373	 3.51707e-29	     0.87627	3
67	-1.97649957492071	464	67	   0.0237035	    0.717951	     0.12373	 3.51707e-29	     0.87627	3
67	-1.54207529995796	465	67	   0.0237035	    0.717951	     0.12373	 3.51707e-29	     0.87627	3
67	-2.11237835364336	466	67	   0.0237035	    0.717951	     0.12373	 3.51707e-29	     0.87627	3
68	-4.03138780380952	467	68	    -1.05091	    0.300143	  0.00375165	 1.88337e-76	    0.996248	3
68	-4.07571078796788	468	68	    -1.05091	    0.300143	  0.00375165	 1.88337e-76	    0.996248	3
68	-3.226618974226	469	68	    -1.05091	    0.300143	  0.00375165	 1.88337e-76	    0.996248	3
68	-3.19500958071727	470	68	    -1.05091	    0.300143	  0.00375165	 1.88337e-76	    0.996248	3
68	-3.0151166994829	471	68	    -1.05091	    0.300143	  0.00375165	 1.88337e-76	    0.996248	3
68	-2.84391031749586	472	68	    -1.05091	    0.300143	  0.00375165	 1.88337e-76	    0.996248	3
68	-4.08661926850707	473	68	    -1.05091	    0.300143	  0.00375165	 1.88337e-76	    0.996248	3
68	-5.30932985402911	474	68	    -1.05091	    0.300143	  0.00375165	 1.88337e-76	    0.996248	3
68	-2.50419555379786	475	68	    -1.05091	    0.300143	  0.00375165	 1.88337e-76	    0.996248	3
68	-3.17791904130829	476	68	    -1.05091	    0.300143	  0.00375165	 1.88337e-76	    0.996248	3
69	3.01293826997342	477	69	    0.266012	    0.624096	    0.164488	    0.835512	 4.55897e-10	2
69	1.9858251598152	478	69	    0.266012	    0.624096	    0.164488	    0.835512	 4.55897e-10	2
69	1.41987613280564	479	69	    0.266012	    0.624096	    0.164488	    0.835512	 4.55897e-10	2
69	3.51411526646039	480	69	    0.266012	    0.624096	    0.164488	    0.835512	 4.55897e-10	2
70	-0.252334742779994	481	70	   -0.481422	    0.417623	     0.98257	 7.07021e-10	   0.0174296	1
70	1.70631903643401	482	70	   -0.481422	    0.417623	     0.98257	 7.07021e-10	   0.0174296	1
70	0.346192380014082	483	70	   -0.481422	    0.417623	     0.98257	 7.07021e-10	   0.0174296	1
70	-1.00593531991593	484	70	   -0.481422	    0.417623	     0.98257	 7.07021e-10	   0.0174296	1
70	-1.25958952650869	485	70	   -0.481422	    0.417623	     0.98257	 7.07021e-10	   0.0174296	1
70	-1.18984314612372	486	70	   -0.481422	    0.417623	     0.98257	 7.07021e-10	   0.0174296	1
71	0.955118115665788	487	71	   -0.330455	    0.335054	    0.997046	 7.58408e-11	  0.00295404	1
71	-0.929660965128143	488	71	   -0.330455	    0.335054	    0.997046	 7.58408e-11	  0.00295404	1
71	0.7896920545393	489	71	   -0.330455	    0.335054	    0.997046	 7.58408e-11	  0.00295404	1
71	-2.23050971375632	490	71	   -0.330455	    0.335054	    0.997046	 7.58408e-11	  0.00295404	1
71	-0.111221624526114	491	71	   -0.330455	    0.335054	    0.997046	 7.58408e-11	  0.00295404	1
71	0.450682713978676	492	71	   -0.330455	    0.335054	    0.997046	 7.58408e-11	  0.00295404	1
71	1.8549061744908	493	71	   -0.330455	    0.335054	    0.997046	 7.58408e-11	  0.00295404	1
71	-1.15428148048934	494	71	   -0.330455	    0.335054	    0.997046	 7.58408e-11	  0.00295404	1
72	-1.84352662092992	495	72	  -0.0599366	    0.476413	   0.0359021	 1.47994e-43	    0.964098	3
72	-1.73572782538473	496	72	  -0.0599366	    0.476413	   0.0359021	 1.47994e-43	    0.964098	3
72	-2.38789343364893	497	72	  -0.0599366	    0.476413	   0.0359021	 1.47994e-43	    0.964098	3
72	-1.27313893069206	498	72	  -0.0599366	    0.476413	   0.0359021	 1.47994e-43	    0.964098	3
72	-3.06292183009974	499	72	  -0.0599366	    0.476413	   0.0359021	 1.47994e-43	    0.964098	3
72	-2.66106530132742	500	72	  -0.0599366	    0.476413	   0.0359021	 1.47994e-43	    0.964098	3
72	-2.60919749177593	501	72	  -0.0599366	    0.476413	   0.0359021	 1.47994e-43	    0.964098	3
72	-1.37172904995685	502	72	  -0.0599366	    0.476413	   0.0359021	 1.47994e-43	    0.964098	3
72	-1.23594097489952	503	72	  -0.0599366	    0.476413	   0.0359021	 1.47994e-43	    0.964098	3
72	-2.32444080084581	504	72	  -0.0599366	    0.476413	   0.0359021	 1.47994e-43	    0.964098	3
73	0.51971632510441	505	73	    0.270009	    0.427501	    0.997119	  0.00261403	 0.000266776	1
73	-0.14793390842272	506	73	    0.270009	    0.427501	    0.997119	  0.00261403	 0.000266776	1
73	1.97431603900682	507	73	    0.270009	    0.427501	    0.997119	  0.00261403	 0.000266776	1
73	0.456540469133693	508	73	    0.270009	    0.427501	    0.997119	  0.00261403	 0.000266776	1
74	1.43933550211019	509	74	    0.815435	    0.469741	    0.862165	    0.137835	 1.57975e-07	1
74	1.5878618017662	510	74	    0.815435	    0.469741	    0.862165	    0.137835	 1.57975e-07	1
74	1.67045873770337	511	74	    0.815435	    0.469741	    0.862165	    0.137835	 1.57975e-07	1
74	3.31380427420989	512	74	    0.815435	    0.469741	    0.862165	    0.137835	 1.57975e-07	1
74	1.24770500573286	513	74	    0.815435	    0.469741	    0.862165	    0.137835	 1.57975e-07	1
74	-0.303902182677087	514	74	    0.815435	    0.469741	    0.862165	    0.137835	 1.57975e-07	1
75	1.4359428338719	515	75	     0.12948	    0.322945	    0.999916	   7.987e-07	 8.36303e-05	1
75	1.49932220023703	516	75	     0.12948	    0.322945	    0.999916	   7.987e-07	 8.36303e-05	1
75	2.1828205970149	517	75	     0.12948	    0.322945	    0.999916	   7.987e-07	 8.36303e-05	1
75	-0.847927501684068	518	75	     0.12948	    0.322945	    0.999916	   7.987e-07	 8.36303e-05	1
75	0.00480860654570825	519	75	     0.12948	    0.322945	    0.999916	   7.987e-07	 8.36303e-05	1
75	0.199089970157631	520	75	     0.12948	    0.322945	    0.999916	   7.987e-07	 8.36303e-05	1
75	-0.523400288869712	521	75	     0.12948	    0.322945	    0.999916	   7.987e-07	 8.36303e-05	1
75	-0.00652843257790814	522	75	     0.12948	    0.322945	    0.999916	   7.987e-07	 8.36303e-05	1
76	-3.02634316554774	523	76	   0.0505907	    0.699586	    0.109857	 1.45769e-36	    0.890143	3
76	-3.10632237531321	524	76	   0.0505907	    0.699586	    0.109857	 1.45769e-36	    0.890143	3
76	-2.63635955101277	525	76	   0.0505907	    0.699586	    0.109857	 1.45769e-36	    0.890143	3
76	-1.51170160260591	526	76	   0.0505907	    0.699586	    0.109857	 1.45769e-36	    0.890143	3
76	-2.93352522541294	527	76	   0.0505907	    0.699586	    0.109857	 1.45769e-36	    0.890143	3
76	-0.294444695714632	528	76	   0.0505907	    0.699586	    0.109857	 1.45769e-36	    0.890143	3
76	-0.96298326939856	529	76	   0.0505907	    0.699586	    0.109857	 1.45769e-36	    0.890143	3
76	-1.81657828005534	530	76	   0.0505907	    0.699586	    0.109857	 1.45769e-36	    0.890143	3
76	-1.36055524209375	531	76	   0.0505907	    0.699586	    0.109857	 1.45769e-36	    0.890143	3
76	0.835332637514177	532	76	   0.0505907	    0.699586	    0.109857	 1.45769e-36	    0.890143	3
77	-0.987360833768958	533	77	   -0.496494	    0.534911	    0.941142	 1.27678e-07	   0.0588583	1
77	-0.278997613471608	534	77	   -0.496494	    0.534911	    0.941142	 1.27678e-07	   0.0588583	1
77	0.758983195724106	535	77	   -0.496494	    0.534911	    0.941142	 1.27678e-07	   0.0588583	1
77	-1.18352463651659	536	77	   -0.496494	    0.534911	    0.941142	 1.27678e-07	   0.0588583	1
78	-2.87136855041747	537	78	   -0.399698	    0.383939	   0.0114371	 1.31688e-34	    0.988563	3
78	-3.6836766749504	538	78	   -0.399698	    0.383939	   0.0114371	 1.31688e-34	    0.988563	3
78	-2.54052314606281	539	78	   -0.399698	    0.383939	   0.0114371	 1.31688e-34	    0.988563	3
78	-2.84686182552189	540	78	   -0.399698	    0.383939	   0.0114371	 1.31688e-34	    0.988563	3
78	-2.17296736702065	541	78	   -0.399698	    0.383939	   0.0114371	 1.31688e-34	    0.988563	3
78	-2.13215437974481	542	78	   -0.399698	    0.383939	   0.0114371	 1.31688e-34	    0.988563	3
79	-2.96596334241657	543	79	   -0.108647	    0.464253	   0.0318248	 2.02933e-36	    0.968175	3
79	-3.37674270528262	544	79	   -0.108647	    0.464253	   0.0318248	 2.02933e-36	    0.968175	3
79	-0.51989524430359	545	79	   -0.108647	    0.464253	   0.0318248	 2.02933e-36	    0.968175	3
79	-1.84733997509685	546	79	   -0.108647	    0.464253	   0.0318248	 2.02933e-36	    0.968175	3
79	-3.58680100524416	547	79	   -0.108647	    0.464253	   0.0318248	 2.02933e-36	    0.968175	3
79	-2.20257036234035	548	79	   -0.108647	    0.464253	   0.0318248	 2.02933e-36	    0.968175	3
79	-1.14076702140641	549	79	   -0.108647	    0.464253	   0.0318248	 2.02933e-36	    0.968175	3
79	-1.46355445670422	550	79	   -0.108647	    0.464253	   0.0318248	 2.02933e-36	    0.968175	3
80	-3.19802473296978	551	80	   -0.156657	    0.414565	   0.0224382	 4.64632e-47	    0.977562	3
80	-3.70459208183831	552	80	   -0.156657	    0.414565	   0.0224382	 4.64632e-47	    0.977562	3
80	-1.19001733283449	553	80	   -0.156657	    0.414565	   0.0224382	 4.64632e-47	    0.977562	3
80	-3.40308966445527	554	80	   -0.156657	    0.414565	   0.0224382	 4.64632e-47	    0.977562	3
80	-1.91896029417827	555	80	   -0.156657	    0.414565	   0.0224382	 4.64632e-47	    0.977562	3
80	-2.9583902086	556	80	   -0.156657	    0.414565	   0.0224382	 4.64632e-47	    0.977562	3
80	-1.1020352282523	557	80	   -0.156657	    0.414565	   0.0224382	 4.64632e-47	    0.977562	3
80	-1.97257141075718	558	80	   -0.156657	    0.414565	   0.0224382	 4.64632e-47	    0.977562	3
80	-1.34086933958143	559	80	   -0.156657	    0.414565	   0.0224382	 4.64632e-47	    0.977562	3
80	-1.48025717013741	560	80	   -0.156657	    0.414565	   0.0224382	 4.64632e-47	    0.977562	3
81	0.353824163101354	561	81	    0.690944	    0.505771	    0.817807	     0.18219	 2.49983e-06	1
81	2.10063133599063	562	81	    0.690944	    0.505771	    0.817807	     0.18219	 2.49983e-06	1
81	1.87150592629991	563	81	    0.690944	    0.505771	    0.817807	     0.18219	 2.49983e-06	1
81	1.51786992794663	564	81	    0.690944	    0.505771	    0.817807	     0.18219	 2.49983e-06	1
82	1.63016129450203	565	82	    0.538704	    0.673785	    0.421643	    0.578357	 3.01144e-09	2
82	3.55336657731739	566	82	    0.538704	    0.673785	    0.421643	    0.578357	 3.01144e-09	2
82	2.18107368759834	567	82	    0.538704	    0.673785	    0.421643	    0.578357	 3.01144e-09	2
82	1.2310301747819	568	82	    0.538704	    0.673785	    0.421643	    0.578357	 3.01144e-09	2
82	0.22154344278951	569	82	    0.538704	    0.673785	    0.421643	    0.578357	 3.01144e-09	2
82	2.55850128047188	570	82	    0.538704	    0.673785	    0.421643	    0.578357	 3.01144e-09	2
83	-1.38024725554341	571	83	  -0.0103847	    0.566687	   0.0610683	 1.00958e-32	    0.938932	3
83	-1.26770427247106	572	83	  -0.0103847	    0.566687	   0.0610683	 1.00958e-32	    0.938932	3
83	-1.09517374216795	573	83	  -0.0103847	    0.566687	   0.0610683	 1.00958e-32	    0.938932	3
83	-2.30725010190231	574	83	  -0.0103847	    0.566687	   0.0610683	 1.00958e-32	    0.938932	3
83	-2.96684490434289	575	83	  -0.0103847	    0.566687	   0.0610683	 1.00958e-32	    0.938932	3
83	-3.43817072977707	576	83	  -0.0103847	    0.566687	   0.0610683	 1.00958e-32	    0.938932	3
83	-0.445374696386265	577	83	  -0.0103847	    0.566687	   0.0610683	 1.00958e-32	    0.938932	3
83	-2.30359013794054	578	83	  -0.0103847	    0.566687	   0.0610683	 1.00958e-32	    0.938932	3
84	1.19430287267823	579	84	   -0.704589	    0.459958	    0.962238	 7.73656e-19	   0.0377621	1
84	0.707676733969959	580	84	   -0.704589	    0.459958	    0.962238	 7.73656e-19	   0.0377621	1
84	-0.936494409876298	581	84	   -0.704589	    0.459958	    0.962238	 7.73656e-19	   0.0377621	1
84	-1.2561389082193	582	84	   -0.704589	    0.459958	    0.962238	 7.73656e-19	   0.0377621	1
84	1.31061922373268	583	84	   -0.704589	    0.459958	    0.962238	 7.73656e-19	   0.0377621	1
84	-1.11959920839674	584	84	   -0.704589	    0.459958	    0.962238	 7.73656e-19	   0.0377621	1
84	-1.9041556586968	585	84	   -0.704589	    0.459958	    0.962238	 7.73656e-19	   0.0377621	1
84	-0.489585567300909	586	84	   -0.704589	    0.459958	    0.962238	 7.73656e-19	   0.0377621	1
84	-2.25940037906109	587	84	   -0.704589	    0.459958	    0.962238	 7.73656e-19	   0.0377621	1
84	-0.573254462328912	588	84	   -0.704589	    0.459958	    0.962238	 7.73656e-19	   0.0377621	1
85	2.62750603337461	589	85	    0.666359	    0.464029	     0.89588	    0.104113	 6.29621e-06	1
85	1.26458095344278	590	85	    0.666359	    0.464029	     0.89588	    0.104113	 6.29621e-06	1
85	0.582979857545373	591	85	    0.666359	    0.464029	     0.89588	    0.104113	 6.29621e-06	1
85	0.833648999143124	592	85	    0.666359	    0.464029	     0.89588	    0.104113	 6.29621e-06	1
86	1.59666544309386	593	86	    0.712622	    0.377207	     0.97514	   0.0248587	 1.29194e-06	1
86	1.72861647367318	594	86	    0.712622	    0.377207	     0.97514	   0.0248587	 1.29194e-06	1
86	1.34661855126934	595	86	    0.712622	    0.377207	     0.97514	   0.0248587	 1.29194e-06	1
86	0.393904269756894	596	86	    0.712622	    0.377207	     0.97514	   0.0248587	 1.29194e-06	1
86	1.89206859509814	597	86	    0.712622	    0.377207	     0.97514	   0.0248587	 1.29194e-06	1
86	0.429053388927895	598	86	    0.712622	    0.377207	     0.97514	   0.0248587	 1.29194e-06	1
87	-0.626295551751787	599	87	   -0.219422	     0.32795	    0.998708	 8.89279e-10	  0.00129152	1
87	-0.0219957518527306	600	87	   -0.219422	     0.32795	    0.998708	 8.89279e-10	  0.00129152	1
87	-0.0616035953393005	601	87	   -0.219422	     0.32795	    0.998708	 8.89279e-10	  0.00129152	1
87	-0.29804077508734	602	87	   -0.219422	     0.32795	    0.998708	 8.89279e-10	  0.00129152	1
87	0.594834247096716	603	87	   -0.219422	     0.32795	    0.998708	 8.89279e-10	  0.00129152	1
87	-0.0563756296143348	604	87	   -0.219422	     0.32795	    0.998708	 8.89279e-10	  0.00129152	1
87	0.799143931357157	605	87	   -0.219422	     0.32795	    0.998708	 8.89279e-10	  0.00129152	1
87	0.353176739795132	606	87	   -0.219422	     0.32795	    0.998708	 8.89279e-10	  0.00129152	1
88	-2.15205815461788	607	88	   -0.136232	    0.983535	    0.331982	 2.55482e-30	    0.668018	3
88	-2.4141310781776	608	88	   -0.136232	    0.983535	    0.331982	 2.55482e-30	    0.668018	3
88	-2.06455406832195	609	88	   -0.136232	    0.983535	    0.331982	 2.55482e-30	    0.668018	3
88	-1.06300390944262	610	88	   -0.136232	    0.983535	    0.331982	 2.55482e-30	    0.668018	3
88	-1.57659313871817	611	88	   -0.136232	    0.983535	    0.331982	 2.55482e-30	    0.668018	3
88	0.298865454605971	612	88	   -0.136232	    0.983535	    0.331982	 2.55482e-30	    0.668018	3
88	-1.0960901512831	613	88	   -0.136232	    0.983535	    0.331982	 2.55482e-30	    0.668018	3
88	-0.874661479351729	614	88	   -0.136232	    0.983535	    0.331982	 2.55482e-30	    0.668018	3
88	-1.4338493076642	615	88	   -0.136232	    0.983535	    0.331982	 2.55482e-30	    0.668018	3
88	-0.87636338110547	616	88	   -0.136232	    0.983535	    0.331982	 2.55482e-30	    0.668018	3
89	-0.0663827231271625	617	89	    0.553816	    0.432645	    0.967111	   0.0328628	 2.66279e-05	1
89	1.12985077375063	618	89	    0.553816	    0.432645	    0.967111	   0.0328628	 2.66279e-05	1
89	1.91718980849119	619	89	    0.553816	    0.432645	    0.967111	   0.0328628	 2.66279e-05	1
89	1.42178202468058	620	89	    0.553816	    0.432645	    0.967111	   0.0328628	 2.66279e-05	1
90	-0.613168536701743	621	90	  -0.0824968	    0.856447	    0.244719	 7.32658e-20	    0.755281	3
90	-1.31565233370796	622	90	  -0.0824968	    0.856447	    0.244719	 7.32658e-20	    0.755281	3
90	-1.46070799493803	623	90	  -0.0824968	    0.856447	    0.244719	 7.32658e-20	    0.755281	3
90	-1.94043832650085	624	90	  -0.0824968	    0.856447	    0.244719	 7.32658e-20	    0.755281	3
90	-2.7579336437119	625	90	  -0.0824968	    0.856447	    0.244719	 7.32658e-20	    0.755281	3
90	-0.619698114474481	626	90	  -0.0824968	    0.856447	    0.244719	 7.32658e-20	    0.755281	3
91	-1.69135139650262	627	91	   -0.285027	     0.99475	    0.449562	 6.98068e-23	    0.550438	3
91	-2.00314703397599	628	91	   -0.285027	     0.99475	    0.449562	 6.98068e-23	    0.550438	3
91	-2.83323799668407	629	91	   -0.285027	     0.99475	    0.449562	 6.98068e-23	    0.550438	3
91	-0.654646704141033	630	91	   -0.285027	     0.99475	    0.449562	 6.98068e-23	    0.550438	3
91	-1.22339709521053	631	91	   -0.285027	     0.99475	    0.449562	 6.98068e-23	    0.550438	3
91	-1.05500139699184	632	91	   -0.285027	     0.99475	    0.449562	 6.98068e-23	    0.550438	3
91	-0.0868095645689013	633	91	   -0.285027	     0.99475	    0.449562	 6.98068e-23	    0.550438	3
91	-0.109650278299797	634	91	   -0.285027	     0.99475	    0.449562	 6.98068e-23	    0.550438	3
92	-1.36553387999745	635	92	    -0.27981	    0.299153	    0.998763	 1.41982e-12	   0.0012365	1
92	-2.00881631613191	636	92	    -0.27981	    0.299153	    0.998763	 1.41982e-12	   0.0012365	1
92	0.434960226518151	637	92	    -0.27981	    0.299153	    0.998763	 1.41982e-12	   0.0012365	1
92	0.11500707302955	638	92	    -0.27981	    0.299153	    0.998763	 1.41982e-12	   0.0012365	1
92	0.833914952729089	639	92	    -0.27981	    0.299153	    0.998763	 1.41982e-12	   0.0012365	1
92	0.744173291333744	640	92	    -0.27981	    0.299153	    0.998763	 1.41982e-12	   0.0012365	1
92	0.415127635605804	641	92	    -0.27981	    0.299153	    0.998763	 1.41982e-12	   0.0012365	1
92	0.304751836642483	642	92	    -0.27981	    0.299153	    0.998763	 1.41982e-12	   0.0012365	1
92	-1.72714150462101	643	92	    -0.27981	    0.299153	    0.998763	 1.41982e-12	   0.0012365	1
92	2.49581074718211	644	92	    -0.27981	    0.299153	    0.998763	 1.41982e-12	   0.0012365	1
93	-4.12869260926449	645	93	   -0.617624	    0.390619	  0.00723063	 1.66296e-28	    0.992769	3
93	-2.18955058583015	646	93	   -0.617624	    0.390619	  0.00723063	 1.66296e-28	    0.992769	3
93	-3.39825977404118	647	93	   -0.617624	    0.390619	  0.00723063	 1.66296e-28	    0.992769	3
93	-3.47623296270553	648	93	   -0.617624	    0.390619	  0.00723063	 1.66296e-28	    0.992769	3
94	2.87509327239084	649	94	    0.239313	    0.601365	    0.143206	    0.856794	 1.61431e-11	2
94	4.73300754124998	650	94	    0.239313	    0.601365	    0.143206	    0.856794	 1.61431e-11	2
94	2.5318141446703	651	94	    0.239313	    0.601365	    0.143206	    0.856794	 1.61431e-11	2
94	0.778971994699104	652	94	    0.239313	    0.601365	    0.143206	    0.856794	 1.61431e-11	2
94	1.04841381445378	653	94	    0.239313	    0.601365	    0.143206	    0.856794	 1.61431e-11	2
94	2.27843759341253	654	94	    0.239313	    0.601365	    0.143206	    0.856794	 1.61431e-11	2
95	3.1053771017617	655	95	    0.250135	    0.602288	    0.152823	    0.847177	 4.27502e-12	2
95	3.61980388817282	656	95	    0.250135	    0.602288	    0.152823	    0.847177	 4.27502e-12	2
95	3.48181362423484	657	95	    0.250135	    0.602288	    0.152823	    0.847177	 4.27502e-12	2
95	1.02652447200613	658	95	    0.250135	    0.602288	    0.152823	    0.847177	 4.27502e-12	2
95	1.03160374941236	659	95	    0.250135	    0.602288	    0.152823	    0.847177	 4.27502e-12	2
95	3.26814400191506	660	95	    0.250135	    0.602288	    0.152823	    0.847177	 4.27502e-12	2
95	0.897631026961343	661	95	    0.250135	    0.602288	    0.152823	    0.847177	 4.27502e-12	2
95	1.52334015392395	662	95	    0.250135	    0.602288	    0.152823	    0.847177	 4.27502e-12	2
96	-0.0455715720300459	663	96	   -0.291602	    0.299792	    0.998646	  1.0345e-12	  0.00135402	1
96	-0.799161948558784	664	96	   -0.291602	    0.299792	    0.998646	  1.0345e-12	  0.00135402	1
96	-0.927957169895831	665	96	   -0.291602	    0.299792	    0.998646	  1.0345e-12	  0.00135402	1
96	1.77423439604821	666	96	   -0.291602	    0.299792	    0.998646	  1.0345e-12	  0.00135402	1
96	0.156248245572389	667	96	   -0.291602	    0.299792	    0.998646	  1.0345e-12	  0.00135402	1
96	0.609136388590924	668	96	   -0.291602	    0.299792	    0.998646	  1.0345e-12	  0.00135402	1
96	-1.28689224700728	669	96	   -0.291602	    0.299792	    0.998646	  1.0345e-12	  0.00135402	1
96	1.95706215608157	670	96	   -0.291602	    0.299792	    0.998646	  1.0345e-12	  0.00135402	1
96	-1.61779139350098	671	96	   -0.291602	    0.299792	    0.998646	  1.0345e-12	  0.00135402	1
96	0.287395905408989	672	96	   -0.291602	    0.299792	    0.998646	  1.0345e-12	  0.00135402	1
97	0.471184274823264	673	97	    0.302021	     0.42738	    0.996268	  0.00352182	 0.000210573	1
97	1.1006295988846	674	97	    0.302021	     0.42738	    0.996268	  0.00352182	 0.000210573	1
97	0.90226206953013	675	97	    0.302021	     0.42738	    0.996268	  0.00352182	 0.000210573	1
97	0.500281524647596	676	97	    0.302021	     0.42738	    0.996268	  0.00352182	 0.000210573	1
98	1.14766353999859	677	98	    0.239696	    0.601544	    0.143539	    0.856461	 1.63936e-11	2
98	2.53432674371746	678	98	    0.239696	    0.601544	    0.143539	    0.856461	 1.63936e-11	2
98	3.05383497948181	679	98	    0.239696	    0.601544	    0.143539	    0.856461	 1.63936e-11	2
98	3.89387424979882	680	98	    0.239696	    0.601544	    0.143539	    0.856461	 1.63936e-11	2
98	1.89579583586396	681	98	    0.239696	    0.601544	    0.143539	    0.856461	 1.63936e-11	2
98	1.71153322351563	682	98	    0.239696	    0.601544	    0.143539	    0.856461	 1.63936e-11	2
99	-1.58392450849341	683	99	   0.0242725	    0.679402	    0.105046	 5.66795e-30	    0.894954	3
99	-2.03554239852935	684	99	   0.0242725	    0.679402	    0.105046	 5.66795e-30	    0.894954	3
99	-1.02312351254355	685	99	   0.0242725	    0.679402	    0.105046	 5.66795e-30	    0.894954	3
99	-1.62884434615338	686	99	   0.0242725	    0.679402	    0.105046	 5.66795e-30	    0.894954	3
99	-1.74928825536382	687	99	   0.0242725	    0.679402	    0.105046	 5.66795e-30	    0.894954	3
99	-2.3146138673481	688	99	   0.0242725	    0.679402	    0.105046	 5.66795e-30	    0.894954	3
99	-2.27861659955651	689	99	   0.0242725	    0.679402	    0.105046	 5.66795e-30	    0.894954	3
99	-1.12565547415063	690	99	   0.0242725	    0.679402	    0.105046	 5.66795e-30	    0.894954	3
100	-0.069959009763554	691	100	    0.541315	    0.292651	     0.99993	 6.89669e-05	 1.08213e-06	1
100	0.291980918966411	692	100	    0.541315	    0.292651	     0.99993	 6.89669e-05	 1.08213e-06	1
100	2.16204803147588	693	100	    0.541315	    0.292651	     0.99993	 6.89669e-05	 1.08213e-06	1
100	1.7837150156341	694	100	    0.541315	    0.292651	     0.99993	 6.89669e-05	 1.08213e-06	1
100	1.84874752701323	695	100	    0.541315	    0.292651	     0.99993	 6.89669e-05	 1.08213e-06	1
100	0.471784730563459	696	100	    0.541315	    0.292651	     0.99993	 6.89669e-05	 1.08213e-06	1
100	2.05697031821724	697	100	    0.541315	    0.292651	     0.99993	 6.89669e-05	 1.08213e-06	1
100	0.456164607619225	698	100	    0.541315	    0.292651	     0.99993	 6.89669e-05	 1.08213e-06	1
100	0.333399762602976	699	100	    0.541315	    0.292651	     0.99993	 6.89669e-05	 1.08213e-06	1
100	0.206548547650747	700	100	    0.541315	    0.292651	     0.99993	 6.89669e-05	 1.08213e-06	1
101	-1.28507851563955	701	101	   -0.550674	    0.666157	     0.85013	 7.29842e-09	     0.14987	1
101	-1.33141684574788	702	101	   -0.550674	    0.666157	     0.85013	 7.29842e-09	     0.14987	1
101	-1.39646766817877	703	101	   -0.550674	    0.666157	     0.85013	 7.29842e-09	     0.14987	1
101	1.31232236500075	704	101	   -0.550674	    0.666157	     0.85013	 7.29842e-09	     0.14987	1
102	0.692032971717486	705	102	    0.611978	    0.366986	    0.991678	   0.0083184	 3.59476e-06	1
102	-0.615250404001454	706	102	    0.611978	    0.366986	    0.991678	   0.0083184	 3.59476e-06	1
102	1.34126912692707	707	102	    0.611978	    0.366986	    0.991678	   0.0083184	 3.59476e-06	1
102	1.25203663562292	708	102	    0.611978	    0.366986	    0.991678	   0.0083184	 3.59476e-06	1
102	2.39587601898163	709	102	    0.611978	    0.366986	    0.991678	   0.0083184	 3.59476e-06	1
102	1.49177059028035	710	102	    0.611978	    0.366986	    0.991678	   0.0083184	 3.59476e-06	1
103	2.92016369128155	711	103	    0.904348	    0.469768	    0.861977	    0.138023	 1.47983e-08	1
103	1.43048870153851	712	103	    0.904348	    0.469768	    0.861977	    0.138023	 1.47983e-08	1
103	1.8170083062279	713	103	    0.904348	    0.469768	    0.861977	    0.138023	 1.47983e-08	1
103	2.3615868069847	714	103	    0.904348	    0.469768	    0.861977	    0.138023	 1.47983e-08	1
103	1.06806617613272	715	103	    0.904348	    0.469768	    0.861977	    0.138023	 1.47983e-08	1
103	0.773474623304483	716	103	    0.904348	    0.469768	    0.861977	    0.138023	 1.47983e-08	1
103	0.794010337873304	717	103	    0.904348	    0.469768	    0.861977	    0.138023	 1.47983e-08	1
103	1.32817659048302	718	103	    0.904348	    0.469768	    0.861977	    0.138023	 1.47983e-08	1
104	1.51087007467344	719	104	    0.157966	    0.292792	    0.999965	 4.86272e-08	 3.50331e-05	1
104	-1.35807782509005	720	104	    0.157966	    0.292792	    0.999965	 4.86272e-08	 3.50331e-05	1
104	1.34168443358081	721	104	    0.157966	    0.292792	    0.999965	 4.86272e-08	 3.50331e-05	1
104	2.05746459019678	722	104	    0.157966	    0.292792	    0.999965	 4.86272e-08	 3.50331e-05	1
104	1.28633609156395	723	104	    0.157966	    0.292792	    0.999965	 4.86272e-08	 3.50331e-05	1
104	-1.23922862182317	724	104	    0.157966	    0.292792	    0.999965	 4.86272e-08	 3.50331e-05	1
104	0.10878477412369	725	104	    0.157966	    0.292792	    0.999965	 4.86272e-08	 3.50331e-05	1
104	1.17119578490986	726	104	    0.157966	    0.292792	    0.999965	 4.86272e-08	 3.50331e-05	1
104	-0.0381856592640731	727	104	    0.157966	    0.292792	    0.999965	 4.86272e-08	 3.50331e-05	1
104	0.369871982935109	728	104	    0.157966	    0.292792	    0.999965	 4.86272e-08	 3.50331e-05	1
105	-3.47024839939827	729	105	   -0.458329	    0.408062	   0.0111651	 1.60579e-25	    0.988835	3
105	-3.18490345075476	730	105	   -0.458329	    0.408062	   0.0111651	 1.60579e-25	    0.988835	3
105	-2.47347832181356	731	105	   -0.458329	    0.408062	   0.0111651	 1.60579e-25	    0.988835	3
105	-2.70816591558655	732	105	   -0.458329	    0.408062	   0.0111651	 1.60579e-25	    0.988835	3
106	2.07148837224437	733	106	    0.463052	    0.673235	    0.344759	    0.655241	 1.26267e-09	2
106	1.92043618968969	734	106	    0.463052	    0.673235	    0.344759	    0.655241	 1.26267e-09	2
106	1.86819947473048	735	106	    0.463052	    0.673235	    0.344759	    0.655241	 1.26267e-09	2
106	2.27624418036464	736	106	    0.463052	    0.673235	    0.344759	    0.655241	 1.26267e-09	2
106	3.16343930833985	737	106	    0.463052	    0.673235	    0.344759	    0.655241	 1.26267e-09	2
106	0.553577461842607	738	106	    0.463052	    0.673235	    0.344759	    0.655241	 1.26267e-09	2
107	2.38774995472871	739	107	      0.2987	    0.630008	    0.191377	    0.808623	 1.28247e-11	2
107	2.79618835557791	740	107	      0.2987	    0.630008	    0.191377	    0.808623	 1.28247e-11	2
107	3.06724506971232	741	107	      0.2987	    0.630008	    0.191377	    0.808623	 1.28247e-11	2
107	3.29061710001572	742	107	      0.2987	    0.630008	    0.191377	    0.808623	 1.28247e-11	2
107	0.843175132658251	743	107	      0.2987	    0.630008	    0.191377	    0.808623	 1.28247e-11	2
107	1.62249866730364	744	107	      0.2987	    0.630008	    0.191377	    0.808623	 1.28247e-11	2
107	1.52516746149435	745	107	      0.2987	    0.630008	    0.191377	    0.808623	 1.28247e-11	2
107	1.71553369349338	746	107	      0.2987	    0.630008	    0.191377	    0.808623	 1.28247e-11	2
108	2.80984114115107	747	108	    0.172569	    0.548269	   0.0923511	    0.907649	 4.13551e-14	2
108	2.04665233111593	748	108	    0.172569	    0.548269	   0.0923511	    0.907649	 4.13551e-14	2
108	3.36091478606863	749	108	    0.172569	    0.548269	   0.0923511	    0.907649	 4.13551e-14	2
108	0.202736047150327	750	108	    0.172569	    0.548269	   0.0923511	    0.907649	 4.13551e-14	2
108	3.49842366946094	751	108	    0.172569	    0.548269	   0.0923511	    0.907649	 4.13551e-14	2
108	3.24977051565363	752	108	    0.172569	    0.548269	   0.0923511	    0.907649	 4.13551e-14	2
108	2.50775942783815	753	108	    0.172569	    0.548269	   0.0923511	    0.907649	 4.13551e-14	2
108	2.45752048509227	754	108	    0.172569	    0.548269	   0.0923511	    0.907649	 4.13551e-14	2
108	1.98550166466189	755	108	    0.172569	    0.548269	   0.0923511	    0.907649	 4.13551e-14	2
108	2.41298148974157	756	108	    0.172569	    0.548269	   0.0923511	    0.907649	 4.13551e-14	2
109	-0.402685202100848	757	109	   -0.544633	    0.614408	    0.889735	 2.03962e-08	    0.110265	1
109	-1.29108668155847	758	109	   -0.544633	    0.614408	    0.889735	 2.03962e-08	    0.110265	1
109	-0.568374608913889	759	109	   -0.544633	    0.614408	    0.889735	 2.03962e-08	    0.110265	1
109	-0.0874516295246113	760	109	   -0.544633	    0.614408	    0.889735	 2.03962e-08	    0.110265	1
110	0.716988516362878	761	110	   -0.168902	    0.369578	    0.998159	 2.55973e-07	  0.00184087	1
110	0.984442944869069	762	110	   -0.168902	    0.369578	    0.998159	 2.55973e-07	  0.00184087	1
110	0.721324166900491	763	110	   -0.168902	    0.369578	    0.998159	 2.55973e-07	  0.00184087	1
110	0.263507962839923	764	110	   -0.168902	    0.369578	    0.998159	 2.55973e-07	  0.00184087	1
110	-1.32283389056073	765	110	   -0.168902	    0.369578	    0.998159	 2.55973e-07	  0.00184087	1
110	-0.558830795987582	766	110	   -0.168902	    0.369578	    0.998159	 2.55973e-07	  0.00184087	1
111	2.64211835797964	767	111	    0.186938	    0.569194	    0.100279	    0.899721	 1.89862e-13	2
111	3.41244082705084	768	111	    0.186938	    0.569194	    0.100279	    0.899721	 1.89862e-13	2
111	2.55108198239721	769	111	    0.186938	    0.569194	    0.100279	    0.899721	 1.89862e-13	2
111	2.5792413530172	770	111	    0.186938	    0.569194	    0.100279	    0.899721	 1.89862e-13	2
111	2.20891049956367	771	111	    0.186938	    0.569194	    0.100279	    0.899721	 1.89862e-13	2
111	1.6451400327368	772	111	    0.186938	    0.569194	    0.100279	    0.899721	 1.89862e-13	2
111	2.45830381129877	773	111	    0.186938	    0.569194	    0.100279	    0.899721	 1.89862e-13	2
111	2.57078293219214	774	111	    0.186938	    0.569194	    0.100279	    0.899721	 1.89862e-13	2
112	2.52295548330249	775	112	    0.382939	    0.671656	    0.254612	    0.745388	 9.75304e-12	2
112	2.75965711129684	776	112	    0.382939	    0.671656	    0.254612	    0.745388	 9.75304e-12	2
112	3.53893817086867	777	112	    0.382939	    0.671656	    0.254612	    0.745388	 9.75304e-12	2
112	2.23349226702371	778	112	    0.382939	    0.671656	    0.254612	    0.745388	 9.75304e-12	2
112	1.83707913553631	779	112	    0.382939	    0.671656	    0.254612	    0.745388	 9.75304e-12	2
112	0.969275887387478	780	112	    0.382939	    0.671656	    0.254612	    0.745388	 9.75304e-12	2
112	1.55369831193396	781	112	    0.382939	    0.671656	    0.254612	    0.745388	 9.75304e-12	2
112	2.07628320963705	782	112	    0.382939	    0.671656	    0.254612	    0.745388	 9.75304e-12	2
112	1.61112388315889	783	112	    0.382939	    0.671656	    0.254612	    0.745388	 9.75304e-12	2
112	1.31155570511578	784	112	    0.382939	    0.671656	    0.254612	    0.745388	 9.75304e-12	2
113	-0.0480038859536267	785	113	   -0.398546	    0.476961	    0.973445	 9.32695e-07	    0.026554	1
113	0.174192404674228	786	113	   -0.398546	    0.476961	    0.973445	 9.32695e-07	    0.026554	1
113	-1.55097493738948	787	113	   -0.398546	    0.476961	    0.973445	 9.32695e-07	    0.026554	1
113	0.497361206279329	788	113	   -0.398546	    0.476961	    0.973445	 9.32695e-07	    0.026554	1
114	2.72542199364725	789	114	    0.215108	    0.632738	    0.107001	    0.892999	 2.59456e-13	2
114	3.45933443052353	790	114	    0.215108	    0.632738	    0.107001	    0.892999	 2.59456e-13	2
114	3.42842266135258	791	114	    0.215108	    0.632738	    0.107001	    0.892999	 2.59456e-13	2
114	3.38584390358689	792	114	    0.215108	    0.632738	    0.107001	    0.892999	 2.59456e-13	2
114	1.80332183614922	793	114	    0.215108	    0.632738	    0.107001	    0.892999	 2.59456e-13	2
114	1.91775737254386	794	114	    0.215108	    0.632738	    0.107001	    0.892999	 2.59456e-13	2
115	0.634440462896691	795	115	   -0.345188	    0.336508	    0.996706	 5.39417e-11	  0.00329404	1
115	-1.08371987443058	796	115	   -0.345188	    0.336508	    0.996706	 5.39417e-11	  0.00329404	1
115	-1.36862179597619	797	115	   -0.345188	    0.336508	    0.996706	 5.39417e-11	  0.00329404	1
115	0.296907453093411	798	115	   -0.345188	    0.336508	    0.996706	 5.39417e-11	  0.00329404	1
115	1.32020072408542	799	115	   -0.345188	    0.336508	    0.996706	 5.39417e-11	  0.00329404	1
115	0.681423178484727	800	115	   -0.345188	    0.336508	    0.996706	 5.39417e-11	  0.00329404	1
115	0.125832288992485	801	115	   -0.345188	    0.336508	    0.996706	 5.39417e-11	  0.00329404	1
115	-1.12405685503537	802	115	   -0.345188	    0.336508	    0.996706	 5.39417e-11	  0.00329404	1
116	-2.60758660721568	803	116	   -0.104902	    0.443444	    0.028406	 3.04205e-45	    0.971594	3
116	-3.73143578439363	804	116	   -0.104902	    0.443444	    0.028406	 3.04205e-45	    0.971594	3
116	-1.84409193006237	805	116	   -0.104902	    0.443444	    0.028406	 3.04205e-45	    0.971594	3
116	-3.50547055274735	806	116	   -0.104902	    0.443444	    0.028406	 3.04205e-45	    0.971594	3
116	-1.31352802215178	807	116	   -0.104902	    0.443444	    0.028406	 3.04205e-45	    0.971594	3
116	-1.93032308436819	808	116	   -0.104902	    0.443444	    0.028406	 3.04205e-45	    0.971594	3
116	-2.22963299614408	809	116	   -0.104902	    0.443444	    0.028406	 3.04205e-45	    0.971594	3
116	-0.950223094936671	810	116	   -0.104902	    0.443444	    0.028406	 3.04205e-45	    0.971594	3
116	-1.3076776041265	811	116	   -0.104902	    0.443444	    0.028406	 3.04205e-45	    0.971594	3
116	-1.94119613975504	812	116	   -0.104902	    0.443444	    0.028406	 3.04205e-45	    0.971594	3
117	0.825165318245125	813	117	    0.391383	     0.42735	    0.991991	  0.00790262	 0.000106647	1
117	2.63537205539812	814	117	    0.391383	     0.42735	    0.991991	  0.00790262	 0.000106647	1
117	0.600490152988382	815	117	    0.391383	     0.42735	    0.991991	  0.00790262	 0.000106647	1
117	-0.602104039210765	816	117	    0.391383	     0.42735	    0.991991	  0.00790262	 0.000106647	1
118	0.158712732110674	817	118	    0.814138	    0.484945	    0.843103	    0.156897	 1.28068e-07	1
118	2.75024860167731	818	118	    0.814138	    0.484945	    0.843103	    0.156897	 1.28068e-07	1
118	0.729093540903062	819	118	    0.814138	    0.484945	    0.843103	    0.156897	 1.28068e-07	1
118	2.60019263078611	820	118	    0.814138	    0.484945	    0.843103	    0.156897	 1.28068e-07	1
118	2.22382368172682	821	118	    0.814138	    0.484945	    0.843103	    0.156897	 1.28068e-07	1
118	0.63794520903881	822	118	    0.814138	    0.484945	    0.843103	    0.156897	 1.28068e-07	1
119	0.254525413388746	823	119	    0.319096	    0.322698	    0.999964	 1.92763e-05	 1.69553e-05	1
119	0.0116681204854977	824	119	    0.319096	    0.322698	    0.999964	 1.92763e-05	 1.69553e-05	1
119	2.70871970381593	825	119	    0.319096	    0.322698	    0.999964	 1.92763e-05	 1.69553e-05	1
119	2.19099465647095	826	119	    0.319096	    0.322698	    0.999964	 1.92763e-05	 1.69553e-05	1
119	0.781341525244557	827	119	    0.319096	    0.322698	    0.999964	 1.92763e-05	 1.69553e-05	1
119	-0.897271177105571	828	119	    0.319096	    0.322698	    0.999964	 1.92763e-05	 1.69553e-05	1
119	-0.180843099724387	829	119	    0.319096	    0.322698	    0.999964	 1.92763e-05	 1.69553e-05	1
119	0.838374238411742	830	119	    0.319096	    0.322698	    0.999964	 1.92763e-05	 1.69553e-05	1
120	-2.39349689360024	831	120	    0.012013	    0.560275	   0.0585367	 2.52709e-40	    0.941463	3
120	-1.40938635561115	832	120	    0.012013	    0.560275	   0.0585367	 2.52709e-40	    0.941463	3
120	-2.27481732992514	833	120	    0.012013	    0.560275	   0.0585367	 2.52709e-40	    0.941463	3
120	-1.42446306575243	834	120	    0.012013	    0.560275	   0.0585367	 2.52709e-40	    0.941463	3
120	-0.914428478869211	835	120	    0.012013	    0.560275	   0.0585367	 2.52709e-40	    0.941463	3
120	-3.38979112273008	836	120	    0.012013	    0.560275	   0.0585367	 2.52709e-40	    0.941463	3
120	-1.35466020696945	837	120	    0.012013	    0.560275	   0.0585367	 2.52709e-40	    0.941463	3
120	-1.14668595552858	838	120	    0.012013	    0.560275	   0.0585367	 2.52709e-40	    0.941463	3
120	-2.79603676780155	839	120	    0.012013	    0.560275	   0.0585367	 2.52709e-40	    0.941463	3
120	-1.72650581371726	840	120	    0.012013	    0.560275	   0.0585367	 2.52709e-40	    0.941463	3
121	2.99837650531852	841	121	    0.238606	    0.654714	    0.122934	    0.877066	 1.28846e-11	2
121	1.96654410945173	842	121	    0.238606	    0.654714	    0.122934	    0.877066	 1.28846e-11	2
121	2.98214195541631	843	121	    0.238606	    0.654714	    0.122934	    0.877066	 1.28846e-11	2
121	3.69948675997522	844	121	    0.238606	    0.654714	    0.122934	    0.877066	 1.28846e-11	2
122	1.07589143481396	845	122	    0.632349	    0.368036	     0.98964	   0.0103573	 2.96247e-06	1
122	0.235773055878279	846	122	    0.632349	    0.368036	     0.98964	   0.0103573	 2.96247e-06	1
122	2.10481929250865	847	122	    0.632349	    0.368036	     0.98964	   0.0103573	 2.96247e-06	1
122	2.64976565627781	848	122	    0.632349	    0.368036	     0.98964	   0.0103573	 2.96247e-06	1
122	0.527340573949178	849	122	    0.632349	    0.368036	     0.98964	   0.0103573	 2.96247e-06	1
122	0.123567217764434	850	122	    0.632349	    0.368036	     0.98964	   0.0103573	 2.96247e-06	1
123	2.5905629187747	851	123	   0.0656166	    0.323175	    0.999859	 2.52612e-07	 0.000140621	1
123	-1.81377265958344	852	123	   0.0656166	    0.323175	    0.999859	 2.52612e-07	 0.000140621	1
123	1.69904547328588	853	123	   0.0656166	    0.323175	    0.999859	 2.52612e-07	 0.000140621	1
123	-0.466057313585412	854	123	   0.0656166	    0.323175	    0.999859	 2.52612e-07	 0.000140621	1
123	0.761187323728551	855	123	   0.0656166	    0.323175	    0.999859	 2.52612e-07	 0.000140621	1
123	0.488827115166315	856	123	   0.0656166	    0.323175	    0.999859	 2.52612e-07	 0.000140621	1
123	0.851231044779486	857	123	   0.0656166	    0.323175	    0.999859	 2.52612e-07	 0.000140621	1
123	-0.761305288638061	858	123	   0.0656166	    0.323175	    0.999859	 2.52612e-07	 0.000140621	1
124	1.86753883163482	859	124	    0.892538	    0.308895	    0.986449	   0.0135513	 2.87621e-08	1
124	2.08049386259097	860	124	    0.892538	    0.308895	    0.986449	   0.0135513	 2.87621e-08	1
124	1.28158883547731	861	124	    0.892538	    0.308895	    0.986449	   0.0135513	 2.87621e-08	1
124	1.11091274269667	862	124	    0.892538	    0.308895	    0.986449	   0.0135513	 2.87621e-08	1
124	1.31487139461705	863	124	    0.892538	    0.308895	    0.986449	   0.0135513	 2.87621e-08	1
124	0.184069405863889	864	124	    0.892538	    0.308895	    0.986449	   0.0135513	 2.87621e-08	1
124	0.212148821447616	865	124	    0.892538	    0.308895	    0.986449	   0.0135513	 2.87621e-08	1
124	1.61366842996369	866	124	    0.892538	    0.308895	    0.986449	   0.0135513	 2.87621e-08	1
124	3.43322438294052	867	124	    0.892538	    0.308895	    0.986449	   0.0135513	 2.87621e-08	1
124	0.547647609794044	868	124	    0.892538	    0.308895	    0.986449	   0.0135513	 2.87621e-08	1
125	0.278812853131802	869	125	   -0.302701	    0.452291	    0.986398	  4.0762e-06	   0.0135982	1
125	0.0558254133074733	870	125	   -0.302701	    0.452291	    0.986398	  4.0762e-06	   0.0135982	1
125	-0.384977188117298	871	125	   -0.302701	    0.452291	    0.986398	  4.0762e-06	   0.0135982	1
125	-0.274876730834552	872	125	   -0.302701	    0.452291	    0.986398	  4.0762e-06	   0.0135982	1
126	-2.16431984138565	873	126	  -0.0773605	    0.527679	   0.0485228	 1.93195e-26	    0.951477	3
126	-2.354059014129	874	126	  -0.0773605	    0.527679	   0.0485228	 1.93195e-26	    0.951477	3
126	-2.13877603874274	875	126	  -0.0773605	    0.527679	   0.0485228	 1.93195e-26	    0.951477	3
126	-1.3886904671719	876	126	  -0.0773605	    0.527679	   0.0485228	 1.93195e-26	    0.951477	3
126	-2.26905496310773	877	126	  -0.0773605	    0.527679	   0.0485228	 1.93195e-26	    0.951477	3
126	-1.94038820754693	878	126	  -0.0773605	    0.527679	   0.0485228	 1.93195e-26	    0.951477	3
127	0.180832883009815	879	127	   -0.659988	     0.80636	    0.794285	 9.84866e-19	    0.205715	1
127	-1.44553683303577	880	127	   -0.659988	     0.80636	    0.794285	 9.84866e-19	    0.205715	1
127	-0.62210257907403	881	127	   -0.659988	     0.80636	    0.794285	 9.84866e-19	    0.205715	1
127	-0.868318532585678	882	127	   -0.659988	     0.80636	    0.794285	 9.84866e-19	    0.205715	1
127	-0.71617036948088	883	127	   -0.659988	     0.80636	    0.794285	 9.84866e-19	    0.205715	1
127	-2.26425302356368	884	127	   -0.659988	     0.80636	    0.794285	 9.84866e-19	    0.205715	1
127	-0.00735441309384832	885	127	   -0.659988	     0.80636	    0.794285	 9.84866e-19	    0.205715	1
127	-1.1606128039809	886	127	   -0.659988	     0.80636	    0.794285	 9.84866e-19	    0.205715	1
128	1.68439206422369	887	128	  -0.0329173	    0.293601	    0.999826	 6.88272e-10	 0.000174252	1
128	1.04552778392871	888	128	  -0.0329173	    0.293601	    0.999826	 6.88272e-10	 0.000174252	1
128	-1.3358879885518	889	128	  -0.0329173	    0.293601	    0.999826	 6.88272e-10	 0.000174252	1
128	-1.31937218873983	890	128	  -0.0329173	    0.293601	    0.999826	 6.88272e-10	 0.000174252	1
128	0.0896161747665685	891	128	  -0.0329173	    0.293601	    0.999826	 6.88272e-10	 0.000174252	1
128	1.32872382761418	892	128	  -0.0329173	    0.293601	    0.999826	 6.88272e-10	 0.000174252	1
128	0.550291487186053	893	128	  -0.0329173	    0.293601	    0.999826	 6.88272e-10	 0.000174252	1
128	1.23987465362297	894	128	  -0.0329173	    0.293601	    0.999826	 6.88272e-10	 0.000174252	1
128	-0.101503178527499	895	128	  -0.0329173	    0.293601	    0.999826	 6.88272e-10	 0.000174252	1
128	-0.129225046023796	896	128	  -0.0329173	    0.293601	    0.999826	 6.88272e-10	 0.000174252	1
129	1.55183800731488	897	129	    0.530508	    0.430832	     0.97324	   0.0267269	 3.32125e-05	1
129	0.652324133087372	898	129	    0.530508	    0.430832	     0.97324	   0.0267269	 3.32125e-05	1
129	1.58395653192085	899	129	    0.530508	    0.430832	     0.97324	   0.0267269	 3.32125e-05	1
129	0.468390169514705	900	129	    0.530508	    0.430832	     0.97324	   0.0267269	 3.32125e-05	1
130	-1.88286582369831	901	130	   -0.437469	    0.377516	   0.0101978	 1.75527e-35	    0.989802	3
130	-3.17927570563063	902	130	   -0.437469	    0.377516	   0.0101978	 1.75527e-35	    0.989802	3
130	-2.03117041111145	903	130	   -0.437469	    0.377516	   0.0101978	 1.75527e-35	    0.989802	3
130	-3.61042976015738	904	130	   -0.437469	    0.377516	   0.0101978	 1.75527e-35	    0.989802	3
130	-3.72346219005613	905	130	   -0.437469	    0.377516	   0.0101978	 1.75527e-35	    0.989802	3
130	-2.22820174582408	906	130	   -0.437469	    0.377516	   0.0101978	 1.75527e-35	    0.989802	3
131	1.86179063762243	907	131	    0.276659	    0.618034	    0.173792	    0.826208	 8.15632e-12	2
131	2.46809242513915	908	131	    0.276659	    0.618034	    0.173792	    0.826208	 8.15632e-12	2
131	2.40947887362393	909	131	    0.276659	    0.618034	    0.173792	    0.826208	 8.15632e-12	2
131	1.14250512359772	910	131	    0.276659	    0.618034	    0.173792	    0.826208	 8.15632e-12	2
131	3.8181648498811	911	131	    0.276659	    0.618034	    0.173792	    0.826208	 8.15632e-12	2
131	2.44186651117777	912	131	    0.276659	    0.618034	    0.173792	    0.826208	 8.15632e-12	2
131	1.35992529975011	913	131	    0.276659	    0.618034	    0.173792	    0.826208	 8.15632e-12	2
131	2.03549421390729	914	131	    0.276659	    0.618034	    0.173792	    0.826208	 8.15632e-12	2
132	-1.57780161798647	915	132	   -0.264165	     0.37316	   0.0148159	  1.2529e-50	    0.985184	3
132	-2.04820841731817	916	132	   -0.264165	     0.37316	   0.0148159	  1.2529e-50	    0.985184	3
132	-2.64348874614832	917	132	   -0.264165	     0.37316	   0.0148159	  1.2529e-50	    0.985184	3
132	-2.89850741258356	918	132	   -0.264165	     0.37316	   0.0148159	  1.2529e-50	    0.985184	3
132	-3.59493096099507	919	132	   -0.264165	     0.37316	   0.0148159	  1.2529e-50	    0.985184	3
132	-1.21894401157586	920	132	   -0.264165	     0.37316	   0.0148159	  1.2529e-50	    0.985184	3
132	-1.31074765168523	921	132	   -0.264165	     0.37316	   0.0148159	  1.2529e-50	    0.985184	3
132	-4.33620088726381	922	132	   -0.264165	     0.37316	   0.0148159	  1.2529e-50	    0.985184	3
132	-1.855608323473	923	132	   -0.264165	     0.37316	   0.0148159	  1.2529e-50	    0.985184	3
132	-2.5305486347407	924	132	   -0.264165	     0.37316	   0.0148159	  1.2529e-50	    0.985184	3
133	-0.742982607187336	925	133	   -0.481204	    0.521528	    0.948918	 1.86155e-07	   0.0510818	1
133	-1.15713486317482	926	133	   -0.481204	    0.521528	    0.948918	 1.86155e-07	   0.0510818	1
133	0.504281982354972	927	133	   -0.481204	    0.521528	    0.948918	 1.86155e-07	   0.0510818	1
133	-0.154351181604638	928	133	   -0.481204	    0.521528	    0.948918	 1.86155e-07	   0.0510818	1
134	-2.49000980761532	929	134	   -0.567849	    0.840027	    0.730229	 1.05991e-14	    0.269771	1
134	0.424374191850704	930	134	   -0.567849	    0.840027	    0.730229	 1.05991e-14	    0.269771	1
134	-0.69186503523846	931	134	   -0.567849	    0.840027	    0.730229	 1.05991e-14	    0.269771	1
134	-1.27186910797534	932	134	   -0.567849	    0.840027	    0.730229	 1.05991e-14	    0.269771	1
134	-0.074448642231505	933	134	   -0.567849	    0.840027	    0.730229	 1.05991e-14	    0.269771	1
134	-1.36692484560486	934	134	   -0.567849	    0.840027	    0.730229	 1.05991e-14	    0.269771	1
135	-1.76781139639733	935	135	   -0.177511	    0.425244	   0.0228959	  1.5604e-38	    0.977104	3
135	-3.34506746515735	936	135	   -0.177511	    0.425244	   0.0228959	  1.5604e-38	    0.977104	3
135	-2.90654183274401	937	135	   -0.177511	    0.425244	   0.0228959	  1.5604e-38	    0.977104	3
135	-2.56213535779957	938	135	   -0.177511	    0.425244	   0.0228959	  1.5604e-38	    0.977104	3
135	-1.3728713089092	939	135	   -0.177511	    0.425244	   0.0228959	  1.5604e-38	    0.977104	3
135	-1.94879613550423	940	135	   -0.177511	    0.425244	   0.0228959	  1.5604e-38	    0.977104	3
135	-3.60325646053693	941	135	   -0.177511	    0.425244	   0.0228959	  1.5604e-38	    0.977104	3
135	-0.65194221500881	942	135	   -0.177511	    0.425244	   0.0228959	  1.5604e-38	    0.977104	3
136	-2.0253505126222	943	136	   -0.321038	    0.357801	     0.01226	 1.82426e-52	     0.98774	3
136	-2.04236750366123	944	136	   -0.321038	    0.357801	     0.01226	 1.82426e-52	     0.98774	3
136	-2.76757377995431	945	136	   -0.321038	    0.357801	     0.01226	 1.82426e-52	     0.98774	3
136	-1.74615678158436	946	136	   -0.321038	    0.357801	     0.01226	 1.82426e-52	     0.98774	3
136	-2.45804062409182	947	136	   -0.321038	    0.357801	     0.01226	 1.82426e-52	     0.98774	3
136	-0.533551706224823	948	136	   -0.321038	    0.357801	     0.01226	 1.82426e-52	     0.98774	3
136	-3.46825840746072	949	136	   -0.321038	    0.357801	     0.01226	 1.82426e-52	     0.98774	3
136	-3.48322951339645	950	136	   -0.321038	    0.357801	     0.01226	 1.82426e-52	     0.98774	3
136	-2.62692093286168	951	136	   -0.321038	    0.357801	     0.01226	 1.82426e-52	     0.98774	3
136	-3.74393090744856	952	136	   -0.321038	    0.357801	     0.01226	 1.82426e-52	     0.98774	3
137	0.175250010723686	953	137	   0.0343678	    0.429609	    0.998341	 0.000245505	  0.00141355	1
137	0.230704331533499	954	137	   0.0343678	    0.429609	    0.998341	 0.000245505	  0.00141355	1
137	-0.152597231851876	955	137	   0.0343678	    0.429609	    0.998341	 0.000245505	  0.00141355	1
137	1.2907974256682	956	137	   0.0343678	    0.429609	    0.998341	 0.000245505	  0.00141355	1
138	0.22418950758838	957	138	    0.249904	    0.364373	    0.999804	 0.000118772	 7.77137e-05	1
138	0.0311232269714873	958	138	    0.249904	    0.364373	    0.999804	 0.000118772	 7.77137e-05	1
138	1.26446374637131	959	138	    0.249904	    0.364373	    0.999804	 0.000118772	 7.77137e-05	1
138	1.34055245836278	960	138	    0.249904	    0.364373	    0.999804	 0.000118772	 7.77137e-05	1
138	0.731033477040083	961	138	    0.249904	    0.364373	    0.999804	 0.000118772	 7.77137e-05	1
138	0.287384166976254	962	138	    0.249904	    0.364373	    0.999804	 0.000118772	 7.77137e-05	1
139	-0.227806604657859	963	139	  -0.0696228	    0.324268	    0.999589	 1.92903e-08	 0.000410716	1
139	0.889468936679093	964	139	  -0.0696228	    0.324268	    0.999589	 1.92903e-08	 0.000410716	1
139	1.86914004767024	965	139	  -0.0696228	    0.324268	    0.999589	 1.92903e-08	 0.000410716	1
139	-1.00500186851008	966	139	  -0.0696228	    0.324268	    0.999589	 1.92903e-08	 0.000410716	1
139	0.950225616824222	967	139	  -0.0696228	    0.324268	    0.999589	 1.92903e-08	 0.000410716	1
139	-0.123466625764134	968	139	  -0.0696228	    0.324268	    0.999589	 1.92903e-08	 0.000410716	1
139	-0.530238527296011	969	139	  -0.0696228	    0.324268	    0.999589	 1.92903e-08	 0.000410716	1
139	0.266420348506658	970	139	  -0.0696228	    0.324268	    0.999589	 1.92903e-08	 0.000410716	1
140	-1.47269292935413	971	140	   -0.296908	    0.363892	   0.0132564	 1.09155e-51	    0.986744	3
140	-3.25979217384878	972	140	   -0.296908	    0.363892	   0.0132564	 1.09155e-51	    0.986744	3
140	-0.648197457684371	973	140	   -0.296908	    0.363892	   0.0132564	 1.09155e-51	    0.986744	3
140	-2.80626452262476	974	140	   -0.296908	    0.363892	   0.0132564	 1.09155e-51	    0.986744	3
140	-2.56021184991286	975	140	   -0.296908	    0.363892	   0.0132564	 1.09155e-51	    0.986744	3
140	-4.10877539318726	976	140	   -0.296908	    0.363892	   0.0132564	 1.09155e-51	    0.986744	3
140	-2.86093248386775	977	140	   -0.296908	    0.363892	   0.0132564	 1.09155e-51	    0.986744	3
140	-1.6301855148466	978	140	   -0.296908	    0.363892	   0.0132564	 1.09155e-51	    0.986744	3
140	-2.36151861142647	979	140	   -0.296908	    0.363892	   0.0132564	 1.09155e-51	    0.986744	3
140	-2.81587005941624	980	140	   -0.296908	    0.363892	   0.0132564	 1.09155e-51	    0.986744	3
141	1.04917521938145	981	141	    0.606922	    0.440281	    0.946271	    0.053714	 1.51574e-05	1
141	1.76516185111221	982	141	    0.606922	    0.440281	    0.946271	    0.053714	 1.51574e-05	1
141	-0.132866176906538	983	141	    0.606922	    0.440281	    0.946271	    0.053714	 1.51574e-05	1
141	2.08494573247074	984	141	    0.606922	    0.440281	    0.946271	    0.053714	 1.51574e-05	1
142	1.33112732163639	985	142	    0.563283	    0.671129	    0.447966	    0.552034	 3.92429e-09	2
142	0.815864619044912	986	142	    0.563283	    0.671129	    0.447966	    0.552034	 3.92429e-09	2
142	1.75148787640138	987	142	    0.563283	    0.671129	    0.447966	    0.552034	 3.92429e-09	2
142	2.6355741132769	988	142	    0.563283	    0.671129	    0.447966	    0.552034	 3.92429e-09	2
142	1.97293960364142	989	142	    0.563283	    0.671129	    0.447966	    0.552034	 3.92429e-09	2
142	2.72130976876213	990	142	    0.563283	    0.671129	    0.447966	    0.552034	 3.92429e-09	2
143	2.06088558301758	991	143	    0.303002	    0.322706	    0.999966	  1.4912e-05	 1.94751e-05	1
143	0.00753758660038262	992	143	    0.303002	    0.322706	    0.999966	  1.4912e-05	 1.94751e-05	1
143	0.0800505018543889	993	143	    0.303002	    0.322706	    0.999966	  1.4912e-05	 1.94751e-05	1
143	1.0311755064851	994	143	    0.303002	    0.322706	    0.999966	  1.4912e-05	 1.94751e-05	1
143	-0.366412760523471	995	143	    0.303002	    0.322706	    0.999966	  1.4912e-05	 1.94751e-05	1
143	-1.01710841641828	996	143	    0.303002	    0.322706	    0.999966	  1.4912e-05	 1.94751e-05	1
143	1.95207624053969	997	143	    0.303002	    0.322706	    0.999966	  1.4912e-05	 1.94751e-05	1
143	1.80967807273698	998	143	    0.303002	    0.322706	    0.999966	  1.4912e-05	 1.94751e-05	1
144	-0.459240240227024	999	144	  -0.0432989	    0.293674	     0.99981	 5.39211e-10	 0.000189688	1
144	-0.789931435478535	1000	144	  -0.0432989	    0.293674	     0.99981	 5.39211e-10	 0.000189688	1
144	-0.244594260925638	1001	144	  -0.0432989	    0.293674	     0.99981	 5.39211e-10	 0.000189688	1
144	1.79287544279916	1002	144	  -0.0432989	    0.293674	     0.99981	 5.39211e-10	 0.000189688	1
144	0.881829562380279	1003	144	  -0.0432989	    0.293674	     0.99981	 5.39211e-10	 0.000189688	1
144	0.673712894367047	1004	144	  -0.0432989	    0.293674	     0.99981	 5.39211e-10	 0.000189688	1
144	0.522241123483127	1005	144	  -0.0432989	    0.293674	     0.99981	 5.39211e-10	 0.000189688	1
144	-0.753871160428459	1006	144	  -0.0432989	    0.293674	     0.99981	 5.39211e-10	 0.000189688	1
144	-0.0525300484188426	1007	144	  -0.0432989	    0.293674	     0.99981	 5.39211e-10	 0.000189688	1
144	1.36443095244083	1008	144	  -0.0432989	    0.293674	     0.99981	 5.39211e-10	 0.000189688	1
145	-1.21442572125597	1009	145	  -0.0757464	     0.73204	    0.165689	 5.10322e-15	    0.834311	3
145	-2.78854737153661	1010	145	  -0.0757464	     0.73204	    0.165689	 5.10322e-15	    0.834311	3
145	-1.41900053363822	1011	145	  -0.0757464	     0.73204	    0.165689	 5.10322e-15	    0.834311	3
145	-1.18090263581847	1012	145	  -0.0757464	     0.73204	    0.165689	 5.10322e-15	    0.834311	3
146	-0.409012979392668	1013	146	   -0.638451	    0.573647	    0.920108	 3.87777e-12	   0.0798922	1
146	-2.22611465433258	1014	146	   -0.638451	    0.573647	    0.920108	 3.87777e-12	   0.0798922	1
146	-0.611730867101474	1015	146	   -0.638451	    0.573647	    0.920108	 3.87777e-12	   0.0798922	1
146	0.309169775108868	1016	146	   -0.638451	    0.573647	    0.920108	 3.87777e-12	   0.0798922	1
146	-0.0235080899634388	1017	146	   -0.638451	    0.573647	    0.920108	 3.87777e-12	   0.0798922	1
146	-0.599082421439523	1018	146	   -0.638451	    0.573647	    0.920108	 3.87777e-12	   0.0798922	1
147	-1.62688167100021	1019	147	    -0.60086	    0.334592	  0.00631779	 2.36678e-50	    0.993682	3
147	-2.67927834970812	1020	147	    -0.60086	    0.334592	  0.00631779	 2.36678e-50	    0.993682	3
147	-2.71870189772396	1021	147	    -0.60086	    0.334592	  0.00631779	 2.36678e-50	    0.993682	3
147	-2.33904277627905	1022	147	    -0.60086	    0.334592	  0.00631779	 2.36678e-50	    0.993682	3
147	-2.7966380900621	1023	147	    -0.60086	    0.334592	  0.00631779	 2.36678e-50	    0.993682	3
147	-2.81451430353893	1024	147	    -0.60086	    0.334592	  0.00631779	 2.36678e-50	    0.993682	3
147	-5.29888908733226	1025	147	    -0.60086	    0.334592	  0.00631779	 2.36678e-50	    0.993682	3
147	-3.43595462156196	1026	147	    -0.60086	    0.334592	  0.00631779	 2.36678e-50	    0.993682	3
148	-1.73288523669153	1027	148	   0.0459383	    0.750702	    0.134263	 2.00591e-35	    0.865737	3
148	-0.998135242801526	1028	148	   0.0459383	    0.750702	    0.134263	 2.00591e-35	    0.865737	3
148	-2.22375206266704	1029	148	   0.0459383	    0.750702	    0.134263	 2.00591e-35	    0.865737	3
148	-1.60010302091761	1030	148	   0.0459383	    0.750702	    0.134263	 2.00591e-35	    0.865737	3
148	0.542207976497806	1031	148	   0.0459383	    0.750702	    0.134263	 2.00591e-35	    0.865737	3
148	-3.04088697975573	1032	148	   0.0459383	    0.750702	    0.134263	 2.00591e-35	    0.865737	3
148	-2.0087207044541	1033	148	   0.0459383	    0.750702	    0.134263	 2.00591e-35	    0.865737	3
148	-0.457244228043584	1034	148	   0.0459383	    0.750702	    0.134263	 2.00591e-35	    0.865737	3
148	-3.41228558216816	1035	148	   0.0459383	    0.750702	    0.134263	 2.00591e-35	    0.865737	3
148	-1.25456169006607	1036	148	   0.0459383	    0.750702	    0.134263	 2.00591e-35	    0.865737	3
149	1.25392911539651	1037	149	     0.53357	    0.431035	     0.97251	   0.0274579	 3.22831e-05	1
149	2.63140091760765	1038	149	     0.53357	    0.431035	     0.97251	   0.0274579	 3.22831e-05	1
149	-1.87249338348775	1039	149	     0.53357	    0.431035	     0.97251	   0.0274579	 3.22831e-05	1
149	2.26251316212347	1040	149	     0.53357	    0.431035	     0.97251	   0.0274579	 3.22831e-05	1
150	-1.21697606968836	1041	150	    -0.09753	    0.871058	    0.261855	 1.34711e-19	    0.738145	3
150	-1.76254341694351	1042	150	    -0.09753	    0.871058	    0.261855	 1.34711e-19	    0.738145	3
150	-1.10277193597079	1043	150	    -0.09753	    0.871058	    0.261855	 1.34711e-19	    0.738145	3
150	-2.54351842530349	1044	150	    -0.09753	    0.871058	    0.261855	 1.34711e-19	    0.738145	3
150	-1.33694627860609	1045	150	    -0.09753	    0.871058	    0.261855	 1.34711e-19	    0.738145	3
150	-0.592421190670413	1046	150	    -0.09753	    0.871058	    0.261855	 1.34711e-19	    0.738145	3
