g	y1	y2	id	g	F1	F1_std	F2	F2_std	GClass#1	GClass#2	GClass#
1	-0.0909712372413007	0.0388919027331228	1	1	   -0.828896	    0.342693	   0.0963805	    0.307736	     0.15209	     0.84791	2
1	-1.19428830166994	-1.67751118000557	2	1	   -0.828896	    0.342693	   0.0963805	    0.307736	     0.15209	     0.84791	2
1	-0.610451402493236	-0.791347556649172	3	1	   -0.828896	    0.342693	   0.0963805	    0.307736	     0.15209	     0.84791	2
1	-0.509385534178167	0.516589529290253	4	1	   -0.828896	    0.342693	   0.0963805	    0.307736	     0.15209	     0.84791	2
2	0.787762999978141	-1.37066957089352	5	2	  -0.0164638	    0.406343	    0.161315	    0.381012	    0.999971	 2.92886e-05	1
2	1.30678164610892	-1.52388454246946	6	2	  -0.0164638	    0.406343	    0.161315	    0.381012	    0.999971	 2.92886e-05	1
2	0.393493375543706	0.717277233873855	7	2	  -0.0164638	    0.406343	    0.161315	    0.381012	    0.999971	 2.92886e-05	1
2	0.137688910347084	0.549291742620202	8	2	  -0.0164638	    0.406343	    0.161315	    0.381012	    0.999971	 2.92886e-05	1
2	-0.847003179817373	-2.62611277161498	9	2	  -0.0164638	    0.406343	    0.161315	    0.381012	    0.999971	 2.92886e-05	1
2	0.998302476573693	2.76271571262959	10	2	  -0.0164638	    0.406343	    0.161315	    0.381012	    0.999971	 2.92886e-05	1
3	0.0319294654229469	-0.163714943338402	11	3	   -0.399946	    0.220518	    0.285799	    0.220004	    0.001085	    0.998915	2
3	-1.19154642250913	-0.226938067433137	12	3	   -0.399946	    0.220518	    0.285799	    0.220004	    0.001085	    0.998915	2
3	-0.45928305012949	-0.431115228912276	13	3	   -0.399946	    0.220518	    0.285799	    0.220004	    0.001085	    0.998915	2
3	0.376809755571257	0.574759770505101	14	3	   -0.399946	    0.220518	    0.285799	    0.220004	    0.001085	    0.998915	2
3	0.23274726013035	-0.963254919366634	15	3	   -0.399946	    0.220518	    0.285799	    0.220004	    0.001085	    0.998915	2
3	0.378307819645258	-0.119743100093468	16	3	   -0.399946	    0.220518	    0.285799	    0.220004	    0.001085	    0.998915	2
3	0.560269060967943	-0.141824067384771	17	3	   -0.399946	    0.220518	    0.285799	    0.220004	    0.001085	    0.998915	2
3	0.388288271894498	-0.757950989003716	18	3	   -0.399946	    0.220518	    0.285799	    0.220004	    0.001085	    0.998915	2
4	1.20853351677602	-0.388111041572963	19	4	    -0.16082	     0.34132	    0.152293	    0.336816	           1	 1.27059e-09	1
4	2.39810652343362	3.51256395011661	20	4	    -0.16082	     0.34132	    0.152293	    0.336816	           1	 1.27059e-09	1
4	1.11031949579767	-2.28317736173401	21	4	    -0.16082	     0.34132	    0.152293	    0.336816	           1	 1.27059e-09	1
4	-0.0472808333811633	-0.42341629259928	22	4	    -0.16082	     0.34132	    0.152293	    0.336816	           1	 1.27059e-09	1
4	-0.251767526626431	-1.51958159663428	23	4	    -0.16082	     0.34132	    0.152293	    0.336816	           1	 1.27059e-09	1
4	-0.140381322536248	-1.59141017480149	24	4	    -0.16082	     0.34132	    0.152293	    0.336816	           1	 1.27059e-09	1
4	-0.572542979479741	0.060058946880107	25	4	    -0.16082	     0.34132	    0.152293	    0.336816	           1	 1.27059e-09	1
4	-1.10676745234878	-1.94995051450977	26	4	    -0.16082	     0.34132	    0.152293	    0.336816	           1	 1.27059e-09	1
4	-1.3973942411887	-0.380775040564425	27	4	    -0.16082	     0.34132	    0.152293	    0.336816	           1	 1.27059e-09	1
4	1.50582494342052	1.42026262056627	28	4	    -0.16082	     0.34132	    0.152293	    0.336816	           1	 1.27059e-09	1
5	0.0249862093847838	-0.94852648105388	29	5	    0.194716	    0.306643	   -0.464849	    0.297708	   0.0524429	    0.947557	2
5	0.464600433348451	-1.6470973256397	30	5	    0.194716	    0.306643	   -0.464849	    0.297708	   0.0524429	    0.947557	2
5	0.820919869920146	-0.994793019418859	31	5	    0.194716	    0.306643	   -0.464849	    0.297708	   0.0524429	    0.947557	2
5	1.63504267968622	-1.76847989839164	32	5	    0.194716	    0.306643	   -0.464849	    0.297708	   0.0524429	    0.947557	2
6	0.146700876910102	0.331804398392061	33	6	   -0.540031	    0.284157	   -0.291709	    0.275059	    0.149646	    0.850354	2
6	-0.40469076323201	-2.1306121025002	34	6	   -0.540031	    0.284157	   -0.291709	    0.275059	    0.149646	    0.850354	2
6	-1.09394757537725	-0.791662198130842	35	6	   -0.540031	    0.284157	   -0.291709	    0.275059	    0.149646	    0.850354	2
6	0.375277218887009	-1.65260858786288	36	6	   -0.540031	    0.284157	   -0.291709	    0.275059	    0.149646	    0.850354	2
6	-0.51431317146117	-1.86658182989399	37	6	   -0.540031	    0.284157	   -0.291709	    0.275059	    0.149646	    0.850354	2
6	0.492598092287717	-0.163093087660396	38	6	   -0.540031	    0.284157	   -0.291709	    0.275059	    0.149646	    0.850354	2
7	-0.0516912079037939	-0.10500796190694	39	7	   -0.550003	    0.224662	   -0.467769	    0.224544	    0.018823	    0.981177	2
7	-0.241620017707067	-0.776691754298522	40	7	   -0.550003	    0.224662	   -0.467769	    0.224544	    0.018823	    0.981177	2
7	0.583604102437838	-1.25064182985579	41	7	   -0.550003	    0.224662	   -0.467769	    0.224544	    0.018823	    0.981177	2
7	-1.29556481287384	-2.08563528705899	42	7	   -0.550003	    0.224662	   -0.467769	    0.224544	    0.018823	    0.981177	2
7	0.0173147651282091	-1.95167860192789	43	7	   -0.550003	    0.224662	   -0.467769	    0.224544	    0.018823	    0.981177	2
7	-0.69681429409985	-0.610297933979339	44	7	   -0.550003	    0.224662	   -0.467769	    0.224544	    0.018823	    0.981177	2
7	-0.511037286164147	-1.52110839910813	45	7	   -0.550003	    0.224662	   -0.467769	    0.224544	    0.018823	    0.981177	2
7	1.14455393339938	-1.43602729105564	46	7	   -0.550003	    0.224662	   -0.467769	    0.224544	    0.018823	    0.981177	2
8	0.319936723516638	-0.632010623075316	47	8	    0.216914	    0.199292	    0.186071	     0.20051	 0.000126291	    0.999874	2
8	0.380770938180984	0.0364425303861908	48	8	    0.216914	    0.199292	    0.186071	     0.20051	 0.000126291	    0.999874	2
8	1.47013359740421	-0.71911219314193	49	8	    0.216914	    0.199292	    0.186071	     0.20051	 0.000126291	    0.999874	2
8	0.618516446667061	-0.160058827409958	50	8	    0.216914	    0.199292	    0.186071	     0.20051	 0.000126291	    0.999874	2
8	1.23372589443066	-1.13200117039784	51	8	    0.216914	    0.199292	    0.186071	     0.20051	 0.000126291	    0.999874	2
8	1.26687410619952	-0.973982327806593	52	8	    0.216914	    0.199292	    0.186071	     0.20051	 0.000126291	    0.999874	2
8	0.858924409577735	0.0509791413722265	53	8	    0.216914	    0.199292	    0.186071	     0.20051	 0.000126291	    0.999874	2
8	0.933874756409261	-0.709061591962472	54	8	    0.216914	    0.199292	    0.186071	     0.20051	 0.000126291	    0.999874	2
8	-0.225312552011542	-0.302205080405499	55	8	    0.216914	    0.199292	    0.186071	     0.20051	 0.000126291	    0.999874	2
8	0.417795976842564	0.427281909425905	56	8	    0.216914	    0.199292	    0.186071	     0.20051	 0.000126291	    0.999874	2
9	2.37330209205173	-0.95468725651097	57	9	    0.857801	      0.4576	   -0.411201	    0.412074	    0.990002	  0.00999758	1
9	2.63999806743635	-0.254366996178967	58	9	    0.857801	      0.4576	   -0.411201	    0.412074	    0.990002	  0.00999758	1
9	1.39721167523783	-2.24128768894589	59	9	    0.857801	      0.4576	   -0.411201	    0.412074	    0.990002	  0.00999758	1
9	2.01868246070423	-4.08673328782662	60	9	    0.857801	      0.4576	   -0.411201	    0.412074	    0.990002	  0.00999758	1
10	0.575609107188388	0.267866300609476	61	10	    0.169248	    0.261231	  -0.0043457	    0.255374	   0.0556063	    0.944394	2
10	-0.383656337858339	0.0168680246775663	62	10	    0.169248	    0.261231	  -0.0043457	    0.255374	   0.0556063	    0.944394	2
10	1.44256691088959	-0.363063163019402	63	10	    0.169248	    0.261231	  -0.0043457	    0.255374	   0.0556063	    0.944394	2
10	0.0426028829952316	-1.50744140447698	64	10	    0.169248	    0.261231	  -0.0043457	    0.255374	   0.0556063	    0.944394	2
10	0.797545876351039	-0.999307487437945	65	10	    0.169248	    0.261231	  -0.0043457	    0.255374	   0.0556063	    0.944394	2
10	1.66095233419261	-1.24871384230152	66	10	    0.169248	    0.261231	  -0.0043457	    0.255374	   0.0556063	    0.944394	2
11	1.27436975419097	-1.64954636444066	67	11	   0.0146857	     0.22082	   -0.295802	    0.220325	  0.00260125	    0.997399	2
11	-0.786134327818524	-0.198611358830972	68	11	   0.0146857	     0.22082	   -0.295802	    0.220325	  0.00260125	    0.997399	2
11	0.184859479953005	-0.98421967558697	69	11	   0.0146857	     0.22082	   -0.295802	    0.220325	  0.00260125	    0.997399	2
11	1.24352776484238	-1.35960537995469	70	11	   0.0146857	     0.22082	   -0.295802	    0.220325	  0.00260125	    0.997399	2
11	0.61657093967003	-1.37873643786425	71	11	   0.0146857	     0.22082	   -0.295802	    0.220325	  0.00260125	    0.997399	2
11	0.837997587887183	-0.487259901138225	72	11	   0.0146857	     0.22082	   -0.295802	    0.220325	  0.00260125	    0.997399	2
11	0.667562353207731	-0.710291238106667	73	11	   0.0146857	     0.22082	   -0.295802	    0.220325	  0.00260125	    0.997399	2
11	0.00641119837049198	-1.23229967712962	74	11	   0.0146857	     0.22082	   -0.295802	    0.220325	  0.00260125	    0.997399	2
12	-0.503189030954508	0.0454439527543392	75	12	    -1.46808	    0.214409	    0.691057	    0.213465	   0.0411218	    0.958878	2
12	-1.51289293922305	-0.99445792089708	76	12	    -1.46808	    0.214409	    0.691057	    0.213465	   0.0411218	    0.958878	2
12	-0.770840575403172	0.10249068711331	77	12	    -1.46808	    0.214409	    0.691057	    0.213465	   0.0411218	    0.958878	2
12	-1.78016509086773	0.0805574555073645	78	12	    -1.46808	    0.214409	    0.691057	    0.213465	   0.0411218	    0.958878	2
12	-1.91751077062039	-0.0239157167173761	79	12	    -1.46808	    0.214409	    0.691057	    0.213465	   0.0411218	    0.958878	2
12	-0.291841801150824	0.519839686859666	80	12	    -1.46808	    0.214409	    0.691057	    0.213465	   0.0411218	    0.958878	2
12	-2.13948421959473	-0.00740281227410874	81	12	    -1.46808	    0.214409	    0.691057	    0.213465	   0.0411218	    0.958878	2
12	-2.39870398877143	0.797733609614463	82	12	    -1.46808	    0.214409	    0.691057	    0.213465	   0.0411218	    0.958878	2
12	0.0514084893584815	1.28720843241233	83	12	    -1.46808	    0.214409	    0.691057	    0.213465	   0.0411218	    0.958878	2
12	-0.104554661496255	0.215476281906653	84	12	    -1.46808	    0.214409	    0.691057	    0.213465	   0.0411218	    0.958878	2
13	1.7961987943941	-1.81521984209803	85	13	    0.899245	     0.36831	   -0.489797	    0.341105	      0.2328	      0.7672	2
13	1.8526961349417	-2.54816860916118	86	13	    0.899245	     0.36831	   -0.489797	    0.341105	      0.2328	      0.7672	2
13	2.27000070120091	-0.83515622284492	87	13	    0.899245	     0.36831	   -0.489797	    0.341105	      0.2328	      0.7672	2
13	0.911560813054968	-0.629278872399143	88	13	    0.899245	     0.36831	   -0.489797	    0.341105	      0.2328	      0.7672	2
14	0.698346610242135	-0.0841282928435213	89	14	    0.248668	    0.252249	    -0.16812	    0.248049	   0.0113048	    0.988695	2
14	1.40960044450974	-0.812342442744044	90	14	    0.248668	    0.252249	    -0.16812	    0.248049	   0.0113048	    0.988695	2
14	0.880337386002226	-1.32129323358889	91	14	    0.248668	    0.252249	    -0.16812	    0.248049	   0.0113048	    0.988695	2
14	0.777124973223055	-0.961624116776815	92	14	    0.248668	    0.252249	    -0.16812	    0.248049	   0.0113048	    0.988695	2
14	1.39363185146068	-0.541074493105819	93	14	    0.248668	    0.252249	    -0.16812	    0.248049	   0.0113048	    0.988695	2
14	-0.481182051647343	-1.41548073059038	94	14	    0.248668	    0.252249	    -0.16812	    0.248049	   0.0113048	    0.988695	2
15	-0.578929595961072	0.554104485968673	95	15	   -0.878214	    0.220723	   -0.174474	    0.220065	  0.00150965	     0.99849	2
15	-0.992531901210443	-1.23335067521479	96	15	   -0.878214	    0.220723	   -0.174474	    0.220065	  0.00150965	     0.99849	2
15	-0.153495594996669	-1.45099111486773	97	15	   -0.878214	    0.220723	   -0.174474	    0.220065	  0.00150965	     0.99849	2
15	-0.51316939136542	-1.32701290659561	98	15	   -0.878214	    0.220723	   -0.174474	    0.220065	  0.00150965	     0.99849	2
15	-1.07053846345117	-0.851209421988045	99	15	   -0.878214	    0.220723	   -0.174474	    0.220065	  0.00150965	     0.99849	2
15	-0.373041285525434	-1.18270622403092	100	15	   -0.878214	    0.220723	   -0.174474	    0.220065	  0.00150965	     0.99849	2
15	0.267763932253083	-0.537599425340296	101	15	   -0.878214	    0.220723	   -0.174474	    0.220065	  0.00150965	     0.99849	2
15	-0.568968253776806	-0.766861480304981	102	15	   -0.878214	    0.220723	   -0.174474	    0.220065	  0.00150965	     0.99849	2
16	0.373485749121844	-1.6216057977569	103	16	   -0.142557	    0.341237	    0.215037	    0.336749	    0.999252	 0.000748184	1
16	-0.631759513569477	2.14215542547047	104	16	   -0.142557	    0.341237	    0.215037	    0.336749	    0.999252	 0.000748184	1
16	-1.39702047990358	0.110305674088957	105	16	   -0.142557	    0.341237	    0.215037	    0.336749	    0.999252	 0.000748184	1
16	-0.179334889022662	-0.114074653992886	106	16	   -0.142557	    0.341237	    0.215037	    0.336749	    0.999252	 0.000748184	1
16	-0.157235991692124	-0.287211898766781	107	16	   -0.142557	    0.341237	    0.215037	    0.336749	    0.999252	 0.000748184	1
16	0.709671666023124	-2.1322236906387	108	16	   -0.142557	    0.341237	    0.215037	    0.336749	    0.999252	 0.000748184	1
16	1.63536794705394	0.097450705517172	109	16	   -0.142557	    0.341237	    0.215037	    0.336749	    0.999252	 0.000748184	1
16	-0.6718368009102	0.695333383459936	110	16	   -0.142557	    0.341237	    0.215037	    0.336749	    0.999252	 0.000748184	1
16	1.59885321541304	-1.42562827633532	111	16	   -0.142557	    0.341237	    0.215037	    0.336749	    0.999252	 0.000748184	1
16	1.67491202918777	0.13873963869898	112	16	   -0.142557	    0.341237	    0.215037	    0.336749	    0.999252	 0.000748184	1
17	1.26462221720961	1.43867049096613	113	17	    0.479483	    0.454763	    0.127569	    0.408279	     0.97048	   0.0295198	1
17	1.18861638569307	0.70927934741748	114	17	    0.479483	    0.454763	    0.127569	    0.408279	     0.97048	   0.0295198	1
17	2.0875837222562	-0.595081457340507	115	17	    0.479483	    0.454763	    0.127569	    0.408279	     0.97048	   0.0295198	1
17	0.997509788822707	-2.56429734894966	116	17	    0.479483	    0.454763	    0.127569	    0.408279	     0.97048	   0.0295198	1
18	1.07238266625028	-1.12095610064092	117	18	    0.418258	    0.250616	   -0.298384	    0.246687	  0.00338507	    0.996615	2
18	1.28318208687926	-0.256638964675582	118	18	    0.418258	    0.250616	   -0.298384	    0.246687	  0.00338507	    0.996615	2
18	1.59379542621109	-1.34967289076686	119	18	    0.418258	    0.250616	   -0.298384	    0.246687	  0.00338507	    0.996615	2
18	0.420785505343569	-1.58837227629801	120	18	    0.418258	    0.250616	   -0.298384	    0.246687	  0.00338507	    0.996615	2
18	0.858255241693223	-0.769374597081522	121	18	    0.418258	    0.250616	   -0.298384	    0.246687	  0.00338507	    0.996615	2
18	0.63189329470427	-1.0787910586753	122	18	    0.418258	    0.250616	   -0.298384	    0.246687	  0.00338507	    0.996615	2
19	0.384400390452614	-0.451949592411075	123	19	    0.710688	    0.220652	   0.0987709	    0.220039	  0.00142322	    0.998577	2
19	0.984692823350401	-0.705702151327034	124	19	    0.710688	    0.220652	   0.0987709	    0.220039	  0.00142322	    0.998577	2
19	1.84027200258876	-0.911466640861786	125	19	    0.710688	    0.220652	   0.0987709	    0.220039	  0.00142322	    0.998577	2
19	0.64116253658583	0.328974282285376	126	19	    0.710688	    0.220652	   0.0987709	    0.220039	  0.00142322	    0.998577	2
19	1.85488124311586	-0.724225946570537	127	19	    0.710688	    0.220652	   0.0987709	    0.220039	  0.00142322	    0.998577	2
19	0.747546361655915	-0.684051207929502	128	19	    0.710688	    0.220652	   0.0987709	    0.220039	  0.00142322	    0.998577	2
19	1.7477910458659	-0.698490645907913	129	19	    0.710688	    0.220652	   0.0987709	    0.220039	  0.00142322	    0.998577	2
19	2.10207989075959	-0.237919306262549	130	19	    0.710688	    0.220652	   0.0987709	    0.220039	  0.00142322	    0.998577	2
20	1.7713064768407	-1.07065684048782	131	20	      1.0738	     0.19971	    0.285935	    0.200753	  0.00128927	    0.998711	2
20	1.75420059099621	0.68426804483332	132	20	      1.0738	     0.19971	    0.285935	    0.200753	  0.00128927	    0.998711	2
20	1.51983106948336	-0.646087538250504	133	20	      1.0738	     0.19971	    0.285935	    0.200753	  0.00128927	    0.998711	2
20	1.66048405870201	0.870344331586962	134	20	      1.0738	     0.19971	    0.285935	    0.200753	  0.00128927	    0.998711	2
20	1.63634056211388	-0.822385178982786	135	20	      1.0738	     0.19971	    0.285935	    0.200753	  0.00128927	    0.998711	2
20	0.953575470489144	0.535437210574918	136	20	      1.0738	     0.19971	    0.285935	    0.200753	  0.00128927	    0.998711	2
20	1.1762250535868	-0.942231487923261	137	20	      1.0738	     0.19971	    0.285935	    0.200753	  0.00128927	    0.998711	2
20	2.32562756237877	-0.225643284852854	138	20	      1.0738	     0.19971	    0.285935	    0.200753	  0.00128927	    0.998711	2
20	2.65140187608077	-0.952373981201642	139	20	      1.0738	     0.19971	    0.285935	    0.200753	  0.00128927	    0.998711	2
20	1.24416503900518	-0.353081178517024	140	20	      1.0738	     0.19971	    0.285935	    0.200753	  0.00128927	    0.998711	2
21	-0.198811897884095	-1.78666858316773	141	21	   -0.135305	    0.426513	    0.218028	     0.39391	    0.773635	    0.226365	1
21	-0.429724647490801	0.467715892271837	142	21	   -0.135305	    0.426513	    0.218028	     0.39391	    0.773635	    0.226365	1
21	1.83912036428277	0.394236637714273	143	21	   -0.135305	    0.426513	    0.218028	     0.39391	    0.773635	    0.226365	1
21	-0.172106966874874	0.547764355977113	144	21	   -0.135305	    0.426513	    0.218028	     0.39391	    0.773635	    0.226365	1
22	-0.773328068155616	-1.18199352655041	145	22	    -0.22261	    0.405813	   0.0996492	    0.380551	    0.995485	  0.00451548	1
22	1.10818952348049	1.69848425008639	146	22	    -0.22261	    0.405813	   0.0996492	    0.380551	    0.995485	  0.00451548	1
22	-0.342867810470377	0.523175430927313	147	22	    -0.22261	    0.405813	   0.0996492	    0.380551	    0.995485	  0.00451548	1
22	1.90081782739675	-0.749137886074933	148	22	    -0.22261	    0.405813	   0.0996492	    0.380551	    0.995485	  0.00451548	1
22	-0.815564071170937	-2.29108504766085	149	22	    -0.22261	    0.405813	   0.0996492	    0.380551	    0.995485	  0.00451548	1
22	-0.272537067287851	-0.37791492416513	150	22	    -0.22261	    0.405813	   0.0996492	    0.380551	    0.995485	  0.00451548	1
23	0.987137676888919	2.05098195549957	151	23	   -0.171922	     0.36961	    0.129509	    0.356879	           1	 1.68308e-07	1
23	-0.0375023057369436	-1.39827673646019	152	23	   -0.171922	     0.36961	    0.129509	    0.356879	           1	 1.68308e-07	1
23	-0.387063551878934	-0.895108595302798	153	23	   -0.171922	     0.36961	    0.129509	    0.356879	           1	 1.68308e-07	1
23	0.300847764107163	1.10989868452922	154	23	   -0.171922	     0.36961	    0.129509	    0.356879	           1	 1.68308e-07	1
23	0.561532596569916	0.7361335624063	155	23	   -0.171922	     0.36961	    0.129509	    0.356879	           1	 1.68308e-07	1
23	0.540653272935266	-3.34195211888307	156	23	   -0.171922	     0.36961	    0.129509	    0.356879	           1	 1.68308e-07	1
23	-1.51111285434358	-2.40579277416101	157	23	   -0.171922	     0.36961	    0.129509	    0.356879	           1	 1.68308e-07	1
23	1.46690759177856	1.19073128065134	158	23	   -0.171922	     0.36961	    0.129509	    0.356879	           1	 1.68308e-07	1
24	1.91672758526524	-1.88688424214694	159	24	   -0.513247	     0.34132	   -0.108699	    0.336815	    0.999996	 4.34826e-06	1
24	-0.836412041547391	-0.258137501193946	160	24	   -0.513247	     0.34132	   -0.108699	    0.336815	    0.999996	 4.34826e-06	1
24	0.767790118136385	-0.411822279884632	161	24	   -0.513247	     0.34132	   -0.108699	    0.336815	    0.999996	 4.34826e-06	1
24	0.635201194290795	-1.74688386668249	162	24	   -0.513247	     0.34132	   -0.108699	    0.336815	    0.999996	 4.34826e-06	1
24	-1.09070205421467	-0.496987236977471	163	24	   -0.513247	     0.34132	   -0.108699	    0.336815	    0.999996	 4.34826e-06	1
24	-3.35033364971203	-0.402570907331777	164	24	   -0.513247	     0.34132	   -0.108699	    0.336815	    0.999996	 4.34826e-06	1
24	-0.0678418519408739	-0.471980555061053	165	24	   -0.513247	     0.34132	   -0.108699	    0.336815	    0.999996	 4.34826e-06	1
24	0.309069002406523	0.808892940407779	166	24	   -0.513247	     0.34132	   -0.108699	    0.336815	    0.999996	 4.34826e-06	1
24	1.47718481098291	-2.09777364860777	167	24	   -0.513247	     0.34132	   -0.108699	    0.336815	    0.999996	 4.34826e-06	1
24	-1.84170615668752	-1.35617362086436	168	24	   -0.513247	     0.34132	   -0.108699	    0.336815	    0.999996	 4.34826e-06	1
25	2.4179130353897	-2.47979660523151	169	25	    0.433119	    0.456789	   0.0812942	     0.41082	           1	 1.97073e-08	1
25	0.512149004862221	3.68342057213041	170	25	    0.433119	    0.456789	   0.0812942	     0.41082	           1	 1.97073e-08	1
25	1.85560360913528	-0.376026985616043	171	25	    0.433119	    0.456789	   0.0812942	     0.41082	           1	 1.97073e-08	1
25	0.456051129215982	-2.35982927254901	172	25	    0.433119	    0.456789	   0.0812942	     0.41082	           1	 1.97073e-08	1
26	1.67176315945547	-0.570921809115486	173	26	     1.29679	    0.271563	    0.106421	    0.254793	   0.0507643	    0.949236	2
26	2.0188692910033	-0.84169259147559	174	26	     1.29679	    0.271563	    0.106421	    0.254793	   0.0507643	    0.949236	2
26	1.89726711847469	-0.61651452346877	175	26	     1.29679	    0.271563	    0.106421	    0.254793	   0.0507643	    0.949236	2
26	2.84082419092374	-1.71928479432894	176	26	     1.29679	    0.271563	    0.106421	    0.254793	   0.0507643	    0.949236	2
26	2.02354499554724	0.98720084713668	177	26	     1.29679	    0.271563	    0.106421	    0.254793	   0.0507643	    0.949236	2
26	1.67088946946074	-0.175442251346293	178	26	     1.29679	    0.271563	    0.106421	    0.254793	   0.0507643	    0.949236	2
27	-0.701927742652366	-0.539229873955272	179	27	   -0.294505	     0.36949	   -0.188304	    0.356779	      0.9989	  0.00109979	1
27	-0.656426996005454	-1.76853668943865	180	27	   -0.294505	     0.36949	   -0.188304	    0.356779	      0.9989	  0.00109979	1
27	-0.166351478867024	0.227667270114914	181	27	   -0.294505	     0.36949	   -0.188304	    0.356779	      0.9989	  0.00109979	1
27	1.20364303326588	0.289705770228443	182	27	   -0.294505	     0.36949	   -0.188304	    0.356779	      0.9989	  0.00109979	1
27	0.765149267219951	-2.90980058820387	183	27	   -0.294505	     0.36949	   -0.188304	    0.356779	      0.9989	  0.00109979	1
27	0.172891900249554	-2.97264894556072	184	27	   -0.294505	     0.36949	   -0.188304	    0.356779	      0.9989	  0.00109979	1
27	0.941716231613408	-1.48065642747221	185	27	   -0.294505	     0.36949	   -0.188304	    0.356779	      0.9989	  0.00109979	1
27	-1.05632200985448	1.02117759273654	186	27	   -0.294505	     0.36949	   -0.188304	    0.356779	      0.9989	  0.00109979	1
28	-0.141133674811656	-1.62433969263512	187	28	   0.0901842	    0.199888	   -0.136847	     0.20116	  0.00358667	    0.996413	2
28	1.16749356794912	-0.907264666168888	188	28	   0.0901842	    0.199888	   -0.136847	     0.20116	  0.00358667	    0.996413	2
28	1.20997627585649	-0.189476328595978	189	28	   0.0901842	    0.199888	   -0.136847	     0.20116	  0.00358667	    0.996413	2
28	0.711927947165733	-1.76055616194044	190	28	   0.0901842	    0.199888	   -0.136847	     0.20116	  0.00358667	    0.996413	2
28	1.33559033689909	-1.12666579619345	191	28	   0.0901842	    0.199888	   -0.136847	     0.20116	  0.00358667	    0.996413	2
28	0.516363789606233	-0.117879159628041	192	28	   0.0901842	    0.199888	   -0.136847	     0.20116	  0.00358667	    0.996413	2
28	1.16543267980504	-1.60708895692666	193	28	   0.0901842	    0.199888	   -0.136847	     0.20116	  0.00358667	    0.996413	2
28	-0.731539288267882	-0.726223739958701	194	28	   0.0901842	    0.199888	   -0.136847	     0.20116	  0.00358667	    0.996413	2
28	0.187295549359648	-0.203261434585796	195	28	   0.0901842	    0.199888	   -0.136847	     0.20116	  0.00358667	    0.996413	2
28	0.461275118671177	0.299316883992992	196	28	   0.0901842	    0.199888	   -0.136847	     0.20116	  0.00358667	    0.996413	2
29	-0.737950662995873	1.29426739788037	197	29	   -0.469829	    0.423844	    0.212924	    0.383652	    0.681833	    0.318167	1
29	-0.186808529619537	-0.175771047334357	198	29	   -0.469829	    0.423844	    0.212924	    0.383652	    0.681833	    0.318167	1
29	-1.32529312234574	-0.982496269736945	199	29	   -0.469829	    0.423844	    0.212924	    0.383652	    0.681833	    0.318167	1
29	1.14941332318302	-0.718712727361532	200	29	   -0.469829	    0.423844	    0.212924	    0.383652	    0.681833	    0.318167	1
30	0.770515781184017	-0.00785192307366311	201	30	    0.533374	    0.277761	   0.0616423	    0.266073	    0.120446	    0.879554	2
30	1.55560538249713	0.48925788502368	202	30	    0.533374	    0.277761	   0.0616423	    0.266073	    0.120446	    0.879554	2
30	1.7703661993735	0.109168467110782	203	30	    0.533374	    0.277761	   0.0616423	    0.266073	    0.120446	    0.879554	2
30	1.68563204026302	-2.21536400751362	204	30	    0.533374	    0.277761	   0.0616423	    0.266073	    0.120446	    0.879554	2
30	0.487443393061006	-1.05525525940685	205	30	    0.533374	    0.277761	   0.0616423	    0.266073	    0.120446	    0.879554	2
30	0.518214762078465	-0.602838172227238	206	30	    0.533374	    0.277761	   0.0616423	    0.266073	    0.120446	    0.879554	2
31	1.23670693115702	-0.264880937807431	207	31	    0.051343	    0.223154	    0.123801	    0.222425	   0.0143767	    0.985623	2
31	0.182833784573324	-0.541041539979081	208	31	    0.051343	    0.223154	    0.123801	    0.222425	   0.0143767	    0.985623	2
31	0.090992302024446	-0.518902140496009	209	31	    0.051343	    0.223154	    0.123801	    0.222425	   0.0143767	    0.985623	2
31	-0.0825634886693338	0.189439262091845	210	31	    0.051343	    0.223154	    0.123801	    0.222425	   0.0143767	    0.985623	2
31	1.10006951425883	-1.65383861620694	211	31	    0.051343	    0.223154	    0.123801	    0.222425	   0.0143767	    0.985623	2
31	1.22015630508713	-0.463585169780873	212	31	    0.051343	    0.223154	    0.123801	    0.222425	   0.0143767	    0.985623	2
31	-0.935259615205988	-0.456674554944123	213	31	    0.051343	    0.223154	    0.123801	    0.222425	   0.0143767	    0.985623	2
31	1.56310072771614	-0.120762395433925	214	31	    0.051343	    0.223154	    0.123801	    0.222425	   0.0143767	    0.985623	2
32	0.982236423116471	-2.04612560828429	215	32	    0.876341	    0.203311	   -0.762769	    0.206053	   0.0157422	    0.984258	2
32	0.604858076179805	-1.42916514960807	216	32	    0.876341	    0.203311	   -0.762769	    0.206053	   0.0157422	    0.984258	2
32	1.68992223152791	-1.71676248118232	217	32	    0.876341	    0.203311	   -0.762769	    0.206053	   0.0157422	    0.984258	2
32	1.83739826512932	-2.52816838600069	218	32	    0.876341	    0.203311	   -0.762769	    0.206053	   0.0157422	    0.984258	2
32	1.55355789412345	-1.19951331001232	219	32	    0.876341	    0.203311	   -0.762769	    0.206053	   0.0157422	    0.984258	2
32	1.98716634275992	-2.1867353067974	220	32	    0.876341	    0.203311	   -0.762769	    0.206053	   0.0157422	    0.984258	2
32	1.46683578619004	0.131401476362603	221	32	    0.876341	    0.203311	   -0.762769	    0.206053	   0.0157422	    0.984258	2
32	1.92886659818791	-1.16617690489381	222	32	    0.876341	    0.203311	   -0.762769	    0.206053	   0.0157422	    0.984258	2
32	-0.043169950866186	-1.60485489261569	223	32	    0.876341	    0.203311	   -0.762769	    0.206053	   0.0157422	    0.984258	2
32	2.54160701862336	-1.72337834652831	224	32	    0.876341	    0.203311	   -0.762769	    0.206053	   0.0157422	    0.984258	2
33	2.69500852950731	-2.96839119569081	225	33	   0.0650997	    0.456422	   -0.309126	    0.410897	    0.997211	  0.00278893	1
33	1.15505660450936	-0.0656098796068888	226	33	   0.0650997	    0.456422	   -0.309126	    0.410897	    0.997211	  0.00278893	1
33	-0.707113261578903	-1.68613011412605	227	33	   0.0650997	    0.456422	   -0.309126	    0.410897	    0.997211	  0.00278893	1
33	-0.693341391084511	-1.60378464799581	228	33	   0.0650997	    0.456422	   -0.309126	    0.410897	    0.997211	  0.00278893	1
34	0.316234674897071	0.290632852896008	229	34	   -0.287675	    0.346553	    0.203773	    0.331555	    0.541482	    0.458518	1
34	-0.652116071011582	-0.910803611182118	230	34	   -0.287675	    0.346553	    0.203773	    0.331555	    0.541482	    0.458518	1
34	1.01468014666876	-1.23070186339627	231	34	   -0.287675	    0.346553	    0.203773	    0.331555	    0.541482	    0.458518	1
34	-1.16809587864658	1.61323681897829	232	34	   -0.287675	    0.346553	    0.203773	    0.331555	    0.541482	    0.458518	1
34	0.834571719048569	-0.551065155927908	233	34	   -0.287675	    0.346553	    0.203773	    0.331555	    0.541482	    0.458518	1
34	0.233657789436003	-0.88252578293854	234	34	   -0.287675	    0.346553	    0.203773	    0.331555	    0.541482	    0.458518	1
35	2.46110313158921	2.31264607069408	235	35	  -0.0599532	     0.36961	    0.264071	    0.356879	           1	  3.9821e-10	1
35	1.18620345713982	-1.88940609441755	236	35	  -0.0599532	     0.36961	    0.264071	    0.356879	           1	  3.9821e-10	1
35	-1.53056960785286	0.11478887340748	237	35	  -0.0599532	     0.36961	    0.264071	    0.356879	           1	  3.9821e-10	1
35	1.61206528456205	-0.33235929392388	238	35	  -0.0599532	     0.36961	    0.264071	    0.356879	           1	  3.9821e-10	1
35	-0.203154346656076	-2.5332193575692	239	35	  -0.0599532	     0.36961	    0.264071	    0.356879	           1	  3.9821e-10	1
35	1.53955068740679	0.718633408325287	240	35	  -0.0599532	     0.36961	    0.264071	    0.356879	           1	  3.9821e-10	1
35	-2.80244980770746	0.228693278743396	241	35	  -0.0599532	     0.36961	    0.264071	    0.356879	           1	  3.9821e-10	1
35	0.955803521817387	0.620522404810997	242	35	  -0.0599532	     0.36961	    0.264071	    0.356879	           1	  3.9821e-10	1
36	1.80396422197451	-2.15018910894332	243	36	     1.12084	     0.20185	    -1.32045	    0.206404	  0.00844789	    0.991552	2
36	2.84547853843224	-2.70583081474648	244	36	     1.12084	     0.20185	    -1.32045	    0.206404	  0.00844789	    0.991552	2
36	0.797796898826309	-2.69241637563739	245	36	     1.12084	     0.20185	    -1.32045	    0.206404	  0.00844789	    0.991552	2
36	2.19370980008714	-1.75678795580585	246	36	     1.12084	     0.20185	    -1.32045	    0.206404	  0.00844789	    0.991552	2
36	1.66617460380066	-1.7669376248949	247	36	     1.12084	     0.20185	    -1.32045	    0.206404	  0.00844789	    0.991552	2
36	1.89434874309796	-2.55756452936215	248	36	     1.12084	     0.20185	    -1.32045	    0.206404	  0.00844789	    0.991552	2
36	2.77693906155364	-2.38405681727838	249	36	     1.12084	     0.20185	    -1.32045	    0.206404	  0.00844789	    0.991552	2
36	0.463177538901264	-2.09219984274936	250	36	     1.12084	     0.20185	    -1.32045	    0.206404	  0.00844789	    0.991552	2
36	1.00682159967558	-2.70723002526153	251	36	     1.12084	     0.20185	    -1.32045	    0.206404	  0.00844789	    0.991552	2
36	1.77829406935354	-1.29740036421338	252	36	     1.12084	     0.20185	    -1.32045	    0.206404	  0.00844789	    0.991552	2
37	-0.0848609721263196	-0.121584785025766	253	37	   0.0416886	    0.444843	   0.0685922	    0.401641	    0.910852	   0.0891482	1
37	1.01455820034231	-0.388897387262276	254	37	   0.0416886	    0.444843	   0.0685922	    0.401641	    0.910852	   0.0891482	1
37	2.29691763565673	0.506471596791487	255	37	   0.0416886	    0.444843	   0.0685922	    0.401641	    0.910852	   0.0891482	1
37	-0.967884601815136	-1.75858907002293	256	37	   0.0416886	    0.444843	   0.0685922	    0.401641	    0.910852	   0.0891482	1
38	1.69782439783062	-0.319527003225899	257	38	  -0.0306223	    0.325755	   -0.306382	    0.321696	     0.42529	     0.57471	2
38	-0.694972617103373	-0.456273155252082	258	38	  -0.0306223	    0.325755	   -0.306382	    0.321696	     0.42529	     0.57471	2
38	0.930501264334914	-1.84808488156378	259	38	  -0.0306223	    0.325755	   -0.306382	    0.321696	     0.42529	     0.57471	2
38	0.14784844545336	-1.66675666629598	260	38	  -0.0306223	    0.325755	   -0.306382	    0.321696	     0.42529	     0.57471	2
38	1.16737743841732	-2.23308005767709	261	38	  -0.0306223	    0.325755	   -0.306382	    0.321696	     0.42529	     0.57471	2
38	-0.555607670405598	-0.268402173644968	262	38	  -0.0306223	    0.325755	   -0.306382	    0.321696	     0.42529	     0.57471	2
39	1.59404522633288	-0.75330738752053	263	39	     1.09359	    0.220787	     0.22736	    0.220064	  0.00144843	    0.998552	2
39	1.39276553054828	-0.421083347269485	264	39	     1.09359	    0.220787	     0.22736	    0.220064	  0.00144843	    0.998552	2
39	1.97973378363631	-0.752059366407964	265	39	     1.09359	    0.220787	     0.22736	    0.220064	  0.00144843	    0.998552	2
39	2.27377515012658	0.699011575765213	266	39	     1.09359	    0.220787	     0.22736	    0.220064	  0.00144843	    0.998552	2
39	1.61139713176437	-0.966187159174151	267	39	     1.09359	    0.220787	     0.22736	    0.220064	  0.00144843	    0.998552	2
39	1.8471660783693	-0.498175864260173	268	39	     1.09359	    0.220787	     0.22736	    0.220064	  0.00144843	    0.998552	2
39	0.768767266725235	0.289222582603099	269	39	     1.09359	    0.220787	     0.22736	    0.220064	  0.00144843	    0.998552	2
39	2.27782789428	-0.406554918391266	270	39	     1.09359	    0.220787	     0.22736	    0.220064	  0.00144843	    0.998552	2
40	-0.926051509755663	-0.194900040577731	271	40	    -1.17933	     0.19935	   -0.148383	    0.200597	 0.000584865	    0.999415	2
40	-0.417042461945645	-1.25445769979779	272	40	    -1.17933	     0.19935	   -0.148383	    0.200597	 0.000584865	    0.999415	2
40	-2.02154660158809	-1.03773045881883	273	40	    -1.17933	     0.19935	   -0.148383	    0.200597	 0.000584865	    0.999415	2
40	-0.654592814828955	-0.52855594397535	274	40	    -1.17933	     0.19935	   -0.148383	    0.200597	 0.000584865	    0.999415	2
40	0.099721355796101	-1.36078268715797	275	40	    -1.17933	     0.19935	   -0.148383	    0.200597	 0.000584865	    0.999415	2
40	-0.529675378265176	-1.48606473835305	276	40	    -1.17933	     0.19935	   -0.148383	    0.200597	 0.000584865	    0.999415	2
40	-0.824597410435887	-0.591733803246675	277	40	    -1.17933	     0.19935	   -0.148383	    0.200597	 0.000584865	    0.999415	2
40	-0.0655693952385422	-0.532284344211931	278	40	    -1.17933	     0.19935	   -0.148383	    0.200597	 0.000584865	    0.999415	2
40	-1.68224780049929	-1.07451588804591	279	40	    -1.17933	     0.19935	   -0.148383	    0.200597	 0.000584865	    0.999415	2
40	-1.04673562272902	-0.0381857042779299	280	40	    -1.17933	     0.19935	   -0.148383	    0.200597	 0.000584865	    0.999415	2
41	-0.563945367234323	0.419988951694687	281	41	    -0.57217	    0.319307	    0.536422	     0.31005	   0.0916402	     0.90836	2
41	-0.681635417848636	1.09580785809169	282	41	    -0.57217	    0.319307	    0.536422	     0.31005	   0.0916402	     0.90836	2
41	0.128523914954536	0.0413026329582194	283	41	    -0.57217	    0.319307	    0.536422	     0.31005	   0.0916402	     0.90836	2
41	0.127183948579203	-0.757990860523229	284	41	    -0.57217	    0.319307	    0.536422	     0.31005	   0.0916402	     0.90836	2
42	3.18894509838808	-1.10829484623135	285	42	    0.453639	    0.401364	   -0.428249	    0.382354	     0.94759	   0.0524101	1
42	-0.476020178563791	-1.72563453943695	286	42	    0.453639	    0.401364	   -0.428249	    0.382354	     0.94759	   0.0524101	1
42	0.317237003394592	-2.64518665918474	287	42	    0.453639	    0.401364	   -0.428249	    0.382354	     0.94759	   0.0524101	1
42	1.6392768730748	-0.904585754792246	288	42	    0.453639	    0.401364	   -0.428249	    0.382354	     0.94759	   0.0524101	1
42	2.14659807288944	-2.1523098506134	289	42	    0.453639	    0.401364	   -0.428249	    0.382354	     0.94759	   0.0524101	1
42	0.38380773361777	-1.13894700950293	290	42	    0.453639	    0.401364	   -0.428249	    0.382354	     0.94759	   0.0524101	1
43	1.42252414282953	-0.412329161083325	291	43	   -0.287318	     0.36961	    0.340046	    0.356879	           1	 1.43788e-09	1
43	0.485432198627885	-2.87404758709383	292	43	   -0.287318	     0.36961	    0.340046	    0.356879	           1	 1.43788e-09	1
43	-0.951477309169477	0.115931723551628	293	43	   -0.287318	     0.36961	    0.340046	    0.356879	           1	 1.43788e-09	1
43	-2.99928352895491	1.50668361506852	294	43	   -0.287318	     0.36961	    0.340046	    0.356879	           1	 1.43788e-09	1
43	1.16600042674058	1.00389712419681	295	43	   -0.287318	     0.36961	    0.340046	    0.356879	           1	 1.43788e-09	1
43	-0.121364862269686	1.39794362650669	296	43	   -0.287318	     0.36961	    0.340046	    0.356879	           1	 1.43788e-09	1
43	0.677192735443299	1.94868146498831	297	43	   -0.287318	     0.36961	    0.340046	    0.356879	           1	 1.43788e-09	1
43	0.905535689647639	-2.20789233389607	298	43	   -0.287318	     0.36961	    0.340046	    0.356879	           1	 1.43788e-09	1
44	0.629689444795574	-0.365653425460259	299	44	  -0.0825386	    0.199932	 -0.00510741	    0.201169	  0.00374871	    0.996251	2
44	0.571849764035429	-1.30404115112856	300	44	  -0.0825386	    0.199932	 -0.00510741	    0.201169	  0.00374871	    0.996251	2
44	0.275440140059836	0.061356673049921	301	44	  -0.0825386	    0.199932	 -0.00510741	    0.201169	  0.00374871	    0.996251	2
44	0.243300508848011	-1.43071069329527	302	44	  -0.0825386	    0.199932	 -0.00510741	    0.201169	  0.00374871	    0.996251	2
44	0.907317887362181	-0.575739568762899	303	44	  -0.0825386	    0.199932	 -0.00510741	    0.201169	  0.00374871	    0.996251	2
44	-0.367702886527486	-0.375308532134591	304	44	  -0.0825386	    0.199932	 -0.00510741	    0.201169	  0.00374871	    0.996251	2
44	-0.283833613276247	-0.0135661108348092	305	44	  -0.0825386	    0.199932	 -0.00510741	    0.201169	  0.00374871	    0.996251	2
44	-0.0882713482647772	-0.482323909622546	306	44	  -0.0825386	    0.199932	 -0.00510741	    0.201169	  0.00374871	    0.996251	2
44	1.79869345875094	-2.17604122148272	307	44	  -0.0825386	    0.199932	 -0.00510741	    0.201169	  0.00374871	    0.996251	2
44	0.29766348015203	0.270227806023766	308	44	  -0.0825386	    0.199932	 -0.00510741	    0.201169	  0.00374871	    0.996251	2
45	1.2329877182522	2.03885733619786	309	45	    0.413272	    0.456789	  -0.0713617	     0.41082	           1	 1.81812e-07	1
45	2.04723124415247	-2.3914709381949	310	45	    0.413272	    0.456789	  -0.0713617	     0.41082	           1	 1.81812e-07	1
45	3.12308901285233	-0.436577333845452	311	45	    0.413272	    0.456789	  -0.0713617	     0.41082	           1	 1.81812e-07	1
45	-1.31213300873507	-2.62107490140457	312	45	    0.413272	    0.456789	  -0.0713617	     0.41082	           1	 1.81812e-07	1
46	2.06438250007294	-0.688705412486358	313	46	      1.3141	    0.258106	    0.192225	      0.2494	   0.0183964	    0.981604	2
46	1.53466395901265	-0.510411220591636	314	46	      1.3141	    0.258106	    0.192225	      0.2494	   0.0183964	    0.981604	2
46	1.19821810976684	-0.461934576211212	315	46	      1.3141	    0.258106	    0.192225	      0.2494	   0.0183964	    0.981604	2
46	1.67550893576289	0.545218744243418	316	46	      1.3141	    0.258106	    0.192225	      0.2494	   0.0183964	    0.981604	2
46	2.79247511083825	-0.473012226302452	317	46	      1.3141	    0.258106	    0.192225	      0.2494	   0.0183964	    0.981604	2
46	2.89850097094058	-0.675607207453786	318	46	      1.3141	    0.258106	    0.192225	      0.2494	   0.0183964	    0.981604	2
47	3.26255390860092	-1.10429225173593	319	47	    0.867118	    0.368912	    0.184002	    0.355129	    0.981011	   0.0189894	1
47	1.75260947921645	-0.294925858658691	320	47	    0.867118	    0.368912	    0.184002	    0.355129	    0.981011	   0.0189894	1
47	2.95851518113252	0.0371176354412979	321	47	    0.867118	    0.368912	    0.184002	    0.355129	    0.981011	   0.0189894	1
47	1.61736238916695	-0.10346274632299	322	47	    0.867118	    0.368912	    0.184002	    0.355129	    0.981011	   0.0189894	1
47	3.49958931066701	-0.12528656768014	323	47	    0.867118	    0.368912	    0.184002	    0.355129	    0.981011	   0.0189894	1
47	-0.233882798688441	-0.274318696063679	324	47	    0.867118	    0.368912	    0.184002	    0.355129	    0.981011	   0.0189894	1
47	-0.423313868234129	-0.286426379882985	325	47	    0.867118	    0.368912	    0.184002	    0.355129	    0.981011	   0.0189894	1
47	1.47032212734284	0.0503239131161213	326	47	    0.867118	    0.368912	    0.184002	    0.355129	    0.981011	   0.0189894	1
48	-0.0613369455366666	0.650285118529158	327	48	    0.232441	    0.210299	    0.540918	    0.215393	   0.0572816	    0.942718	2
48	1.89687139619186	0.360099086307841	328	48	    0.232441	    0.210299	    0.540918	    0.215393	   0.0572816	    0.942718	2
48	0.237202111156421	-0.466745663932249	329	48	    0.232441	    0.210299	    0.540918	    0.215393	   0.0572816	    0.942718	2
48	-0.333789986416329	1.24843717102175	330	48	    0.232441	    0.210299	    0.540918	    0.215393	   0.0572816	    0.942718	2
48	0.689664801044927	0.367263572654366	331	48	    0.232441	    0.210299	    0.540918	    0.215393	   0.0572816	    0.942718	2
48	1.87263897795866	-0.835121673092858	332	48	    0.232441	    0.210299	    0.540918	    0.215393	   0.0572816	    0.942718	2
48	-0.0686663249585291	-1.18578154756984	333	48	    0.232441	    0.210299	    0.540918	    0.215393	   0.0572816	    0.942718	2
48	0.92037590092807	-0.290323539938074	334	48	    0.232441	    0.210299	    0.540918	    0.215393	   0.0572816	    0.942718	2
48	0.408911864491032	-0.256341757755772	335	48	    0.232441	    0.210299	    0.540918	    0.215393	   0.0572816	    0.942718	2
48	1.91209724171732	0.653882578118718	336	48	    0.232441	    0.210299	    0.540918	    0.215393	   0.0572816	    0.942718	2
49	1.00611412286373	-1.41316993444542	337	49	    -0.46406	    0.456751	   0.0363399	    0.410762	    0.999453	 0.000547262	1
49	-3.00635575639726	-1.73439178404394	338	49	    -0.46406	    0.456751	   0.0363399	    0.410762	    0.999453	 0.000547262	1
49	-0.0318764774482303	-0.0276240646228837	339	49	    -0.46406	    0.456751	   0.0363399	    0.410762	    0.999453	 0.000547262	1
49	0.469827692522471	1.08964320933333	340	49	    -0.46406	    0.456751	   0.0363399	    0.410762	    0.999453	 0.000547262	1
50	1.31667854445785	-1.96451997713625	341	50	   -0.233866	    0.253222	   -0.225815	    0.249043	    0.015974	    0.984026	2
50	-0.101903688421499	-0.769051886902495	342	50	   -0.233866	    0.253222	   -0.225815	    0.249043	    0.015974	    0.984026	2
50	-0.524134107437252	-0.616834903429719	343	50	   -0.233866	    0.253222	   -0.225815	    0.249043	    0.015974	    0.984026	2
50	0.306076436494494	-0.405864131926902	344	50	   -0.233866	    0.253222	   -0.225815	    0.249043	    0.015974	    0.984026	2
50	0.241914737221827	-0.340011774254181	345	50	   -0.233866	    0.253222	   -0.225815	    0.249043	    0.015974	    0.984026	2
50	0.0548359083581972	-1.50241187758151	346	50	   -0.233866	    0.253222	   -0.225815	    0.249043	    0.015974	    0.984026	2
51	0.321213296495135	-2.36483136601029	347	51	   -0.147482	     0.31052	   -0.376106	    0.315677	    0.539764	    0.460236	1
51	-0.749795040676747	-0.184261555767355	348	51	   -0.147482	     0.31052	   -0.376106	    0.315677	    0.539764	    0.460236	1
51	0.91359682881802	-0.581749947529539	349	51	   -0.147482	     0.31052	   -0.376106	    0.315677	    0.539764	    0.460236	1
51	-0.842733591644444	-3.00610148656017	350	51	   -0.147482	     0.31052	   -0.376106	    0.315677	    0.539764	    0.460236	1
51	0.913162548673073	-1.18748033454714	351	51	   -0.147482	     0.31052	   -0.376106	    0.315677	    0.539764	    0.460236	1
51	0.698861347776013	0.134328989958555	352	51	   -0.147482	     0.31052	   -0.376106	    0.315677	    0.539764	    0.460236	1
51	-0.130095314606242	-1.56043367267899	353	51	   -0.147482	     0.31052	   -0.376106	    0.315677	    0.539764	    0.460236	1
51	1.28085419371657	-1.04341428230496	354	51	   -0.147482	     0.31052	   -0.376106	    0.315677	    0.539764	    0.460236	1
52	1.87311212919242	-1.60942283834811	355	52	  -0.0366007	    0.199613	    0.161799	    0.200806	  0.00168362	    0.998316	2
52	0.311149551022057	-0.0473888514777065	356	52	  -0.0366007	    0.199613	    0.161799	    0.200806	  0.00168362	    0.998316	2
52	0.639274000774533	-0.713664168879669	357	52	  -0.0366007	    0.199613	    0.161799	    0.200806	  0.00168362	    0.998316	2
52	0.430036901572066	-0.718810826410843	358	52	  -0.0366007	    0.199613	    0.161799	    0.200806	  0.00168362	    0.998316	2
52	0.486754421875738	-1.17463469799986	359	52	  -0.0366007	    0.199613	    0.161799	    0.200806	  0.00168362	    0.998316	2
52	0.432609283877264	0.168274948246506	360	52	  -0.0366007	    0.199613	    0.161799	    0.200806	  0.00168362	    0.998316	2
52	-0.0592040484052152	-0.699935918144609	361	52	  -0.0366007	    0.199613	    0.161799	    0.200806	  0.00168362	    0.998316	2
52	-0.31192831674837	1.03608486925676	362	52	  -0.0366007	    0.199613	    0.161799	    0.200806	  0.00168362	    0.998316	2
52	0.101421037729233	-0.201348090572835	363	52	  -0.0366007	    0.199613	    0.161799	    0.200806	  0.00168362	    0.998316	2
52	0.586142626450277	-0.441052947721148	364	52	  -0.0366007	    0.199613	    0.161799	    0.200806	  0.00168362	    0.998316	2
53	0.286917131275308	-1.28845314168637	365	53	    0.112813	    0.305493	   -0.136181	    0.292261	   0.0479447	    0.952055	2
53	0.366782689125943	-1.70648284708248	366	53	    0.112813	    0.305493	   -0.136181	    0.292261	   0.0479447	    0.952055	2
53	0.74579064311681	-0.237874702634876	367	53	    0.112813	    0.305493	   -0.136181	    0.292261	   0.0479447	    0.952055	2
53	1.12916108631529	-0.125610597390814	368	53	    0.112813	    0.305493	   -0.136181	    0.292261	   0.0479447	    0.952055	2
54	0.768108050016165	-0.955516535813162	369	54	    0.129884	    0.406346	   0.0285542	    0.381015	    0.999998	 1.56391e-06	1
54	0.547958321743424	-0.806161764005172	370	54	    0.129884	    0.406346	   0.0285542	    0.381015	    0.999998	 1.56391e-06	1
54	-1.08631694636991	0.964102330152878	371	54	    0.129884	    0.406346	   0.0285542	    0.381015	    0.999998	 1.56391e-06	1
54	3.19121093516373	-0.943158680727089	372	54	    0.129884	    0.406346	   0.0285542	    0.381015	    0.999998	 1.56391e-06	1
54	1.03453885649906	-3.30356480339234	373	54	    0.129884	    0.406346	   0.0285542	    0.381015	    0.999998	 1.56391e-06	1
54	-0.275746530313214	1.65417361443457	374	54	    0.129884	    0.406346	   0.0285542	    0.381015	    0.999998	 1.56391e-06	1
55	1.03211962366986	-2.41303874050966	375	55	    0.647869	     0.24084	   -0.724051	    0.249278	   0.0876876	    0.912312	2
55	0.735999855839448	-0.80261896748849	376	55	    0.647869	     0.24084	   -0.724051	    0.249278	   0.0876876	    0.912312	2
55	0.832819610337565	-1.17145649618707	377	55	    0.647869	     0.24084	   -0.724051	    0.249278	   0.0876876	    0.912312	2
55	2.37587019393838	-1.35706671125643	378	55	    0.647869	     0.24084	   -0.724051	    0.249278	   0.0876876	    0.912312	2
55	0.656240914972717	-2.70566176018974	379	55	    0.647869	     0.24084	   -0.724051	    0.249278	   0.0876876	    0.912312	2
55	1.78094575183941	-2.17942349087754	380	55	    0.647869	     0.24084	   -0.724051	    0.249278	   0.0876876	    0.912312	2
55	2.25955139517272	-0.587458049825167	381	55	    0.647869	     0.24084	   -0.724051	    0.249278	   0.0876876	    0.912312	2
55	0.179347095236814	-1.28236773085179	382	55	    0.647869	     0.24084	   -0.724051	    0.249278	   0.0876876	    0.912312	2
56	0.525084614968957	-3.17170301630447	383	56	  -0.0738629	     0.32305	   -0.525904	    0.332927	      0.8415	      0.1585	1
56	-0.911911112420249	-2.78860421845811	384	56	  -0.0738629	     0.32305	   -0.525904	    0.332927	      0.8415	      0.1585	1
56	-0.648080149791954	-2.51920474712253	385	56	  -0.0738629	     0.32305	   -0.525904	    0.332927	      0.8415	      0.1585	1
56	0.5494418601835	-0.815106218201685	386	56	  -0.0738629	     0.32305	   -0.525904	    0.332927	      0.8415	      0.1585	1
56	-0.248349279583884	-1.93831114057542	387	56	  -0.0738629	     0.32305	   -0.525904	    0.332927	      0.8415	      0.1585	1
56	1.08615501312383	-0.0546319651676197	388	56	  -0.0738629	     0.32305	   -0.525904	    0.332927	      0.8415	      0.1585	1
56	1.92194146279467	-0.220020870594317	389	56	  -0.0738629	     0.32305	   -0.525904	    0.332927	      0.8415	      0.1585	1
56	-0.0147708406948076	-1.26636435348058	390	56	  -0.0738629	     0.32305	   -0.525904	    0.332927	      0.8415	      0.1585	1
56	0.628381431757892	-1.72222443354785	391	56	  -0.0738629	     0.32305	   -0.525904	    0.332927	      0.8415	      0.1585	1
56	1.03635988161699	-0.706203376963058	392	56	  -0.0738629	     0.32305	   -0.525904	    0.332927	      0.8415	      0.1585	1
57	-0.278650018669182	-0.984038428211421	393	57	    -0.40338	    0.303271	   -0.118868	    0.289704	   0.0323299	     0.96767	2
57	0.409238674345778	-1.12627454681859	394	57	    -0.40338	    0.303271	   -0.118868	    0.289704	   0.0323299	     0.96767	2
57	0.108318516747913	0.166652214458619	395	57	    -0.40338	    0.303271	   -0.118868	    0.289704	   0.0323299	     0.96767	2
57	-0.316930467628491	-1.30379378414731	396	57	    -0.40338	    0.303271	   -0.118868	    0.289704	   0.0323299	     0.96767	2
58	-0.830521291705432	-0.565889441141785	397	58	    -1.00053	     0.40743	    0.312436	    0.379941	    0.968674	    0.031326	1
58	1.30937702341395	0.529127188980509	398	58	    -1.00053	     0.40743	    0.312436	    0.379941	    0.968674	    0.031326	1
58	-1.09645540589483	-0.3377700995645	399	58	    -1.00053	     0.40743	    0.312436	    0.379941	    0.968674	    0.031326	1
58	-1.55245119456402	0.793574667780097	400	58	    -1.00053	     0.40743	    0.312436	    0.379941	    0.968674	    0.031326	1
58	-3.21534056146184	-0.178444315430336	401	58	    -1.00053	     0.40743	    0.312436	    0.379941	    0.968674	    0.031326	1
58	-1.15936949763966	0.319287150772362	402	58	    -1.00053	     0.40743	    0.312436	    0.379941	    0.968674	    0.031326	1
59	1.52151468074112	-1.92991018312912	403	59	     0.32268	    0.220602	    -0.56703	    0.220204	  0.00145857	    0.998541	2
59	0.228346864836863	-1.34844393143943	404	59	     0.32268	    0.220602	    -0.56703	    0.220204	  0.00145857	    0.998541	2
59	1.01700521837726	-1.63752110159075	405	59	     0.32268	    0.220602	    -0.56703	    0.220204	  0.00145857	    0.998541	2
59	0.502996490837645	-0.858914815844636	406	59	     0.32268	    0.220602	    -0.56703	    0.220204	  0.00145857	    0.998541	2
59	1.71714687875998	-1.21048726928382	407	59	     0.32268	    0.220602	    -0.56703	    0.220204	  0.00145857	    0.998541	2
59	0.688736763358551	-0.490010557637625	408	59	     0.32268	    0.220602	    -0.56703	    0.220204	  0.00145857	    0.998541	2
59	1.04202344403461	-1.84691597305111	409	59	     0.32268	    0.220602	    -0.56703	    0.220204	  0.00145857	    0.998541	2
59	0.0964921162135516	-1.36781915621986	410	59	     0.32268	    0.220602	    -0.56703	    0.220204	  0.00145857	    0.998541	2
60	0.0430710026972513	-0.747417589397794	411	60	     0.33903	    0.202777	   -0.290818	    0.204124	   0.0176313	    0.982369	2
60	1.33367166374362	-1.63372057296042	412	60	     0.33903	    0.202777	   -0.290818	    0.204124	   0.0176313	    0.982369	2
60	0.401066546749064	-1.94875988275101	413	60	     0.33903	    0.202777	   -0.290818	    0.204124	   0.0176313	    0.982369	2
60	0.0266130193033373	0.721422815516903	414	60	     0.33903	    0.202777	   -0.290818	    0.204124	   0.0176313	    0.982369	2
60	0.902869771565019	-0.347332495487382	415	60	     0.33903	    0.202777	   -0.290818	    0.204124	   0.0176313	    0.982369	2
60	0.870655933210586	-1.23438486829654	416	60	     0.33903	    0.202777	   -0.290818	    0.204124	   0.0176313	    0.982369	2
60	1.91386549938427	-0.000788061528819828	417	60	     0.33903	    0.202777	   -0.290818	    0.204124	   0.0176313	    0.982369	2
60	1.57468205653808	-2.01920454701753	418	60	     0.33903	    0.202777	   -0.290818	    0.204124	   0.0176313	    0.982369	2
60	0.593127354226101	-0.948458785771022	419	60	     0.33903	    0.202777	   -0.290818	    0.204124	   0.0176313	    0.982369	2
60	0.969239206038681	-1.65877493748729	420	60	     0.33903	    0.202777	   -0.290818	    0.204124	   0.0176313	    0.982369	2
61	2.13714942218092	-0.217518993676988	421	61	     1.03283	    0.324616	    0.127843	    0.296257	   0.0737563	    0.926244	2
61	1.30475293333218	-0.988659710908686	422	61	     1.03283	    0.324616	    0.127843	    0.296257	   0.0737563	    0.926244	2
61	2.25860663272682	0.481708632692862	423	61	     1.03283	    0.324616	    0.127843	    0.296257	   0.0737563	    0.926244	2
61	1.54123297679107	-1.02157154913983	424	61	     1.03283	    0.324616	    0.127843	    0.296257	   0.0737563	    0.926244	2
62	0.446902958370001	0.888621723631973	425	62	   0.0612954	    0.253022	    0.648927	    0.251258	   0.0155673	    0.984433	2
62	0.253825266372886	0.901770510754354	426	62	   0.0612954	    0.253022	    0.648927	    0.251258	   0.0155673	    0.984433	2
62	0.0854976840121602	0.728731717967125	427	62	   0.0612954	    0.253022	    0.648927	    0.251258	   0.0155673	    0.984433	2
62	0.890330353615393	-1.04434472364887	428	62	   0.0612954	    0.253022	    0.648927	    0.251258	   0.0155673	    0.984433	2
62	0.861060477851191	0.00104150999899189	429	62	   0.0612954	    0.253022	    0.648927	    0.251258	   0.0155673	    0.984433	2
62	0.827356396215391	-0.102113384103853	430	62	   0.0612954	    0.253022	    0.648927	    0.251258	   0.0155673	    0.984433	2
63	-0.149141627977641	0.344409455332386	431	63	    -0.17952	    0.351042	   0.0661055	    0.339496	    0.844403	    0.155597	1
63	0.766957815190166	-1.77363743593739	432	63	    -0.17952	    0.351042	   0.0661055	    0.339496	    0.844403	    0.155597	1
63	-1.11311767664287	1.09375408587118	433	63	    -0.17952	    0.351042	   0.0661055	    0.339496	    0.844403	    0.155597	1
63	1.21152875361285	0.517688079719315	434	63	    -0.17952	    0.351042	   0.0661055	    0.339496	    0.844403	    0.155597	1
63	1.29714792754355	-1.61318175623333	435	63	    -0.17952	    0.351042	   0.0661055	    0.339496	    0.844403	    0.155597	1
63	-0.98825240066466	-0.273469754562065	436	63	    -0.17952	    0.351042	   0.0661055	    0.339496	    0.844403	    0.155597	1
63	0.491469952973636	-0.706009545126165	437	63	    -0.17952	    0.351042	   0.0661055	    0.339496	    0.844403	    0.155597	1
63	0.406263334892019	-1.67474975480546	438	63	    -0.17952	    0.351042	   0.0661055	    0.339496	    0.844403	    0.155597	1
64	-0.442343262647085	-0.738433248491363	439	64	   -0.597984	    0.199338	    0.631237	    0.200611	  0.00041178	    0.999588	2
64	-0.899203928593548	0.196704931611232	440	64	   -0.597984	    0.199338	    0.631237	    0.200611	  0.00041178	    0.999588	2
64	-0.0946830179231971	0.699323113576386	441	64	   -0.597984	    0.199338	    0.631237	    0.200611	  0.00041178	    0.999588	2
64	-0.0191794844287157	0.0612898668631099	442	64	   -0.597984	    0.199338	    0.631237	    0.200611	  0.00041178	    0.999588	2
64	0.187921245650258	-0.0418016978708819	443	64	   -0.597984	    0.199338	    0.631237	    0.200611	  0.00041178	    0.999588	2
64	0.219094057241017	-1.12120518905471	444	64	   -0.597984	    0.199338	    0.631237	    0.200611	  0.00041178	    0.999588	2
64	-0.805187125178595	0.435632382188242	445	64	   -0.597984	    0.199338	    0.631237	    0.200611	  0.00041178	    0.999588	2
64	0.0433102806874827	0.516957273869958	446	64	   -0.597984	    0.199338	    0.631237	    0.200611	  0.00041178	    0.999588	2
64	0.717118724790012	0.424817247769864	447	64	   -0.597984	    0.199338	    0.631237	    0.200611	  0.00041178	    0.999588	2
64	-0.586234162827613	0.758129745616369	448	64	   -0.597984	    0.199338	    0.631237	    0.200611	  0.00041178	    0.999588	2
65	0.591554834824932	-0.159840396519918	449	65	    0.508625	    0.304414	    0.375184	    0.292083	   0.0345482	    0.965452	2
65	1.11566723853084	0.327831541679191	450	65	    0.508625	    0.304414	    0.375184	    0.292083	   0.0345482	    0.965452	2
65	1.8983313660849	-0.609451558441976	451	65	    0.508625	    0.304414	    0.375184	    0.292083	   0.0345482	    0.965452	2
65	0.918384956227036	0.168866293566341	452	65	    0.508625	    0.304414	    0.375184	    0.292083	   0.0345482	    0.965452	2
66	-3.40911068016132	1.07066653811292	453	66	   -0.946744	    0.406347	   0.0748196	    0.381015	           1	 7.21726e-11	1
66	-0.509761348650814	-2.74787189252276	454	66	   -0.946744	    0.406347	   0.0748196	    0.381015	           1	 7.21726e-11	1
66	-2.55547352504913	-1.31815121780763	455	66	   -0.946744	    0.406347	   0.0748196	    0.381015	           1	 7.21726e-11	1
66	2.14528733267379	1.00648775274103	456	66	   -0.946744	    0.406347	   0.0748196	    0.381015	           1	 7.21726e-11	1
66	-1.09816869930597	-2.37977189048607	457	66	   -0.946744	    0.406347	   0.0748196	    0.381015	           1	 7.21726e-11	1
66	-0.712391026828524	1.64022072169297	458	66	   -0.946744	    0.406347	   0.0748196	    0.381015	           1	 7.21726e-11	1
67	-0.237140802149897	0.399658758351692	459	67	   -0.871477	    0.220451	    0.470073	    0.219921	 0.000558556	    0.999441	2
67	-1.06068624773436	0.44554512936131	460	67	   -0.871477	    0.220451	    0.470073	    0.219921	 0.000558556	    0.999441	2
67	0.284715572622024	-0.220975293598588	461	67	   -0.871477	    0.220451	    0.470073	    0.219921	 0.000558556	    0.999441	2
67	-0.371329126300207	0.339624914600357	462	67	   -0.871477	    0.220451	    0.470073	    0.219921	 0.000558556	    0.999441	2
67	-0.690843409280142	-0.202134315756691	463	67	   -0.871477	    0.220451	    0.470073	    0.219921	 0.000558556	    0.999441	2
67	-0.738239934679198	0.0596815477915849	464	67	   -0.871477	    0.220451	    0.470073	    0.219921	 0.000558556	    0.999441	2
67	-0.961053658323598	-0.699734976366929	465	67	   -0.871477	    0.220451	    0.470073	    0.219921	 0.000558556	    0.999441	2
67	-0.146089510785162	-0.524560237280964	466	67	   -0.871477	    0.220451	    0.470073	    0.219921	 0.000558556	    0.999441	2
68	0.655103225972266	0.188874998055028	467	68	 -0.00409034	    0.199497	    0.206801	    0.200669	 0.000935876	    0.999064	2
68	1.41022465574356	0.160690008555243	468	68	 -0.00409034	    0.199497	    0.206801	    0.200669	 0.000935876	    0.999064	2
68	-0.0183763678892463	-1.39151375461152	469	68	 -0.00409034	    0.199497	    0.206801	    0.200669	 0.000935876	    0.999064	2
68	0.813083173321101	-0.220490161777202	470	68	 -0.00409034	    0.199497	    0.206801	    0.200669	 0.000935876	    0.999064	2
68	0.259319487837769	-0.428971163122835	471	68	 -0.00409034	    0.199497	    0.206801	    0.200669	 0.000935876	    0.999064	2
68	0.607976680584744	0.460759117021778	472	68	 -0.00409034	    0.199497	    0.206801	    0.200669	 0.000935876	    0.999064	2
68	0.241975473405697	-1.15103841734129	473	68	 -0.00409034	    0.199497	    0.206801	    0.200669	 0.000935876	    0.999064	2
68	0.297169158127914	0.156532472359135	474	68	 -0.00409034	    0.199497	    0.206801	    0.200669	 0.000935876	    0.999064	2
68	1.19176243279824	-1.29301156800692	475	68	 -0.00409034	    0.199497	    0.206801	    0.200669	 0.000935876	    0.999064	2
68	-0.611774435112688	-0.347854228181027	476	68	 -0.00409034	    0.199497	    0.206801	    0.200669	 0.000935876	    0.999064	2
69	0.774156589722892	-1.77493005095183	477	69	    0.610275	    0.425084	   -0.327591	    0.389171	    0.632948	    0.367052	1
69	3.39986059475197	-1.17012676618467	478	69	    0.610275	    0.425084	   -0.327591	    0.389171	    0.632948	    0.367052	1
69	1.22446118092138	-1.53190633990396	479	69	    0.610275	    0.425084	   -0.327591	    0.389171	    0.632948	    0.367052	1
69	0.444297042252572	-0.941559225953617	480	69	    0.610275	    0.425084	   -0.327591	    0.389171	    0.632948	    0.367052	1
70	0.26206056500599	1.64806540126246	481	70	    0.331403	    0.365801	    0.244347	    0.350043	    0.669232	    0.330768	1
70	0.537086567051631	0.0547728315214168	482	70	    0.331403	    0.365801	    0.244347	    0.350043	    0.669232	    0.330768	1
70	1.63713131969957	-0.938181607810988	483	70	    0.331403	    0.365801	    0.244347	    0.350043	    0.669232	    0.330768	1
70	0.544366315123841	-0.822599312191725	484	70	    0.331403	    0.365801	    0.244347	    0.350043	    0.669232	    0.330768	1
70	2.70013751292388	-0.731532190434357	485	70	    0.331403	    0.365801	    0.244347	    0.350043	    0.669232	    0.330768	1
70	0.0827998501357005	-0.250601457632132	486	70	    0.331403	    0.365801	    0.244347	    0.350043	    0.669232	    0.330768	1
71	0.827661270852408	0.381761856908228	487	71	    0.674949	    0.227841	    0.744642	    0.230897	   0.0306314	    0.969369	2
71	1.13444948759481	1.96148562920691	488	71	    0.674949	    0.227841	    0.744642	    0.230897	   0.0306314	    0.969369	2
71	1.20521787559173	0.671989869313964	489	71	    0.674949	    0.227841	    0.744642	    0.230897	   0.0306314	    0.969369	2
71	0.177252530450454	0.603803456476096	490	71	    0.674949	    0.227841	    0.744642	    0.230897	   0.0306314	    0.969369	2
71	1.83351587719515	-0.141922463094916	491	71	    0.674949	    0.227841	    0.744642	    0.230897	   0.0306314	    0.969369	2
71	1.97414909656859	-0.190067658460521	492	71	    0.674949	    0.227841	    0.744642	    0.230897	   0.0306314	    0.969369	2
71	1.21001087458939	-0.954409485062843	493	71	    0.674949	    0.227841	    0.744642	    0.230897	   0.0306314	    0.969369	2
71	1.65923143034031	0.0754887122799824	494	71	    0.674949	    0.227841	    0.744642	    0.230897	   0.0306314	    0.969369	2
72	0.150816485277815	-0.320719221470209	495	72	     0.47225	    0.199288	    0.193807	    0.200526	 0.000205192	    0.999795	2
72	0.771474479923091	0.200572527899142	496	72	     0.47225	    0.199288	    0.193807	    0.200526	 0.000205192	    0.999795	2
72	2.48969830720783	-0.661004055827484	497	72	     0.47225	    0.199288	    0.193807	    0.200526	 0.000205192	    0.999795	2
72	0.959022823448291	-0.578566210068144	498	72	     0.47225	    0.199288	    0.193807	    0.200526	 0.000205192	    0.999795	2
72	0.988470094362849	-0.658371237356908	499	72	     0.47225	    0.199288	    0.193807	    0.200526	 0.000205192	    0.999795	2
72	0.588197123252376	-0.152483494627409	500	72	     0.47225	    0.199288	    0.193807	    0.200526	 0.000205192	    0.999795	2
72	1.25536571491114	-0.695445163920663	501	72	     0.47225	    0.199288	    0.193807	    0.200526	 0.000205192	    0.999795	2
72	0.605704521064307	-0.295660943137271	502	72	     0.47225	    0.199288	    0.193807	    0.200526	 0.000205192	    0.999795	2
72	0.74484828926682	0.204613159900496	503	72	     0.47225	    0.199288	    0.193807	    0.200526	 0.000205192	    0.999795	2
72	1.5274439148459	-1.06442663444674	504	72	     0.47225	    0.199288	    0.193807	    0.200526	 0.000205192	    0.999795	2
73	1.23665774176251	-1.54050805086126	505	73	  -0.0411306	      0.4566	   -0.268836	    0.410813	    0.998568	  0.00143183	1
73	-2.10611629267103	-2.39067166941072	506	73	  -0.0411306	      0.4566	   -0.268836	    0.410813	    0.998568	  0.00143183	1
73	0.412097396765948	0.0501929624237368	507	73	  -0.0411306	      0.4566	   -0.268836	    0.410813	    0.998568	  0.00143183	1
73	2.10217386860731	-1.95357872807081	508	73	  -0.0411306	      0.4566	   -0.268836	    0.410813	    0.998568	  0.00143183	1
74	-0.118430583930445	-0.0408134852015907	509	74	   0.0631081	    0.399307	   -0.318012	    0.378994	    0.944504	   0.0554964	1
74	-1.12773807473415	-0.608663128412345	510	74	   0.0631081	    0.399307	   -0.318012	    0.378994	    0.944504	   0.0554964	1
74	1.02593703393083	-2.86008929844445	511	74	   0.0631081	    0.399307	   -0.318012	    0.378994	    0.944504	   0.0554964	1
74	2.33074117802498	-1.00988667329795	512	74	   0.0631081	    0.399307	   -0.318012	    0.378994	    0.944504	   0.0554964	1
74	1.1451796062525	-1.79787471251228	513	74	   0.0631081	    0.399307	   -0.318012	    0.378994	    0.944504	   0.0554964	1
74	0.271800344224877	-1.83455953367046	514	74	   0.0631081	    0.399307	   -0.318012	    0.378994	    0.944504	   0.0554964	1
75	2.21750121326492	-2.28652227530934	515	75	    0.218293	     0.36961	    0.114582	    0.356879	    0.999999	 5.40317e-07	1
75	2.06275707644318	-0.922513486372425	516	75	    0.218293	     0.36961	    0.114582	    0.356879	    0.999999	 5.40317e-07	1
75	-0.0711081308209192	-1.62715630628182	517	75	    0.218293	     0.36961	    0.114582	    0.356879	    0.999999	 5.40317e-07	1
75	-1.58327326836742	0.517619382206018	518	75	    0.218293	     0.36961	    0.114582	    0.356879	    0.999999	 5.40317e-07	1
75	2.39311608793569	1.77668332160972	519	75	    0.218293	     0.36961	    0.114582	    0.356879	    0.999999	 5.40317e-07	1
75	-0.084712824580961	0.437366404299243	520	75	    0.218293	     0.36961	    0.114582	    0.356879	    0.999999	 5.40317e-07	1
75	-0.25153337826063	0.676944221517373	521	75	    0.218293	     0.36961	    0.114582	    0.356879	    0.999999	 5.40317e-07	1
75	1.75926034203179	-1.76915849798425	522	75	    0.218293	     0.36961	    0.114582	    0.356879	    0.999999	 5.40317e-07	1
76	-1.25765634847249	-1.54604557941698	523	76	   -0.734271	    0.314103	    0.201915	      0.3049	    0.695358	    0.304642	1
76	-0.529601953446253	-0.0768406119993922	524	76	   -0.734271	    0.314103	    0.201915	      0.3049	    0.695358	    0.304642	1
76	1.70712269736599	-1.81528057182248	525	76	   -0.734271	    0.314103	    0.201915	      0.3049	    0.695358	    0.304642	1
76	0.544611867008495	0.4374547205195	526	76	   -0.734271	    0.314103	    0.201915	      0.3049	    0.695358	    0.304642	1
76	-0.930274023311528	1.32139642876014	527	76	   -0.734271	    0.314103	    0.201915	      0.3049	    0.695358	    0.304642	1
76	-0.161416302111737	-0.00639742617202477	528	76	   -0.734271	    0.314103	    0.201915	      0.3049	    0.695358	    0.304642	1
76	-1.50774794082146	-0.176432179899382	529	76	   -0.734271	    0.314103	    0.201915	      0.3049	    0.695358	    0.304642	1
76	-1.13122497459482	-0.0741415383552451	530	76	   -0.734271	    0.314103	    0.201915	      0.3049	    0.695358	    0.304642	1
76	-0.0210226492234755	-0.941874392159064	531	76	   -0.734271	    0.314103	    0.201915	      0.3049	    0.695358	    0.304642	1
76	-1.12632880453339	-0.275974999483866	532	76	   -0.734271	    0.314103	    0.201915	      0.3049	    0.695358	    0.304642	1
77	-3.13117872012513	-1.94080927675294	533	77	   -0.581221	     0.45671	   -0.380516	    0.411052	    0.997609	  0.00239107	1
77	0.504919656558017	-2.82633150599633	534	77	   -0.581221	     0.45671	   -0.380516	    0.411052	    0.997609	  0.00239107	1
77	0.67853720573355	-0.683843860915476	535	77	   -0.581221	     0.45671	   -0.380516	    0.411052	    0.997609	  0.00239107	1
77	-0.498746266651306	-1.75055829620196	536	77	   -0.581221	     0.45671	   -0.380516	    0.411052	    0.997609	  0.00239107	1
78	1.75481404854317	-0.632418993313739	537	78	  -0.0955653	    0.285952	   -0.481598	    0.291125	    0.187322	    0.812678	2
78	-0.339567821277584	-1.90072747728893	538	78	  -0.0955653	    0.285952	   -0.481598	    0.291125	    0.187322	    0.812678	2
78	0.650914351355275	-1.57602347561506	539	78	  -0.0955653	    0.285952	   -0.481598	    0.291125	    0.187322	    0.812678	2
78	0.137042403612387	-1.20176678871041	540	78	  -0.0955653	    0.285952	   -0.481598	    0.291125	    0.187322	    0.812678	2
78	-1.24113355594407	-1.47880322962371	541	78	  -0.0955653	    0.285952	   -0.481598	    0.291125	    0.187322	    0.812678	2
78	1.26924434052807	-1.16864195746239	542	78	  -0.0955653	    0.285952	   -0.481598	    0.291125	    0.187322	    0.812678	2
79	-1.63965159218461	-0.740964478475403	543	79	    -1.07497	    0.229789	    0.645612	    0.229122	   0.0294106	    0.970589	2
79	-1.28547899796253	-0.849929960202351	544	79	    -1.07497	    0.229789	    0.645612	    0.229122	   0.0294106	    0.970589	2
79	-0.4861641218278	0.726674268438049	545	79	    -1.07497	    0.229789	    0.645612	    0.229122	   0.0294106	    0.970589	2
79	0.771830327222292	0.95910409884241	546	79	    -1.07497	    0.229789	    0.645612	    0.229122	   0.0294106	    0.970589	2
79	-1.2600336140835	0.323013861141158	547	79	    -1.07497	    0.229789	    0.645612	    0.229122	   0.0294106	    0.970589	2
79	-0.471969944736871	0.657090379172407	548	79	    -1.07497	    0.229789	    0.645612	    0.229122	   0.0294106	    0.970589	2
79	-0.389533115150052	0.456367040004136	549	79	    -1.07497	    0.229789	    0.645612	    0.229122	   0.0294106	    0.970589	2
79	-1.05185674137025	-0.120172790569685	550	79	    -1.07497	    0.229789	    0.645612	    0.229122	   0.0294106	    0.970589	2
80	1.23915766800261	-1.36229386012955	551	80	    0.746538	    0.341292	    0.170367	    0.336775	    0.999579	  0.00042123	1
80	0.892375238861183	1.93982458422781	552	80	    0.746538	    0.341292	    0.170367	    0.336775	    0.999579	  0.00042123	1
80	1.74504106005724	1.38331475982744	553	80	    0.746538	    0.341292	    0.170367	    0.336775	    0.999579	  0.00042123	1
80	0.850920859772117	-0.347893777032277	554	80	    0.746538	    0.341292	    0.170367	    0.336775	    0.999579	  0.00042123	1
80	2.82706577141133	0.543314981452558	555	80	    0.746538	    0.341292	    0.170367	    0.336775	    0.999579	  0.00042123	1
80	0.431080368515566	-0.637609760882998	556	80	    0.746538	    0.341292	    0.170367	    0.336775	    0.999579	  0.00042123	1
80	0.959197894552354	-0.796198104388464	557	80	    0.746538	    0.341292	    0.170367	    0.336775	    0.999579	  0.00042123	1
80	2.58033808812694	-1.42593677263307	558	80	    0.746538	    0.341292	    0.170367	    0.336775	    0.999579	  0.00042123	1
80	3.29495399579107	-0.323120349039464	559	80	    0.746538	    0.341292	    0.170367	    0.336775	    0.999579	  0.00042123	1
80	0.211886017526555	-2.18683962955376	560	80	    0.746538	    0.341292	    0.170367	    0.336775	    0.999579	  0.00042123	1
81	-0.607230955627376	-1.18716978250812	561	81	    -0.55563	     0.31858	  -0.0736046	    0.298315	   0.0898995	    0.910101	2
81	1.10536432629351	-0.210242371332139	562	81	    -0.55563	     0.31858	  -0.0736046	    0.298315	   0.0898995	    0.910101	2
81	-0.58917145313122	-0.75344878843572	563	81	    -0.55563	     0.31858	  -0.0736046	    0.298315	   0.0898995	    0.910101	2
81	-0.811901340732101	-0.838174269499811	564	81	    -0.55563	     0.31858	  -0.0736046	    0.298315	   0.0898995	    0.910101	2
82	0.949238187805395	-2.15381467047128	565	82	    0.240976	    0.257793	   -0.690818	    0.259402	   0.0377973	    0.962203	2
82	0.415586307642976	-0.659214258539238	566	82	    0.240976	    0.257793	   -0.690818	    0.259402	   0.0377973	    0.962203	2
82	0.219122652242421	-2.5454359266351	567	82	    0.240976	    0.257793	   -0.690818	    0.259402	   0.0377973	    0.962203	2
82	1.76588544019897	-0.672590121436483	568	82	    0.240976	    0.257793	   -0.690818	    0.259402	   0.0377973	    0.962203	2
82	0.639811853137223	-1.47202971571141	569	82	    0.240976	    0.257793	   -0.690818	    0.259402	   0.0377973	    0.962203	2
82	0.646546708791003	-1.85715183557454	570	82	    0.240976	    0.257793	   -0.690818	    0.259402	   0.0377973	    0.962203	2
83	-1.02797307724137	-0.039894478350277	571	83	   -0.104925	     0.33544	   0.0764351	    0.325496	    0.724716	    0.275284	1
83	1.13350760209439	-0.973424577763029	572	83	   -0.104925	     0.33544	   0.0764351	    0.325496	    0.724716	    0.275284	1
83	-0.360767040198028	0.430422565607112	573	83	   -0.104925	     0.33544	   0.0764351	    0.325496	    0.724716	    0.275284	1
83	0.14133446845208	-2.76485356939074	574	83	   -0.104925	     0.33544	   0.0764351	    0.325496	    0.724716	    0.275284	1
83	1.23715891282006	0.23317891481504	575	83	   -0.104925	     0.33544	   0.0764351	    0.325496	    0.724716	    0.275284	1
83	0.18219326885167	-0.320510476726478	576	83	   -0.104925	     0.33544	   0.0764351	    0.325496	    0.724716	    0.275284	1
83	0.162076443341911	0.648354352176188	577	83	   -0.104925	     0.33544	   0.0764351	    0.325496	    0.724716	    0.275284	1
83	1.31958797227529	-1.21958379830228	578	83	   -0.104925	     0.33544	   0.0764351	    0.325496	    0.724716	    0.275284	1
84	-1.13241740555309	0.37318780995072	579	84	   -0.802509	    0.211754	  0.00363899	    0.209656	   0.0513437	    0.948656	2
84	0.600844660704885	0.513264371780016	580	84	   -0.802509	    0.211754	  0.00363899	    0.209656	   0.0513437	    0.948656	2
84	-0.612763138823232	-0.39351132399002	581	84	   -0.802509	    0.211754	  0.00363899	    0.209656	   0.0513437	    0.948656	2
84	0.139003794732654	-0.217844860117128	582	84	   -0.802509	    0.211754	  0.00363899	    0.209656	   0.0513437	    0.948656	2
84	0.822463505577607	-1.07085075678074	583	84	   -0.802509	    0.211754	  0.00363899	    0.209656	   0.0513437	    0.948656	2
84	0.11980194285107	-1.97551133077949	584	84	   -0.802509	    0.211754	  0.00363899	    0.209656	   0.0513437	    0.948656	2
84	-1.14337787335152	-1.48553194115776	585	84	   -0.802509	    0.211754	  0.00363899	    0.209656	   0.0513437	    0.948656	2
84	-0.144377999518414	-0.946709861862593	586	84	   -0.802509	    0.211754	  0.00363899	    0.209656	   0.0513437	    0.948656	2
84	-0.99856427092942	-0.100777855574425	587	84	   -0.802509	    0.211754	  0.00363899	    0.209656	   0.0513437	    0.948656	2
84	-1.66453689160057	-0.982430120758814	588	84	   -0.802509	    0.211754	  0.00363899	    0.209656	   0.0513437	    0.948656	2
85	1.94976266447287	-1.50438120417129	589	85	    0.894192	    0.359645	   -0.242489	    0.319188	    0.201892	    0.798108	2
85	2.31544810798075	-2.1508943420611	590	85	    0.894192	    0.359645	   -0.242489	    0.319188	    0.201892	    0.798108	2
85	1.3469610761716	-0.191804667380572	591	85	    0.894192	    0.359645	   -0.242489	    0.319188	    0.201892	    0.798108	2
85	1.13579961369752	-0.287549352107592	592	85	    0.894192	    0.359645	   -0.242489	    0.319188	    0.201892	    0.798108	2
86	1.66355884483935	-3.50412122226747	593	86	    0.945083	    0.406347	   -0.433791	    0.381015	    0.999998	 2.09198e-06	1
86	3.17034049986028	0.0191433475153087	594	86	    0.945083	    0.406347	   -0.433791	    0.381015	    0.999998	 2.09198e-06	1
86	2.60622914845991	-4.25195464661274	595	86	    0.945083	    0.406347	   -0.433791	    0.381015	    0.999998	 2.09198e-06	1
86	2.30668379051482	-1.30108944319299	596	86	    0.945083	    0.406347	   -0.433791	    0.381015	    0.999998	 2.09198e-06	1
86	0.367521985137106	0.811078961334117	597	86	    0.945083	    0.406347	   -0.433791	    0.381015	    0.999998	 2.09198e-06	1
86	1.87900798447749	-1.77581080246108	598	86	    0.945083	    0.406347	   -0.433791	    0.381015	    0.999998	 2.09198e-06	1
87	2.66930363057994	-2.48897993864113	599	87	   -0.521337	     0.36961	  -0.0355046	    0.356879	           1	 8.50706e-10	1
87	0.0442480851547896	-1.77109202020049	600	87	   -0.521337	     0.36961	  -0.0355046	    0.356879	           1	 8.50706e-10	1
87	-0.404130200806241	0.196204558141801	601	87	   -0.521337	     0.36961	  -0.0355046	    0.356879	           1	 8.50706e-10	1
87	-1.53042191133991	-2.57937374945249	602	87	   -0.521337	     0.36961	  -0.0355046	    0.356879	           1	 8.50706e-10	1
87	-0.0363465335974383	-2.08129088925986	603	87	   -0.521337	     0.36961	  -0.0355046	    0.356879	           1	 8.50706e-10	1
87	-0.19988549046297	1.68211178269233	604	87	   -0.521337	     0.36961	  -0.0355046	    0.356879	           1	 8.50706e-10	1
87	-2.28352732330358	1.99584369920699	605	87	   -0.521337	     0.36961	  -0.0355046	    0.356879	           1	 8.50706e-10	1
87	-0.385768320986655	-0.596925303382644	606	87	   -0.521337	     0.36961	  -0.0355046	    0.356879	           1	 8.50706e-10	1
88	1.2795732253794	0.895470918421587	607	88	    0.418676	     0.34132	   0.0561944	    0.336816	    0.999999	 5.99254e-07	1
88	-0.0991536040245045	-2.64275839872268	608	88	    0.418676	     0.34132	   0.0561944	    0.336816	    0.999999	 5.99254e-07	1
88	0.45393240582378	-2.24135830960848	609	88	    0.418676	     0.34132	   0.0561944	    0.336816	    0.999999	 5.99254e-07	1
88	0.996300743405675	0.394887185592322	610	88	    0.418676	     0.34132	   0.0561944	    0.336816	    0.999999	 5.99254e-07	1
88	2.16776254051742	0.807488434734	611	88	    0.418676	     0.34132	   0.0561944	    0.336816	    0.999999	 5.99254e-07	1
88	1.67457083825368	1.73803907814007	612	88	    0.418676	     0.34132	   0.0561944	    0.336816	    0.999999	 5.99254e-07	1
88	-0.381517643284642	0.581221082497831	613	88	    0.418676	     0.34132	   0.0561944	    0.336816	    0.999999	 5.99254e-07	1
88	1.07386891680972	-2.94166517885792	614	88	    0.418676	     0.34132	   0.0561944	    0.336816	    0.999999	 5.99254e-07	1
88	2.56254698380022	-0.185200430965056	615	88	    0.418676	     0.34132	   0.0561944	    0.336816	    0.999999	 5.99254e-07	1
88	0.851159499294683	-1.70849871510144	616	88	    0.418676	     0.34132	   0.0561944	    0.336816	    0.999999	 5.99254e-07	1
89	0.0827601470006219	-2.7184030404368	617	89	   -0.270571	    0.454487	    -0.26984	    0.410615	    0.979473	    0.020527	1
89	-0.309643716189262	-2.87421639787572	618	89	   -0.270571	    0.454487	    -0.26984	    0.410615	    0.979473	    0.020527	1
89	-0.364177490516972	0.991986641796151	619	89	   -0.270571	    0.454487	    -0.26984	    0.410615	    0.979473	    0.020527	1
89	0.517060343329878	-1.17940698174014	620	89	   -0.270571	    0.454487	    -0.26984	    0.410615	    0.979473	    0.020527	1
90	0.247048943290119	-1.1891986488042	621	90	   -0.463694	    0.252861	    0.256995	    0.248525	   0.0128528	    0.987147	2
90	0.516355920572286	-0.405685982151252	622	90	   -0.463694	    0.252861	    0.256995	    0.248525	   0.0128528	    0.987147	2
90	-0.580876362228341	0.0993965281906751	623	90	   -0.463694	    0.252861	    0.256995	    0.248525	   0.0128528	    0.987147	2
90	0.876968338300326	-0.170060884963807	624	90	   -0.463694	    0.252861	    0.256995	    0.248525	   0.0128528	    0.987147	2
90	-0.944120974509869	0.107959893187333	625	90	   -0.463694	    0.252861	    0.256995	    0.248525	   0.0128528	    0.987147	2
90	-0.432163326031047	-0.19506836358007	626	90	   -0.463694	    0.252861	    0.256995	    0.248525	   0.0128528	    0.987147	2
91	0.207921880486552	-2.47965311499804	627	91	  -0.0636087	    0.224865	   -0.331178	    0.224748	   0.0230592	    0.976941	2
91	0.799940669175207	-1.65472605566599	628	91	  -0.0636087	    0.224865	   -0.331178	    0.224748	   0.0230592	    0.976941	2
91	0.0544670027688504	-0.734119477540492	629	91	  -0.0636087	    0.224865	   -0.331178	    0.224748	   0.0230592	    0.976941	2
91	0.0977810288514487	-1.00774839398924	630	91	  -0.0636087	    0.224865	   -0.331178	    0.224748	   0.0230592	    0.976941	2
91	0.0528806625041809	-0.745627235591102	631	91	  -0.0636087	    0.224865	   -0.331178	    0.224748	   0.0230592	    0.976941	2
91	1.56291314372073	-1.88489958063003	632	91	  -0.0636087	    0.224865	   -0.331178	    0.224748	   0.0230592	    0.976941	2
91	0.492416053240176	0.164997739437971	633	91	  -0.0636087	    0.224865	   -0.331178	    0.224748	   0.0230592	    0.976941	2
91	0.0701303810426593	-0.0364879416419805	634	91	  -0.0636087	    0.224865	   -0.331178	    0.224748	   0.0230592	    0.976941	2
92	0.268283532903618	-0.862882295020961	635	92	   -0.586752	    0.199338	    0.230633	     0.20055	 0.000320515	    0.999679	2
92	-1.09221357530072	-0.503606543744033	636	92	   -0.586752	    0.199338	    0.230633	     0.20055	 0.000320515	    0.999679	2
92	-1.00444154935031	-0.457765366933009	637	92	   -0.586752	    0.199338	    0.230633	     0.20055	 0.000320515	    0.999679	2
92	-0.324235965844062	0.0734998201834303	638	92	   -0.586752	    0.199338	    0.230633	     0.20055	 0.000320515	    0.999679	2
92	-0.0810570165459724	0.38556305230341	639	92	   -0.586752	    0.199338	    0.230633	     0.20055	 0.000320515	    0.999679	2
92	0.306118618869122	-0.568556986819958	640	92	   -0.586752	    0.199338	    0.230633	     0.20055	 0.000320515	    0.999679	2
92	0.30512599314881	0.245470630026413	641	92	   -0.586752	    0.199338	    0.230633	     0.20055	 0.000320515	    0.999679	2
92	-0.0965910624050993	-0.324370588738466	642	92	   -0.586752	    0.199338	    0.230633	     0.20055	 0.000320515	    0.999679	2
92	-0.107187274733882	0.0957650662591326	643	92	   -0.586752	    0.199338	    0.230633	     0.20055	 0.000320515	    0.999679	2
92	0.270325490164583	-1.66567608187908	644	92	   -0.586752	    0.199338	    0.230633	     0.20055	 0.000320515	    0.999679	2
93	1.55022605879132	-0.343464340633123	645	93	    0.615571	    0.443506	    0.422648	    0.416049	    0.785938	    0.214062	1
93	2.93980790308968	0.0942432054727408	646	93	    0.615571	    0.443506	    0.422648	    0.416049	    0.785938	    0.214062	1
93	1.72523464969424	1.34318212102382	647	93	    0.615571	    0.443506	    0.422648	    0.416049	    0.785938	    0.214062	1
93	-0.057848670213748	0.597022178142082	648	93	    0.615571	    0.443506	    0.422648	    0.416049	    0.785938	    0.214062	1
94	1.0684805793887	1.54774894790955	649	94	   0.0902424	    0.406347	   -0.356114	    0.381015	           1	 8.56412e-09	1
94	1.87627516626111	-2.84535370596181	650	94	   0.0902424	    0.406347	   -0.356114	    0.381015	           1	 8.56412e-09	1
94	0.334371246238883	1.13938419514753	651	94	   0.0902424	    0.406347	   -0.356114	    0.381015	           1	 8.56412e-09	1
94	-1.28689174685145	-2.29096977080203	652	94	   0.0902424	    0.406347	   -0.356114	    0.381015	           1	 8.56412e-09	1
94	1.67242939556655	-3.50629937789559	653	94	   0.0902424	    0.406347	   -0.356114	    0.381015	           1	 8.56412e-09	1
94	0.135127518840433	-2.93631012572063	654	94	   0.0902424	    0.406347	   -0.356114	    0.381015	           1	 8.56412e-09	1
95	-1.11727937631676	0.088571731555459	655	95	   -0.679433	    0.369235	    0.552394	    0.357237	    0.994441	  0.00555924	1
95	-3.07595687452509	0.7765569619092	656	95	   -0.679433	    0.369235	    0.552394	    0.357237	    0.994441	  0.00555924	1
95	-0.259415792454762	0.365720830165885	657	95	   -0.679433	    0.369235	    0.552394	    0.357237	    0.994441	  0.00555924	1
95	0.899176095915275	0.899313067476797	658	95	   -0.679433	    0.369235	    0.552394	    0.357237	    0.994441	  0.00555924	1
95	-0.408775022229582	2.54610484805157	659	95	   -0.679433	    0.369235	    0.552394	    0.357237	    0.994441	  0.00555924	1
95	0.301395806304107	-0.996769441217984	660	95	   -0.679433	    0.369235	    0.552394	    0.357237	    0.994441	  0.00555924	1
95	-0.55054616156264	-0.107083986912385	661	95	   -0.679433	    0.369235	    0.552394	    0.357237	    0.994441	  0.00555924	1
95	0.265961944563883	0.336109667391984	662	95	   -0.679433	    0.369235	    0.552394	    0.357237	    0.994441	  0.00555924	1
96	2.14479386868495	0.829370342408051	663	96	     1.32246	    0.341322	  -0.0617099	    0.336811	    0.999952	 4.81035e-05	1
96	2.34170895969513	-2.35144283829224	664	96	     1.32246	    0.341322	  -0.0617099	    0.336811	    0.999952	 4.81035e-05	1
96	-0.128512575816708	-1.98848019402059	665	96	     1.32246	    0.341322	  -0.0617099	    0.336811	    0.999952	 4.81035e-05	1
96	3.39261284498627	0.968822714651514	666	96	     1.32246	    0.341322	  -0.0617099	    0.336811	    0.999952	 4.81035e-05	1
96	1.86335302981232	-1.31912258623796	667	96	     1.32246	    0.341322	  -0.0617099	    0.336811	    0.999952	 4.81035e-05	1
96	2.74042421224074	-0.564408329770352	668	96	     1.32246	    0.341322	  -0.0617099	    0.336811	    0.999952	 4.81035e-05	1
96	2.45865574360065	-0.914910125173056	669	96	     1.32246	    0.341322	  -0.0617099	    0.336811	    0.999952	 4.81035e-05	1
96	3.47641178091368	1.18910995023261	670	96	     1.32246	    0.341322	  -0.0617099	    0.336811	    0.999952	 4.81035e-05	1
96	2.06685196776529	-2.87312168390654	671	96	     1.32246	    0.341322	  -0.0617099	    0.336811	    0.999952	 4.81035e-05	1
96	2.50031128908217	-0.436093111578191	672	96	     1.32246	    0.341322	  -0.0617099	    0.336811	    0.999952	 4.81035e-05	1
97	0.211403624153618	-1.3311102702136	673	97	    -0.52394	    0.372649	  -0.0866137	    0.334813	    0.346803	    0.653197	2
97	-1.37204854588135	0.709976714049963	674	97	    -0.52394	    0.372649	  -0.0866137	    0.334813	    0.346803	    0.653197	2
97	0.131018120270712	-0.889910440990302	675	97	    -0.52394	    0.372649	  -0.0866137	    0.334813	    0.346803	    0.653197	2
97	0.0206495313020307	-1.64612983475245	676	97	    -0.52394	    0.372649	  -0.0866137	    0.334813	    0.346803	    0.653197	2
98	1.92450045397804	0.186870920139566	677	98	   -0.386922	    0.406347	   0.0286894	    0.381015	           1	  1.4586e-12	1
98	-1.65260441841109	1.47170473865075	678	98	   -0.386922	    0.406347	   0.0286894	    0.381015	           1	  1.4586e-12	1
98	-0.423153174436127	-5.0950177694906	679	98	   -0.386922	    0.406347	   0.0286894	    0.381015	           1	  1.4586e-12	1
98	-1.81446446559609	-1.55805720917767	680	98	   -0.386922	    0.406347	   0.0286894	    0.381015	           1	  1.4586e-12	1
98	1.57615897767881	0.407956178583282	681	98	   -0.386922	    0.406347	   0.0286894	    0.381015	           1	  1.4586e-12	1
98	-0.384219676342828	1.19835073352594	682	98	   -0.386922	    0.406347	   0.0286894	    0.381015	           1	  1.4586e-12	1
99	0.358259940082833	0.011678237182555	683	99	   -0.286302	    0.221258	    0.219215	    0.220678	  0.00458841	    0.995412	2
99	-0.0323451797446164	-0.155644571086363	684	99	   -0.286302	    0.221258	    0.219215	    0.220678	  0.00458841	    0.995412	2
99	-0.83126705385339	-0.450712017889834	685	99	   -0.286302	    0.221258	    0.219215	    0.220678	  0.00458841	    0.995412	2
99	0.902738124777961	-0.591654992177863	686	99	   -0.286302	    0.221258	    0.219215	    0.220678	  0.00458841	    0.995412	2
99	0.0639170353958413	-0.778637536554951	687	99	   -0.286302	    0.221258	    0.219215	    0.220678	  0.00458841	    0.995412	2
99	1.15460894766845	0.307976053606738	688	99	   -0.286302	    0.221258	    0.219215	    0.220678	  0.00458841	    0.995412	2
99	0.843990428681317	-0.553503388138375	689	99	   -0.286302	    0.221258	    0.219215	    0.220678	  0.00458841	    0.995412	2
99	-1.12270939421525	-0.6767547527991	690	99	   -0.286302	    0.221258	    0.219215	    0.220678	  0.00458841	    0.995412	2
100	-1.21543040557391	-0.078945615648916	691	100	   -0.995094	     0.34132	    0.268061	    0.336816	           1	 4.22274e-09	1
100	1.67164366577208	-0.00275226526080885	692	100	   -0.995094	     0.34132	    0.268061	    0.336816	           1	 4.22274e-09	1
100	-0.272818433340092	0.445212849523971	693	100	   -0.995094	     0.34132	    0.268061	    0.336816	           1	 4.22274e-09	1
100	-2.11411122899298	-0.755917439554048	694	100	   -0.995094	     0.34132	    0.268061	    0.336816	           1	 4.22274e-09	1
100	0.642459950406084	-0.086265206189973	695	100	   -0.995094	     0.34132	    0.268061	    0.336816	           1	 4.22274e-09	1
100	-1.17728535758638	1.1724374429953	696	100	   -0.995094	     0.34132	    0.268061	    0.336816	           1	 4.22274e-09	1
100	-2.99018300203781	-3.56292841716855	697	100	   -0.995094	     0.34132	    0.268061	    0.336816	           1	 4.22274e-09	1
100	0.387859367100018	1.1864624357538	698	100	   -0.995094	     0.34132	    0.268061	    0.336816	           1	 4.22274e-09	1
100	-0.751846219515536	-0.849035812471515	699	100	   -0.995094	     0.34132	    0.268061	    0.336816	           1	 4.22274e-09	1
100	-2.8071618662565	1.10702827193637	700	100	   -0.995094	     0.34132	    0.268061	    0.336816	           1	 4.22274e-09	1
101	0.361901074577245	0.638436957155695	701	101	    0.198868	    0.318716	    0.310802	    0.306229	     0.11249	     0.88751	2
101	0.840376808494737	-0.366020378643904	702	101	    0.198868	    0.318716	    0.310802	    0.306229	     0.11249	     0.88751	2
101	0.952654800915698	0.626322501466126	703	101	    0.198868	    0.318716	    0.310802	    0.306229	     0.11249	     0.88751	2
101	0.833307305578957	-1.47865419030786	704	101	    0.198868	    0.318716	    0.310802	    0.306229	     0.11249	     0.88751	2
102	-0.800548830694788	-0.425721985538421	705	102	    0.131614	     0.40624	   0.0248688	    0.380919	    0.999137	 0.000863279	1
102	2.44620703588758	0.873258219617796	706	102	    0.131614	     0.40624	   0.0248688	    0.380919	    0.999137	 0.000863279	1
102	-0.0623095149444519	1.23880174703436	707	102	    0.131614	     0.40624	   0.0248688	    0.380919	    0.999137	 0.000863279	1
102	-0.285361470958601	-1.81912564422624	708	102	    0.131614	     0.40624	   0.0248688	    0.380919	    0.999137	 0.000863279	1
102	1.30039713885019	-1.14629310102832	709	102	    0.131614	     0.40624	   0.0248688	    0.380919	    0.999137	 0.000863279	1
102	1.5975424583028	-2.16400303783589	710	102	    0.131614	     0.40624	   0.0248688	    0.380919	    0.999137	 0.000863279	1
103	1.61372420119971	-0.788895885721335	711	103	    0.507146	    0.349786	    0.526389	    0.355159	    0.803648	    0.196352	1
103	2.40633734853257	0.860883164260577	712	103	    0.507146	    0.349786	    0.526389	    0.355159	    0.803648	    0.196352	1
103	1.89947422980463	0.33492013183483	713	103	    0.507146	    0.349786	    0.526389	    0.355159	    0.803648	    0.196352	1
103	2.33754182808184	-0.416487518049904	714	103	    0.507146	    0.349786	    0.526389	    0.355159	    0.803648	    0.196352	1
103	1.55199428527433	-0.513341025438449	715	103	    0.507146	    0.349786	    0.526389	    0.355159	    0.803648	    0.196352	1
103	0.114680561416619	1.12075063414263	716	103	    0.507146	    0.349786	    0.526389	    0.355159	    0.803648	    0.196352	1
103	-0.260517098907791	0.635015174691425	717	103	    0.507146	    0.349786	    0.526389	    0.355159	    0.803648	    0.196352	1
103	-0.190322241706918	1.32026267174916	718	103	    0.507146	    0.349786	    0.526389	    0.355159	    0.803648	    0.196352	1
104	0.551963632320937	1.92719281308849	719	104	   -0.551387	     0.34132	    0.392818	    0.336816	           1	  2.0186e-08	1
104	-1.9909524012272	-1.58340168761442	720	104	   -0.551387	     0.34132	    0.392818	    0.336816	           1	  2.0186e-08	1
104	-2.41694129791878	1.63683190797478	721	104	   -0.551387	     0.34132	    0.392818	    0.336816	           1	  2.0186e-08	1
104	0.932716143477985	-0.738080560761266	722	104	   -0.551387	     0.34132	    0.392818	    0.336816	           1	  2.0186e-08	1
104	-0.348233934408887	-1.50252210766085	723	104	   -0.551387	     0.34132	    0.392818	    0.336816	           1	  2.0186e-08	1
104	-1.67120620734267	2.12029564407179	724	104	   -0.551387	     0.34132	    0.392818	    0.336816	           1	  2.0186e-08	1
104	1.07715451717714	-1.52834918013369	725	104	   -0.551387	     0.34132	    0.392818	    0.336816	           1	  2.0186e-08	1
104	0.745019191078905	-0.983685962396987	726	104	   -0.551387	     0.34132	    0.392818	    0.336816	           1	  2.0186e-08	1
104	1.09096761328109	0.774096612030968	727	104	   -0.551387	     0.34132	    0.392818	    0.336816	           1	  2.0186e-08	1
104	-0.569648716384991	0.73627057890753	728	104	   -0.551387	     0.34132	    0.392818	    0.336816	           1	  2.0186e-08	1
105	-0.271610372585078	0.280424514704153	729	105	   -0.344066	    0.329106	    0.127343	     0.30869	    0.155388	    0.844612	2
105	-0.336645330178305	0.205497534983285	730	105	   -0.344066	    0.329106	    0.127343	     0.30869	    0.155388	    0.844612	2
105	0.35403203234077	-0.220495207614006	731	105	   -0.344066	    0.329106	    0.127343	     0.30869	    0.155388	    0.844612	2
105	0.39814489418329	-1.97843709991671	732	105	   -0.344066	    0.329106	    0.127343	     0.30869	    0.155388	    0.844612	2
106	-0.0931396141429818	-0.852284316426498	733	106	   -0.334613	    0.254718	    0.174991	     0.25005	   0.0222301	     0.97777	2
106	0.324758918645943	-0.171204823329341	734	106	   -0.334613	    0.254718	    0.174991	     0.25005	   0.0222301	     0.97777	2
106	1.24721137495587	-0.580780489404874	735	106	   -0.334613	    0.254718	    0.174991	     0.25005	   0.0222301	     0.97777	2
106	-0.0743187254697166	0.453775085278408	736	106	   -0.334613	    0.254718	    0.174991	     0.25005	   0.0222301	     0.97777	2
106	-1.1988609244419	-0.398776681960978	737	106	   -0.334613	    0.254718	    0.174991	     0.25005	   0.0222301	     0.97777	2
106	0.376734920545859	-0.850303048551423	738	106	   -0.334613	    0.254718	    0.174991	     0.25005	   0.0222301	     0.97777	2
107	2.05724747622889	-0.926128862974618	739	107	   -0.120872	     0.36961	   -0.116474	    0.356879	           1	 3.95752e-09	1
107	-2.41503858913414	0.177012431941955	740	107	   -0.120872	     0.36961	   -0.116474	    0.356879	           1	 3.95752e-09	1
107	0.66399147897932	0.419660179912742	741	107	   -0.120872	     0.36961	   -0.116474	    0.356879	           1	 3.95752e-09	1
107	1.13806736767665	-1.73548950690427	742	107	   -0.120872	     0.36961	   -0.116474	    0.356879	           1	 3.95752e-09	1
107	2.78610470714548	-2.3687455266707	743	107	   -0.120872	     0.36961	   -0.116474	    0.356879	           1	 3.95752e-09	1
107	-1.61572709837987	-3.20365312800946	744	107	   -0.120872	     0.36961	   -0.116474	    0.356879	           1	 3.95752e-09	1
107	0.222129577447798	0.735408385237036	745	107	   -0.120872	     0.36961	   -0.116474	    0.356879	           1	 3.95752e-09	1
107	-0.323959202746635	-0.061556128671108	746	107	   -0.120872	     0.36961	   -0.116474	    0.356879	           1	 3.95752e-09	1
108	0.648654374442057	0.0798633204872141	747	108	   -0.309857	     0.19968	   -0.519748	     0.20101	  0.00198178	    0.998018	2
108	-0.131652911674047	-1.46940360354622	748	108	   -0.309857	     0.19968	   -0.519748	     0.20101	  0.00198178	    0.998018	2
108	-0.27816045632391	-0.323693732764185	749	108	   -0.309857	     0.19968	   -0.519748	     0.20101	  0.00198178	    0.998018	2
108	-0.175249025332455	-2.10252824979357	750	108	   -0.309857	     0.19968	   -0.519748	     0.20101	  0.00198178	    0.998018	2
108	-0.02416333303367	-0.654305845503613	751	108	   -0.309857	     0.19968	   -0.519748	     0.20101	  0.00198178	    0.998018	2
108	-0.0562539725670315	-1.96203107875584	752	108	   -0.309857	     0.19968	   -0.519748	     0.20101	  0.00198178	    0.998018	2
108	1.17383258350073	-1.65869989460255	753	108	   -0.309857	     0.19968	   -0.519748	     0.20101	  0.00198178	    0.998018	2
108	0.312620510562372	-2.01686102820762	754	108	   -0.309857	     0.19968	   -0.519748	     0.20101	  0.00198178	    0.998018	2
108	0.518457051031919	-0.686011542765898	755	108	   -0.309857	     0.19968	   -0.519748	     0.20101	  0.00198178	    0.998018	2
108	-0.502383616546723	-1.73428611284458	756	108	   -0.309857	     0.19968	   -0.519748	     0.20101	  0.00198178	    0.998018	2
109	2.24877217921208	-3.46275993641081	757	109	    0.617909	    0.456786	    -0.39965	    0.410836	    0.999865	  0.00013492	1
109	1.52395451150962	0.570876101203998	758	109	    0.617909	    0.456786	    -0.39965	    0.410836	    0.999865	  0.00013492	1
109	-0.236646438993514	-1.95483067223643	759	109	    0.617909	    0.456786	    -0.39965	    0.410836	    0.999865	  0.00013492	1
109	3.10691730958162	-2.60157259865274	760	109	    0.617909	    0.456786	    -0.39965	    0.410836	    0.999865	  0.00013492	1
110	-0.639742988702842	0.637217023629705	761	110	    -0.34439	    0.256348	    0.604235	    0.255276	   0.0296264	    0.970374	2
110	-0.115951816056434	-0.185986625692287	762	110	    -0.34439	    0.256348	    0.604235	    0.255276	   0.0296264	    0.970374	2
110	1.13403096024511	0.31916000358303	763	110	    -0.34439	    0.256348	    0.604235	    0.255276	   0.0296264	    0.970374	2
110	0.138155124549104	-1.07237807683585	764	110	    -0.34439	    0.256348	    0.604235	    0.255276	   0.0296264	    0.970374	2
110	-0.0587142037256271	1.00555746952981	765	110	    -0.34439	    0.256348	    0.604235	    0.255276	   0.0296264	    0.970374	2
110	0.050980471492928	0.344567349347818	766	110	    -0.34439	    0.256348	    0.604235	    0.255276	   0.0296264	    0.970374	2
111	1.07055084238745	2.07746717389083	767	111	    0.439913	    0.369287	    0.499705	    0.356989	    0.996681	  0.00331926	1
111	1.39511446312758	-0.984840582670143	768	111	    0.439913	    0.369287	    0.499705	    0.356989	    0.996681	  0.00331926	1
111	3.61665443693227	1.10586509905064	769	111	    0.439913	    0.369287	    0.499705	    0.356989	    0.996681	  0.00331926	1
111	0.503278857859557	-0.292547960525755	770	111	    0.439913	    0.369287	    0.499705	    0.356989	    0.996681	  0.00331926	1
111	-0.268542239230575	-0.325238137885855	771	111	    0.439913	    0.369287	    0.499705	    0.356989	    0.996681	  0.00331926	1
111	1.66646891787539	-0.603801053219303	772	111	    0.439913	    0.369287	    0.499705	    0.356989	    0.996681	  0.00331926	1
111	0.597600079743548	1.66431834533884	773	111	    0.439913	    0.369287	    0.499705	    0.356989	    0.996681	  0.00331926	1
111	0.423447887335099	0.423095651142337	774	111	    0.439913	    0.369287	    0.499705	    0.356989	    0.996681	  0.00331926	1
112	0.985191275737279	-0.471529774700282	775	112	    0.454879	    0.336481	    0.255679	    0.332638	    0.950329	   0.0496711	1
112	1.82671280956346	1.07524222358993	776	112	    0.454879	    0.336481	    0.255679	    0.332638	    0.950329	   0.0496711	1
112	-0.580655280311887	0.679801096605054	777	112	    0.454879	    0.336481	    0.255679	    0.332638	    0.950329	   0.0496711	1
112	0.4855979984031	1.36124149739164	778	112	    0.454879	    0.336481	    0.255679	    0.332638	    0.950329	   0.0496711	1
112	1.80910672106273	-0.263373340845669	779	112	    0.454879	    0.336481	    0.255679	    0.332638	    0.950329	   0.0496711	1
112	1.87009093557508	-1.31451273099942	780	112	    0.454879	    0.336481	    0.255679	    0.332638	    0.950329	   0.0496711	1
112	0.155914980687082	-1.4044381449125	781	112	    0.454879	    0.336481	    0.255679	    0.332638	    0.950329	   0.0496711	1
112	1.96250231513753	-0.582805402510102	782	112	    0.454879	    0.336481	    0.255679	    0.332638	    0.950329	   0.0496711	1
112	1.5302109974859	-1.95961059521444	783	112	    0.454879	    0.336481	    0.255679	    0.332638	    0.950329	   0.0496711	1
112	0.954476458415313	1.10727785815547	784	112	    0.454879	    0.336481	    0.255679	    0.332638	    0.950329	   0.0496711	1
113	0.37503047064985	-1.1625463193082	785	113	    0.233034	    0.298608	   -0.340431	    0.287358	   0.0135041	    0.986496	2
113	0.690280499100496	-0.930331482367218	786	113	    0.233034	    0.298608	   -0.340431	    0.287358	   0.0135041	    0.986496	2
113	1.0425965135026	-1.44157120574466	787	113	    0.233034	    0.298608	   -0.340431	    0.287358	   0.0135041	    0.986496	2
113	1.01641505752644	-1.02576990257857	788	113	    0.233034	    0.298608	   -0.340431	    0.287358	   0.0135041	    0.986496	2
114	0.52444454428869	0.979931098505617	789	114	   -0.257705	    0.251927	     1.12521	    0.252578	  0.00975882	    0.990241	2
114	-0.102788065633958	0.520119558064209	790	114	   -0.257705	    0.251927	     1.12521	    0.252578	  0.00975882	    0.990241	2
114	0.239314460945803	1.58859445323645	791	114	   -0.257705	    0.251927	     1.12521	    0.252578	  0.00975882	    0.990241	2
114	0.375757501162993	0.215284735453394	792	114	   -0.257705	    0.251927	     1.12521	    0.252578	  0.00975882	    0.990241	2
114	0.180453738157583	1.29140826624629	793	114	   -0.257705	    0.251927	     1.12521	    0.252578	  0.00975882	    0.990241	2
114	-0.0879668953366874	0.551185025569566	794	114	   -0.257705	    0.251927	     1.12521	    0.252578	  0.00975882	    0.990241	2
115	1.8450608277105	-2.43998116646384	795	115	   -0.139962	     0.36961	   -0.364703	    0.356879	           1	 2.67816e-08	1
115	0.240289370835023	-0.796491535548719	796	115	   -0.139962	     0.36961	   -0.364703	    0.356879	           1	 2.67816e-08	1
115	0.518504943115131	-0.582144891185087	797	115	   -0.139962	     0.36961	   -0.364703	    0.356879	           1	 2.67816e-08	1
115	0.624250934276751	2.49030404219178	798	115	   -0.139962	     0.36961	   -0.364703	    0.356879	           1	 2.67816e-08	1
115	-1.2801324042669	-1.07385232352758	799	115	   -0.139962	     0.36961	   -0.364703	    0.356879	           1	 2.67816e-08	1
115	1.57155662437615	-3.62720762861507	800	115	   -0.139962	     0.36961	   -0.364703	    0.356879	           1	 2.67816e-08	1
115	-0.748470840464156	-1.9455567127634	801	115	   -0.139962	     0.36961	   -0.364703	    0.356879	           1	 2.67816e-08	1
115	-0.479397997400003	-3.03530059017015	802	115	   -0.139962	     0.36961	   -0.364703	    0.356879	           1	 2.67816e-08	1
116	1.49316325075362	-0.706772463510659	803	116	    0.702847	    0.199789	   -0.800415	    0.201453	  0.00257023	     0.99743	2
116	0.628184674550026	-2.23170708371936	804	116	    0.702847	    0.199789	   -0.800415	    0.201453	  0.00257023	     0.99743	2
116	1.06511432254949	-0.300245152075065	805	116	    0.702847	    0.199789	   -0.800415	    0.201453	  0.00257023	     0.99743	2
116	2.36794485923283	-2.02822385911092	806	116	    0.702847	    0.199789	   -0.800415	    0.201453	  0.00257023	     0.99743	2
116	0.488389346413166	-2.69603794551902	807	116	    0.702847	    0.199789	   -0.800415	    0.201453	  0.00257023	     0.99743	2
116	1.68924447507155	-1.2664853898938	808	116	    0.702847	    0.199789	   -0.800415	    0.201453	  0.00257023	     0.99743	2
116	1.3832823908512	-1.73578741617955	809	116	    0.702847	    0.199789	   -0.800415	    0.201453	  0.00257023	     0.99743	2
116	0.858439230569103	-2.00801330819168	810	116	    0.702847	    0.199789	   -0.800415	    0.201453	  0.00257023	     0.99743	2
116	1.39296266096493	-1.00198726673875	811	116	    0.702847	    0.199789	   -0.800415	    0.201453	  0.00257023	     0.99743	2
116	1.25160628396145	-1.90113057896728	812	116	    0.702847	    0.199789	   -0.800415	    0.201453	  0.00257023	     0.99743	2
117	1.54260257237481	0.040479192101164	813	117	    0.356498	     0.45662	    0.238217	    0.410772	    0.998223	   0.0017772	1
117	-0.369541686212155	2.02527121747832	814	117	    0.356498	     0.45662	    0.238217	    0.410772	    0.998223	   0.0017772	1
117	3.21173591870742	-0.619509753719663	815	117	    0.356498	     0.45662	    0.238217	    0.410772	    0.998223	   0.0017772	1
117	0.27325449474126	-1.05355686679419	816	117	    0.356498	     0.45662	    0.238217	    0.410772	    0.998223	   0.0017772	1
118	-0.307489343151538	-1.73846449858809	817	118	    -0.92905	    0.254795	   -0.796253	     0.25238	   0.0151167	    0.984883	2
118	-1.65261165579874	-1.70087425395697	818	118	    -0.92905	    0.254795	   -0.796253	     0.25238	   0.0151167	    0.984883	2
118	0.227209033575179	-1.91444746565891	819	118	    -0.92905	    0.254795	   -0.796253	     0.25238	   0.0151167	    0.984883	2
118	-0.359238101818143	-1.67416808447352	820	118	    -0.92905	    0.254795	   -0.796253	     0.25238	   0.0151167	    0.984883	2
118	-0.991823907546678	-2.08062816592688	821	118	    -0.92905	    0.254795	   -0.796253	     0.25238	   0.0151167	    0.984883	2
118	-0.50010726189734	-1.03512693134722	822	118	    -0.92905	    0.254795	   -0.796253	     0.25238	   0.0151167	    0.984883	2
119	0.723230931027968	-0.147603251051455	823	119	    0.408739	    0.221567	    0.471983	    0.221289	  0.00588532	    0.994115	2
119	-0.478598290912149	0.576491136947224	824	119	    0.408739	    0.221567	    0.471983	    0.221289	  0.00588532	    0.994115	2
119	0.953762224755114	0.0309077759167653	825	119	    0.408739	    0.221567	    0.471983	    0.221289	  0.00588532	    0.994115	2
119	1.20133688902768	0.436756151257694	826	119	    0.408739	    0.221567	    0.471983	    0.221289	  0.00588532	    0.994115	2
119	0.719521961834787	-0.26635085903019	827	119	    0.408739	    0.221567	    0.471983	    0.221289	  0.00588532	    0.994115	2
119	1.72774996544651	-0.397495223110609	828	119	    0.408739	    0.221567	    0.471983	    0.221289	  0.00588532	    0.994115	2
119	1.1803127430209	0.606640266818843	829	119	    0.408739	    0.221567	    0.471983	    0.221289	  0.00588532	    0.994115	2
119	1.5643926334715	-1.21350069329084	830	119	    0.408739	    0.221567	    0.471983	    0.221289	  0.00588532	    0.994115	2
120	0.577638004199211	-0.643511326774057	831	120	   -0.159785	    0.340256	  -0.0170455	    0.335769	    0.990381	  0.00961871	1
120	-0.103337995200151	-1.44430195715484	832	120	   -0.159785	    0.340256	  -0.0170455	    0.335769	    0.990381	  0.00961871	1
120	0.31747384092386	-1.69573422657466	833	120	   -0.159785	    0.340256	  -0.0170455	    0.335769	    0.990381	  0.00961871	1
120	0.632609246491494	0.378553481857783	834	120	   -0.159785	    0.340256	  -0.0170455	    0.335769	    0.990381	  0.00961871	1
120	0.392862342690438	-1.64907155815265	835	120	   -0.159785	    0.340256	  -0.0170455	    0.335769	    0.990381	  0.00961871	1
120	2.08309687026839	0.519351587614485	836	120	   -0.159785	    0.340256	  -0.0170455	    0.335769	    0.990381	  0.00961871	1
120	1.05563610354163	0.491014130310607	837	120	   -0.159785	    0.340256	  -0.0170455	    0.335769	    0.990381	  0.00961871	1
120	-0.5665688217526	-2.87498860061926	838	120	   -0.159785	    0.340256	  -0.0170455	    0.335769	    0.990381	  0.00961871	1
120	-1.22043628516937	0.902469231175237	839	120	   -0.159785	    0.340256	  -0.0170455	    0.335769	    0.990381	  0.00961871	1
120	-0.443342425307799	-0.625018844163777	840	120	   -0.159785	    0.340256	  -0.0170455	    0.335769	    0.990381	  0.00961871	1
121	0.853367251003974	-2.16127415389913	841	121	    0.447833	    0.326827	   -0.364985	    0.312508	     0.13493	     0.86507	2
121	2.05150049640125	-0.702947367380391	842	121	    0.447833	    0.326827	   -0.364985	    0.312508	     0.13493	     0.86507	2
121	1.0000324106689	-1.51356353497754	843	121	    0.447833	    0.326827	   -0.364985	    0.312508	     0.13493	     0.86507	2
121	0.393633686508102	-0.476091153078329	844	121	    0.447833	    0.326827	   -0.364985	    0.312508	     0.13493	     0.86507	2
122	1.02800849741756	0.638012363560562	845	122	   -0.774266	    0.406345	   -0.105942	     0.38101	    0.999948	 5.24705e-05	1
122	-1.66071064737399	-1.7220243083388	846	122	   -0.774266	    0.406345	   -0.105942	     0.38101	    0.999948	 5.24705e-05	1
122	-0.234407949542911	-2.06512108889755	847	122	   -0.774266	    0.406345	   -0.105942	     0.38101	    0.999948	 5.24705e-05	1
122	-1.64553193107602	1.68049607611429	848	122	   -0.774266	    0.406345	   -0.105942	     0.38101	    0.999948	 5.24705e-05	1
122	-2.09767540147093	-1.96728561003312	849	122	   -0.774266	    0.406345	   -0.105942	     0.38101	    0.999948	 5.24705e-05	1
122	0.124028335505237	-1.87775290404349	850	122	   -0.774266	    0.406345	   -0.105942	     0.38101	    0.999948	 5.24705e-05	1
123	-2.15390710525567	-3.56733749842143	851	123	   0.0158151	     0.36961	   -0.115022	    0.356879	           1	 4.78509e-11	1
123	4.49888681894991	-1.24140693170267	852	123	   0.0158151	     0.36961	   -0.115022	    0.356879	           1	 4.78509e-11	1
123	-0.109801238381426	0.781709050481638	853	123	   0.0158151	     0.36961	   -0.115022	    0.356879	           1	 4.78509e-11	1
123	-0.368828889697528	-1.61314031143162	854	123	   0.0158151	     0.36961	   -0.115022	    0.356879	           1	 4.78509e-11	1
123	0.670300979106465	-1.30512623524289	855	123	   0.0158151	     0.36961	   -0.115022	    0.356879	           1	 4.78509e-11	1
123	1.21044145461481	1.28158854165454	856	123	   0.0158151	     0.36961	   -0.115022	    0.356879	           1	 4.78509e-11	1
123	-0.00253410701179768	-1.26082460811207	857	123	   0.0158151	     0.36961	   -0.115022	    0.356879	           1	 4.78509e-11	1
123	0.351762053583502	-0.0152951208222373	858	123	   0.0158151	     0.36961	   -0.115022	    0.356879	           1	 4.78509e-11	1
124	-0.0419637907373928	-0.901758034341057	859	124	    0.372258	    0.199219	   -0.627286	    0.200553	 0.000221771	    0.999778	2
124	0.424770723610436	-2.11896256975556	860	124	    0.372258	    0.199219	   -0.627286	    0.200553	 0.000221771	    0.999778	2
124	0.748045956482333	-1.25897704004196	861	124	    0.372258	    0.199219	   -0.627286	    0.200553	 0.000221771	    0.999778	2
124	0.698769913007435	-1.18496716966931	862	124	    0.372258	    0.199219	   -0.627286	    0.200553	 0.000221771	    0.999778	2
124	1.12677675954934	-1.26161298407659	863	124	    0.372258	    0.199219	   -0.627286	    0.200553	 0.000221771	    0.999778	2
124	0.432986848912482	-1.982929173468	864	124	    0.372258	    0.199219	   -0.627286	    0.200553	 0.000221771	    0.999778	2
124	1.44338599805956	-1.90735296534627	865	124	    0.372258	    0.199219	   -0.627286	    0.200553	 0.000221771	    0.999778	2
124	1.89270155149314	-1.51110634455428	866	124	    0.372258	    0.199219	   -0.627286	    0.200553	 0.000221771	    0.999778	2
124	0.944584769285988	-0.950111967634822	867	124	    0.372258	    0.199219	   -0.627286	    0.200553	 0.000221771	    0.999778	2
124	1.31162777399214	-0.727785989664205	868	124	    0.372258	    0.199219	   -0.627286	    0.200553	 0.000221771	    0.999778	2
125	-0.0417513551886977	-3.60900465806533	869	125	    0.248851	    0.456789	     0.12938	     0.41082	           1	 1.92086e-08	1
125	1.08275040699719	-0.0302674250389812	870	125	    0.248851	    0.456789	     0.12938	     0.41082	           1	 1.92086e-08	1
125	2.93625603468926	-0.260012340501188	871	125	    0.248851	    0.456789	     0.12938	     0.41082	           1	 1.92086e-08	1
125	-0.133195667657734	2.95862770884082	872	125	    0.248851	    0.456789	     0.12938	     0.41082	           1	 1.92086e-08	1
126	3.31770953093947	-0.527939456059422	873	126	    0.958934	    0.406347	   0.0135101	    0.381015	           1	 6.55116e-11	1
126	1.60588227590396	1.25782927334635	874	126	    0.958934	    0.406347	   0.0135101	    0.381015	           1	 6.55116e-11	1
126	1.82783198153078	1.88436381569222	875	126	    0.958934	    0.406347	   0.0135101	    0.381015	           1	 6.55116e-11	1
126	0.223880882877905	-2.47124578786203	876	126	    0.958934	    0.406347	   0.0135101	    0.381015	           1	 6.55116e-11	1
126	1.58426384730929	0.716189210853504	877	126	    0.958934	    0.406347	   0.0135101	    0.381015	           1	 6.55116e-11	1
126	3.56654320206276	-4.46448971964609	878	126	    0.958934	    0.406347	   0.0135101	    0.381015	           1	 6.55116e-11	1
127	0.520770666177603	-1.23825907261549	879	127	   0.0553922	    0.221169	   -0.225789	    0.220642	  0.00437953	     0.99562	2
127	-0.0144738139868453	-0.594343047774365	880	127	   0.0553922	    0.221169	   -0.225789	    0.220642	  0.00437953	     0.99562	2
127	0.663268301595593	-0.196214173193599	881	127	   0.0553922	    0.221169	   -0.225789	    0.220642	  0.00437953	     0.99562	2
127	0.813388392777731	-1.86170921797893	882	127	   0.0553922	    0.221169	   -0.225789	    0.220642	  0.00437953	     0.99562	2
127	1.45128382872472	0.0274700588042953	883	127	   0.0553922	    0.221169	   -0.225789	    0.220642	  0.00437953	     0.99562	2
127	1.25782937545155	-1.02459528102418	884	127	   0.0553922	    0.221169	   -0.225789	    0.220642	  0.00437953	     0.99562	2
127	-0.302839526078082	-1.62313256361982	885	127	   0.0553922	    0.221169	   -0.225789	    0.220642	  0.00437953	     0.99562	2
127	0.0221990772545529	-0.79645705376724	886	127	   0.0553922	    0.221169	   -0.225789	    0.220642	  0.00437953	     0.99562	2
128	1.31332537393462	-1.23461420056584	887	128	    0.473734	    0.213468	    0.608966	     0.21984	   0.0692941	    0.930706	2
128	0.199156442357897	0.205492414520864	888	128	    0.473734	    0.213468	    0.608966	     0.21984	   0.0692941	    0.930706	2
128	2.05349258634091	0.386756187755062	889	128	    0.473734	    0.213468	    0.608966	     0.21984	   0.0692941	    0.930706	2
128	0.4370919069515	-2.08076970557529	890	128	    0.473734	    0.213468	    0.608966	     0.21984	   0.0692941	    0.930706	2
128	0.889131885325749	0.689662704509534	891	128	    0.473734	    0.213468	    0.608966	     0.21984	   0.0692941	    0.930706	2
128	0.664081376591106	0.0366709450227123	892	128	    0.473734	    0.213468	    0.608966	     0.21984	   0.0692941	    0.930706	2
128	1.07077243045683	0.419890247564845	893	128	    0.473734	    0.213468	    0.608966	     0.21984	   0.0692941	    0.930706	2
128	1.54472129023623	1.45385286092524	894	128	    0.473734	    0.213468	    0.608966	     0.21984	   0.0692941	    0.930706	2
128	0.717867612657564	0.756653349682701	895	128	    0.473734	    0.213468	    0.608966	     0.21984	   0.0692941	    0.930706	2
128	1.27735034364435	0.471199980263956	896	128	    0.473734	    0.213468	    0.608966	     0.21984	   0.0692941	    0.930706	2
129	-0.0662124226476942	0.227652305405016	897	129	   -0.414119	    0.300039	    0.202218	    0.287701	   0.0182683	    0.981732	2
129	-0.192766055990523	-0.00623726473420166	898	129	   -0.414119	    0.300039	    0.202218	    0.287701	   0.0182683	    0.981732	2
129	0.199390722130667	-0.677256540665855	899	129	   -0.414119	    0.300039	    0.202218	    0.287701	   0.0182683	    0.981732	2
129	-0.0624844084434706	-0.868930567921757	900	129	   -0.414119	    0.300039	    0.202218	    0.287701	   0.0182683	    0.981732	2
130	0.430244442236638	-0.611001219978828	901	130	   -0.274815	    0.250202	     0.17562	    0.246296	  0.00169835	    0.998302	2
130	0.854171049568364	-0.0997963885825749	902	130	   -0.274815	    0.250202	     0.17562	    0.246296	  0.00169835	    0.998302	2
130	-0.264427995138057	0.041813889908847	903	130	   -0.274815	    0.250202	     0.17562	    0.246296	  0.00169835	    0.998302	2
130	-0.0341900269271814	-0.470626043635053	904	130	   -0.274815	    0.250202	     0.17562	    0.246296	  0.00169835	    0.998302	2
130	-0.10265839043137	-0.666192654467437	905	130	   -0.274815	    0.250202	     0.17562	    0.246296	  0.00169835	    0.998302	2
130	0.130398538890353	-0.60162637312756	906	130	   -0.274815	    0.250202	     0.17562	    0.246296	  0.00169835	    0.998302	2
131	2.26744434698531	-2.10447258746554	907	131	    0.930339	     0.36913	  -0.0517539	    0.354723	    0.980332	   0.0196678	1
131	3.72058379524911	0.0319948086930735	908	131	    0.930339	     0.36913	  -0.0517539	    0.354723	    0.980332	   0.0196678	1
131	1.20690168221562	-1.02184109282023	909	131	    0.930339	     0.36913	  -0.0517539	    0.354723	    0.980332	   0.0196678	1
131	0.436376150321849	0.420487185561282	910	131	    0.930339	     0.36913	  -0.0517539	    0.354723	    0.980332	   0.0196678	1
131	3.62610741245575	-0.766099995253315	911	131	    0.930339	     0.36913	  -0.0517539	    0.354723	    0.980332	   0.0196678	1
131	2.05934353719708	-1.20834363818743	912	131	    0.930339	     0.36913	  -0.0517539	    0.354723	    0.980332	   0.0196678	1
131	0.38667974482819	-0.30770124552441	913	131	    0.930339	     0.36913	  -0.0517539	    0.354723	    0.980332	   0.0196678	1
131	0.926651909452326	-0.941871934611548	914	131	    0.930339	     0.36913	  -0.0517539	    0.354723	    0.980332	   0.0196678	1
132	0.215714660267086	-1.28475125713023	915	132	    0.396771	    0.340487	   -0.735134	    0.337798	    0.991655	  0.00834472	1
132	2.62704115373842	-1.30821878705852	916	132	    0.396771	    0.340487	   -0.735134	    0.337798	    0.991655	  0.00834472	1
132	-0.102459371577144	-0.864501564418744	917	132	    0.396771	    0.340487	   -0.735134	    0.337798	    0.991655	  0.00834472	1
132	0.944349145224116	-0.236510809452865	918	132	    0.396771	    0.340487	   -0.735134	    0.337798	    0.991655	  0.00834472	1
132	0.0101507083308613	-4.11276020568548	919	132	    0.396771	    0.340487	   -0.735134	    0.337798	    0.991655	  0.00834472	1
132	1.24648476856947	-2.47506094286683	920	132	    0.396771	    0.340487	   -0.735134	    0.337798	    0.991655	  0.00834472	1
132	2.03631277207748	-2.00478272429153	921	132	    0.396771	    0.340487	   -0.735134	    0.337798	    0.991655	  0.00834472	1
132	1.64031622854222	-2.9652049060189	922	132	    0.396771	    0.340487	   -0.735134	    0.337798	    0.991655	  0.00834472	1
132	-0.173117541173191	-1.99093959046215	923	132	    0.396771	    0.340487	   -0.735134	    0.337798	    0.991655	  0.00834472	1
132	1.82607207959088	-2.48292924944334	924	132	    0.396771	    0.340487	   -0.735134	    0.337798	    0.991655	  0.00834472	1
133	1.65575908882712	-0.876526746633133	925	133	    0.547435	    0.307825	    0.169365	     0.29232	    0.046933	    0.953067	2
133	0.828764842040981	0.182258827731839	926	133	    0.547435	    0.307825	    0.169365	     0.29232	    0.046933	    0.953067	2
133	1.21880458786171	0.340083353333376	927	133	    0.547435	    0.307825	    0.169365	     0.29232	    0.046933	    0.953067	2
133	1.02841923599462	-1.15134232636165	928	133	    0.547435	    0.307825	    0.169365	     0.29232	    0.046933	    0.953067	2
134	-0.858004592304249	-0.015674667237307	929	134	    -1.38524	    0.256722	   -0.114129	     0.24852	   0.0143803	     0.98562	2
134	-1.67218677202824	-0.822691495168513	930	134	    -1.38524	    0.256722	   -0.114129	     0.24852	   0.0143803	     0.98562	2
134	-1.1369875098355	-1.21071209284378	931	134	    -1.38524	    0.256722	   -0.114129	     0.24852	   0.0143803	     0.98562	2
134	-0.530386899166031	-1.15597086742941	932	134	    -1.38524	    0.256722	   -0.114129	     0.24852	   0.0143803	     0.98562	2
134	-1.496324109358	0.0807115828234323	933	134	    -1.38524	    0.256722	   -0.114129	     0.24852	   0.0143803	     0.98562	2
134	-1.08920356424044	-1.58335732025388	934	134	    -1.38524	    0.256722	   -0.114129	     0.24852	   0.0143803	     0.98562	2
135	1.06244509983678	-0.0487822425190391	935	135	    -0.10095	    0.369605	    0.697044	    0.356887	     0.99995	 5.02563e-05	1
135	2.39488151805246	2.35574095584265	936	135	    -0.10095	    0.369605	    0.697044	    0.356887	     0.99995	 5.02563e-05	1
135	-1.29202890949167	-1.14099067503486	937	135	    -0.10095	    0.369605	    0.697044	    0.356887	     0.99995	 5.02563e-05	1
135	1.08054480906597	0.48746436031088	938	135	    -0.10095	    0.369605	    0.697044	    0.356887	     0.99995	 5.02563e-05	1
135	0.276670829998914	1.09996333157075	939	135	    -0.10095	    0.369605	    0.697044	    0.356887	     0.99995	 5.02563e-05	1
135	-0.86796328968217	2.95368181016582	940	135	    -0.10095	    0.369605	    0.697044	    0.356887	     0.99995	 5.02563e-05	1
135	-0.0388685597950929	-0.486250122932356	941	135	    -0.10095	    0.369605	    0.697044	    0.356887	     0.99995	 5.02563e-05	1
135	0.127948032911912	1.0775922644491	942	135	    -0.10095	    0.369605	    0.697044	    0.356887	     0.99995	 5.02563e-05	1
136	-0.0170629757146727	0.69091811389434	943	136	   -0.278763	    0.199356	    0.988262	    0.200584	 0.000205058	    0.999795	2
136	0.529469942990346	0.505425738502484	944	136	   -0.278763	    0.199356	    0.988262	    0.200584	 0.000205058	    0.999795	2
136	-0.278926606062631	0.71480463980933	945	136	   -0.278763	    0.199356	    0.988262	    0.200584	 0.000205058	    0.999795	2
136	-0.0741373100534806	0.431611939067149	946	136	   -0.278763	    0.199356	    0.988262	    0.200584	 0.000205058	    0.999795	2
136	0.0179649667875301	1.3662878926428	947	136	   -0.278763	    0.199356	    0.988262	    0.200584	 0.000205058	    0.999795	2
136	0.4270026825394	0.353667765299564	948	136	   -0.278763	    0.199356	    0.988262	    0.200584	 0.000205058	    0.999795	2
136	0.283037137038045	0.154584235933417	949	136	   -0.278763	    0.199356	    0.988262	    0.200584	 0.000205058	    0.999795	2
136	0.656706836704263	-0.608123571093382	950	136	   -0.278763	    0.199356	    0.988262	    0.200584	 0.000205058	    0.999795	2
136	0.446326356326108	1.59117004414324	951	136	   -0.278763	    0.199356	    0.988262	    0.200584	 0.000205058	    0.999795	2
136	-0.162063121536182	0.244789430633065	952	136	   -0.278763	    0.199356	    0.988262	    0.200584	 0.000205058	    0.999795	2
137	1.25981629074831	-2.52022908224957	953	137	   -0.110296	    0.439989	   0.0761493	    0.397751	    0.873051	    0.126949	1
137	-0.198270025507664	-0.464700310056879	954	137	   -0.110296	    0.439989	   0.0761493	    0.397751	    0.873051	    0.126949	1
137	-0.298346380658443	0.354937294714064	955	137	   -0.110296	    0.439989	   0.0761493	    0.397751	    0.873051	    0.126949	1
137	0.408631600160934	0.921521837487164	956	137	   -0.110296	    0.439989	   0.0761493	    0.397751	    0.873051	    0.126949	1
138	1.03682640414425	-0.731865416234243	957	138	  0.00167322	    0.254224	   -0.384224	    0.250927	   0.0215437	    0.978456	2
138	0.874967531681909	-1.3370189872306	958	138	  0.00167322	    0.254224	   -0.384224	    0.250927	   0.0215437	    0.978456	2
138	-0.0549944333670225	-1.53900763021271	959	138	  0.00167322	    0.254224	   -0.384224	    0.250927	   0.0215437	    0.978456	2
138	1.74292353822472	-1.05996152579286	960	138	  0.00167322	    0.254224	   -0.384224	    0.250927	   0.0215437	    0.978456	2
138	-0.259151464138301	-1.4236064507525	961	138	  0.00167322	    0.254224	   -0.384224	    0.250927	   0.0215437	    0.978456	2
138	-0.393982462188491	-0.777741529429815	962	138	  0.00167322	    0.254224	   -0.384224	    0.250927	   0.0215437	    0.978456	2
139	1.27171008046137	0.126633441643945	963	139	   -0.370557	     0.36961	    0.436329	    0.356879	           1	 1.21308e-09	1
139	-0.0476514058396602	-0.261192165722537	964	139	   -0.370557	     0.36961	    0.436329	    0.356879	           1	 1.21308e-09	1
139	-2.12179930770193	-0.261264547159933	965	139	   -0.370557	     0.36961	    0.436329	    0.356879	           1	 1.21308e-09	1
139	1.10613043930559	2.44663808531934	966	139	   -0.370557	     0.36961	    0.436329	    0.356879	           1	 1.21308e-09	1
139	1.28845446810062	-2.23394328859013	967	139	   -0.370557	     0.36961	    0.436329	    0.356879	           1	 1.21308e-09	1
139	-0.228314422513897	1.28067158190361	968	139	   -0.370557	     0.36961	    0.436329	    0.356879	           1	 1.21308e-09	1
139	-1.02361817424201	3.12086020962552	969	139	   -0.370557	     0.36961	    0.436329	    0.356879	           1	 1.21308e-09	1
139	-0.624673009475685	-2.16988880754611	970	139	   -0.370557	     0.36961	    0.436329	    0.356879	           1	 1.21308e-09	1
140	-0.705171217567138	-0.60152608794189	971	140	  -0.0642949	     0.34132	  -0.0850297	    0.336816	           1	 6.53246e-08	1
140	1.03513851929771	1.27990923932256	972	140	  -0.0642949	     0.34132	  -0.0850297	    0.336816	           1	 6.53246e-08	1
140	1.78428124000414	-1.62039143240287	973	140	  -0.0642949	     0.34132	  -0.0850297	    0.336816	           1	 6.53246e-08	1
140	2.87228755547841	-1.32034728670356	974	140	  -0.0642949	     0.34132	  -0.0850297	    0.336816	           1	 6.53246e-08	1
140	-0.0144284943781586	-2.36100384413266	975	140	  -0.0642949	     0.34132	  -0.0850297	    0.336816	           1	 6.53246e-08	1
140	-2.0634320613014	-1.02493222778741	976	140	  -0.0642949	     0.34132	  -0.0850297	    0.336816	           1	 6.53246e-08	1
140	2.09337040566751	-0.939643541667689	977	140	  -0.0642949	     0.34132	  -0.0850297	    0.336816	           1	 6.53246e-08	1
140	-1.57583261095154	-0.234807758158999	978	140	  -0.0642949	     0.34132	  -0.0850297	    0.336816	           1	 6.53246e-08	1
140	1.57511098395497	0.331478628127906	979	140	  -0.0642949	     0.34132	  -0.0850297	    0.336816	           1	 6.53246e-08	1
140	-0.983384283960928	-1.39584841155416	980	140	  -0.0642949	     0.34132	  -0.0850297	    0.336816	           1	 6.53246e-08	1
141	0.466143561985566	-5.02241677830616	981	141	   0.0443925	    0.456769	    -1.04968	    0.411038	     0.99985	  0.00014952	1
141	0.768051570166772	-2.45447171352434	982	141	   0.0443925	    0.456769	    -1.04968	    0.411038	     0.99985	  0.00014952	1
141	-0.630473535797863	-4.91037555679721	983	141	   0.0443925	    0.456769	    -1.04968	    0.411038	     0.99985	  0.00014952	1
141	1.68951640163052	-3.05653869211497	984	141	   0.0443925	    0.456769	    -1.04968	    0.411038	     0.99985	  0.00014952	1
142	1.33302563071939	-0.354398194183095	985	142	    0.447576	     0.25405	  -0.0430911	    0.249094	   0.0181122	    0.981888	2
142	0.538754165173231	-0.0417020478219917	986	142	    0.447576	     0.25405	  -0.0430911	    0.249094	   0.0181122	    0.981888	2
142	0.506694135810954	-1.08300253822164	987	142	    0.447576	     0.25405	  -0.0430911	    0.249094	   0.0181122	    0.981888	2
142	1.18234473936465	0.00789217968196099	988	142	    0.447576	     0.25405	  -0.0430911	    0.249094	   0.0181122	    0.981888	2
142	0.426611989403341	-1.14348282147357	989	142	    0.447576	     0.25405	  -0.0430911	    0.249094	   0.0181122	    0.981888	2
142	2.09048226406076	-1.52767379654197	990	142	    0.447576	     0.25405	  -0.0430911	    0.249094	   0.0181122	    0.981888	2
143	-0.688193649857936	-0.952248986494985	991	143	    -1.15652	    0.244121	   -0.205645	    0.233462	   0.0725934	    0.927407	2
143	-2.04419363528318	-1.90727200068343	992	143	    -1.15652	    0.244121	   -0.205645	    0.233462	   0.0725934	    0.927407	2
143	-1.02128098859412	-0.10548745099141	993	143	    -1.15652	    0.244121	   -0.205645	    0.233462	   0.0725934	    0.927407	2
143	-0.857938186019916	-0.636237872527325	994	143	    -1.15652	    0.244121	   -0.205645	    0.233462	   0.0725934	    0.927407	2
143	-1.74747289787388	-1.7400371424011	995	143	    -1.15652	    0.244121	   -0.205645	    0.233462	   0.0725934	    0.927407	2
143	0.501953017108019	-0.595783315204189	996	143	    -1.15652	    0.244121	   -0.205645	    0.233462	   0.0725934	    0.927407	2
143	-1.26961329511407	-0.729512048992265	997	143	    -1.15652	    0.244121	   -0.205645	    0.233462	   0.0725934	    0.927407	2
143	0.473091951172466	-0.496782620830092	998	143	    -1.15652	    0.244121	   -0.205645	    0.233462	   0.0725934	    0.927407	2
144	1.65643896025454	-1.22327889942452	999	144	    0.774796	     0.34132	   -0.574912	    0.336816	           1	 1.10411e-07	1
144	2.68313403738639	-2.32918266257725	1000	144	    0.774796	     0.34132	   -0.574912	    0.336816	           1	 1.10411e-07	1
144	2.9200028042649	-1.77692365996949	1001	144	    0.774796	     0.34132	   -0.574912	    0.336816	           1	 1.10411e-07	1
144	1.08673228877992	0.0300441497281029	1002	144	    0.774796	     0.34132	   -0.574912	    0.336816	           1	 1.10411e-07	1
144	1.70605213373627	-0.725550425460301	1003	144	    0.774796	     0.34132	   -0.574912	    0.336816	           1	 1.10411e-07	1
144	3.3269307906994	-0.897119780372008	1004	144	    0.774796	     0.34132	   -0.574912	    0.336816	           1	 1.10411e-07	1
144	0.535716411198402	-1.1863796316225	1005	144	    0.774796	     0.34132	   -0.574912	    0.336816	           1	 1.10411e-07	1
144	-0.585096408143911	-3.98659650891279	1006	144	    0.774796	     0.34132	   -0.574912	    0.336816	           1	 1.10411e-07	1
144	2.71127575445881	-0.892854853036298	1007	144	    0.774796	     0.34132	   -0.574912	    0.336816	           1	 1.10411e-07	1
144	-0.624286863584051	-3.86528653118197	1008	144	    0.774796	     0.34132	   -0.574912	    0.336816	           1	 1.10411e-07	1
145	-0.0842622313515614	0.216275692744172	1009	145	   -0.726662	    0.335539	   -0.334906	    0.312186	    0.139721	    0.860279	2
145	-0.886154698529006	-1.20750340803116	1010	145	   -0.726662	    0.335539	   -0.334906	    0.312186	    0.139721	    0.860279	2
145	-0.337394609538546	-1.73953903189247	1011	145	   -0.726662	    0.335539	   -0.334906	    0.312186	    0.139721	    0.860279	2
145	-0.542320563834149	-1.93749882681311	1012	145	   -0.726662	    0.335539	   -0.334906	    0.312186	    0.139721	    0.860279	2
146	-1.46376044286507	-1.44046519667817	1013	146	    -0.85213	    0.406346	   0.0740895	    0.380981	    0.999684	 0.000315555	1
146	-2.74458484465138	-0.79092278637077	1014	146	    -0.85213	    0.406346	   0.0740895	    0.380981	    0.999684	 0.000315555	1
146	1.04244453536164	-0.869969441821554	1015	146	    -0.85213	    0.406346	   0.0740895	    0.380981	    0.999684	 0.000315555	1
146	-1.30923687481956	-1.38888284509137	1016	146	    -0.85213	    0.406346	   0.0740895	    0.380981	    0.999684	 0.000315555	1
146	-1.57050685266399	-0.0328446026312074	1017	146	    -0.85213	    0.406346	   0.0740895	    0.380981	    0.999684	 0.000315555	1
146	0.813854517362985	1.78395333033222	1018	146	    -0.85213	    0.406346	   0.0740895	    0.380981	    0.999684	 0.000315555	1
147	0.855192434567354	1.15165551312129	1019	147	  0.00867675	    0.223083	    0.879603	    0.225983	   0.0140079	    0.985992	2
147	0.495201287043957	-0.365025180496092	1020	147	  0.00867675	    0.223083	    0.879603	    0.225983	   0.0140079	    0.985992	2
147	1.0480267225442	-0.487300520516428	1021	147	  0.00867675	    0.223083	    0.879603	    0.225983	   0.0140079	    0.985992	2
147	1.16721087415024	-0.673806026975606	1022	147	  0.00867675	    0.223083	    0.879603	    0.225983	   0.0140079	    0.985992	2
147	0.267309658454902	1.1251044286232	1023	147	  0.00867675	    0.223083	    0.879603	    0.225983	   0.0140079	    0.985992	2
147	0.402827885815821	1.04261640497589	1024	147	  0.00867675	    0.223083	    0.879603	    0.225983	   0.0140079	    0.985992	2
147	-0.0748263575694728	1.09487742490481	1025	147	  0.00867675	    0.223083	    0.879603	    0.225983	   0.0140079	    0.985992	2
147	-0.16961285434575	0.816598508806539	1026	147	  0.00867675	    0.223083	    0.879603	    0.225983	   0.0140079	    0.985992	2
148	0.312276196422134	-1.26826846514547	1027	148	   -0.483647	    0.203401	    -0.16994	    0.204188	   0.0195209	    0.980479	2
148	-1.17407500450253	-0.56123304966813	1028	148	   -0.483647	    0.203401	    -0.16994	    0.204188	   0.0195209	    0.980479	2
148	-0.11367269311852	-1.80026030907354	1029	148	   -0.483647	    0.203401	    -0.16994	    0.204188	   0.0195209	    0.980479	2
148	-1.07710065294579	-1.07388650838656	1030	148	   -0.483647	    0.203401	    -0.16994	    0.204188	   0.0195209	    0.980479	2
148	0.336221512340225	-0.494062635893648	1031	148	   -0.483647	    0.203401	    -0.16994	    0.204188	   0.0195209	    0.980479	2
148	-0.900281407195374	-0.386766380523547	1032	148	   -0.483647	    0.203401	    -0.16994	    0.204188	   0.0195209	    0.980479	2
148	0.684497121871185	0.642895276301852	1033	148	   -0.483647	    0.203401	    -0.16994	    0.204188	   0.0195209	    0.980479	2
148	0.41143541734247	-0.235687717560913	1034	148	   -0.483647	    0.203401	    -0.16994	    0.204188	   0.0195209	    0.980479	2
148	0.105884305418805	-2.07738654221402	1035	148	   -0.483647	    0.203401	    -0.16994	    0.204188	   0.0195209	    0.980479	2
148	0.97162930344822	-1.11493653860763	1036	148	   -0.483647	    0.203401	    -0.16994	    0.204188	   0.0195209	    0.980479	2
149	-1.15023710894925	-1.578958749355	1037	149	   -0.566039	     0.37972	   -0.206669	    0.343294	    0.372907	    0.627093	2
149	1.27410875434566	-1.10924179506361	1038	149	   -0.566039	     0.37972	   -0.206669	    0.343294	    0.372907	    0.627093	2
149	-1.0093575330423	-1.24627292451039	1039	149	   -0.566039	     0.37972	   -0.206669	    0.343294	    0.372907	    0.627093	2
149	-0.394599545614723	-0.113828089939584	1040	149	   -0.566039	     0.37972	   -0.206669	    0.343294	    0.372907	    0.627093	2
150	0.59897761032872	-0.384876405810729	1041	150	   -0.673764	    0.255775	    0.259997	    0.250359	   0.0221369	    0.977863	2
150	-0.0476460063292701	-0.817564062379769	1042	150	   -0.673764	    0.255775	    0.259997	    0.250359	   0.0221369	    0.977863	2
150	-0.392160961615545	-0.591663042494759	1043	150	   -0.673764	    0.255775	    0.259997	    0.250359	   0.0221369	    0.977863	2
150	-1.58313837011376	-0.518801792825099	1044	150	   -0.673764	    0.255775	    0.259997	    0.250359	   0.0221369	    0.977863	2
150	0.135734288666683	0.707885517504055	1045	150	   -0.673764	    0.255775	    0.259997	    0.250359	   0.0221369	    0.977863	2
150	-0.513605988548106	-0.115074862007909	1046	150	   -0.673764	    0.255775	    0.259997	    0.250359	   0.0221369	    0.977863	2
