     -2.832266426955     -2.409781185239      0.932081960708      0.210800040749      0.000000000000      0.999994072030      0.000000000000      0.000005927970      1.000000000000      2.000000000000      2.000000000000   1  1
      2.731321413367      2.032129267080     -1.031544482761      0.210800040749      0.999994072030      0.000000000000      0.000005927970      0.000000000000      1.000000000000      1.000000000000      1.000000000000   2  1
     -2.565020222838     -2.414191613613     -0.099104479685      0.210800040749      0.000000000000      0.999994072030      0.000000000000      0.000005927970      1.000000000000      2.000000000000      2.000000000000   3  1
     -3.353718307375     -3.110542509140      0.299290041840      0.210800040749      0.000000000000      0.999994072030      0.000000000000      0.000005927970      1.000000000000      2.000000000000      2.000000000000   4  1
     -2.640359827121     -2.377515013078      0.805117509619      0.210800040749      0.000000000000      0.999994072030      0.000000000000      0.000005927970      1.000000000000      2.000000000000      2.000000000000   5  1
     -2.383724492248     -2.307146523898      0.122447494265      0.210800040749      0.000000000000      0.999994072030      0.000000000000      0.000005927970      1.000000000000      2.000000000000      2.000000000000   6  1
     -2.883575040551     -2.888662487315      0.633951719106      0.210800040749      0.000000000000      0.999994072030      0.000000000000      0.000005927970      1.000000000000      2.000000000000      2.000000000000   7  1
      2.347552206500      2.735191888890     -0.994157232759      0.210800040749      0.999994072030      0.000000000000      0.000005927970      0.000000000000      1.000000000000      1.000000000000      1.000000000000   8  1
     -3.248530180962     -2.359812037110     -0.402024218732      0.210800040749      0.000000000000      0.999994072030      0.000000000000      0.000005927970      1.000000000000      2.000000000000      2.000000000000   9  1
     -3.749639414730     -1.465106370081      0.820398175432      0.210800040749      0.000000000000      0.999994072030      0.000000000000      0.000005927970      1.000000000000      2.000000000000      2.000000000000  10  1
     -2.746344983857     -1.275726208725      1.722324406393      0.210800040749      0.000000000000      0.999994072030      0.000000000000      0.000005927970      1.000000000000      2.000000000000      2.000000000000  11  1
     -3.567597496923     -0.967879477424     -0.891334603493      0.210800040749      0.000000000000      0.999994072030      0.000000000000      0.000005927970      1.000000000000      2.000000000000      2.000000000000  12  1
      3.361148301759      2.168562945797     -0.448042452319     -0.111770149060      0.000172452708      0.000000000000      0.999827547292      0.000000000000      2.000000000000      1.000000000000      3.000000000000  13  2
      2.663542641618      0.950129983950      0.722101741032     -0.111770149060      0.000172452708      0.000000000000      0.999827547292      0.000000000000      2.000000000000      1.000000000000      3.000000000000  14  2
      3.994196329624      1.259161000932     -0.559336078744     -0.111770149060      0.000172452708      0.000000000000      0.999827547292      0.000000000000      2.000000000000      1.000000000000      3.000000000000  15  2
      2.967173473504      2.212215555258      1.662416763070     -0.111770149060      0.000172452708      0.000000000000      0.999827547292      0.000000000000      2.000000000000      1.000000000000      3.000000000000  16  2
     -2.881084417771     -2.536067842719     -0.403155267240     -0.111770149060      0.000000000000      0.000172452708      0.000000000000      0.999827547292      2.000000000000      2.000000000000      4.000000000000  17  2
      2.787777649542      1.743808563668      0.279105265256     -0.111770149060      0.000172452708      0.000000000000      0.999827547292      0.000000000000      2.000000000000      1.000000000000      3.000000000000  18  2
      3.814854774195      1.346422146647     -1.513662266021     -0.111770149060      0.000172452708      0.000000000000      0.999827547292      0.000000000000      2.000000000000      1.000000000000      3.000000000000  19  2
      2.917213537457      2.156648203179     -1.912696963670     -0.111770149060      0.000172452708      0.000000000000      0.999827547292      0.000000000000      2.000000000000      1.000000000000      3.000000000000  20  2
     -2.922855687035     -1.830698913670     -0.312565517348     -0.111770149060      0.000000000000      0.000172452708      0.000000000000      0.999827547292      2.000000000000      2.000000000000      4.000000000000  21  2
      3.214669475270      3.047327957885     -0.252799917589     -0.111770149060      0.000172452708      0.000000000000      0.999827547292      0.000000000000      2.000000000000      1.000000000000      3.000000000000  22  2
     -2.904635609029     -1.951750080758      0.850727971871     -0.111770149060      0.000000000000      0.000172452708      0.000000000000      0.999827547292      2.000000000000      2.000000000000      4.000000000000  23  2
      2.646037394617      1.829954220524      0.178113536655     -0.111770149060      0.000172452708      0.000000000000      0.999827547292      0.000000000000      2.000000000000      1.000000000000      3.000000000000  24  2
     -3.188429092863     -2.072779640650     -0.863572883629      0.302230008635      0.000000000000      0.999978070946      0.000000000000      0.000021929054      1.000000000000      2.000000000000      2.000000000000  25  3
     -3.456692723069     -2.700089077286      1.102372045406      0.302230008635      0.000000000000      0.999978070946      0.000000000000      0.000021929054      1.000000000000      2.000000000000      2.000000000000  26  3
     -3.072494496457     -1.525678067254     -1.470184366944      0.302230008635      0.000000000000      0.999978070946      0.000000000000      0.000021929054      1.000000000000      2.000000000000      2.000000000000  27  3
      3.112517361417      2.151102552506      0.107361003111      0.302230008635      0.999978070946      0.000000000000      0.000021929054      0.000000000000      1.000000000000      1.000000000000      1.000000000000  28  3
     -3.044316352902     -2.477875897036      1.321308642932      0.302230008635      0.000000000000      0.999978070946      0.000000000000      0.000021929054      1.000000000000      2.000000000000      2.000000000000  29  3
      2.274694802542      2.903737386344     -2.127442714706      0.302230008635      0.999978070946      0.000000000000      0.000021929054      0.000000000000      1.000000000000      1.000000000000      1.000000000000  30  3
      2.553511504738      1.953902405894     -0.121889667611      0.302230008635      0.999978070946      0.000000000000      0.000021929054      0.000000000000      1.000000000000      1.000000000000      1.000000000000  31  3
     -2.368730617116     -1.879355241949     -0.427659322731      0.302230008635      0.000000000000      0.999978070946      0.000000000000      0.000021929054      1.000000000000      2.000000000000      2.000000000000  32  3
     -2.347832646125     -2.309814186274     -0.346813652812      0.302230008635      0.000000000000      0.999978070946      0.000000000000      0.000021929054      1.000000000000      2.000000000000      2.000000000000  33  3
     -3.257192283033     -2.624793200853      1.305192226291      0.302230008635      0.000000000000      0.999978070946      0.000000000000      0.000021929054      1.000000000000      2.000000000000      2.000000000000  34  3
     -2.131486311618     -2.132396241365     -0.626528240503      0.302230008635      0.000000000000      0.999978070946      0.000000000000      0.000021929054      1.000000000000      2.000000000000      2.000000000000  35  3
     -2.899143823083     -1.462540806512      0.818363418653      0.302230008635      0.000000000000      0.999978070946      0.000000000000      0.000021929054      1.000000000000      2.000000000000      2.000000000000  36  3
      2.372715172605      1.020552792735     -0.863521809212     -1.066241786741      0.000127519416      0.000000000000      0.999872480584      0.000000000000      2.000000000000      1.000000000000      3.000000000000  37  4
     -2.604468986336     -2.042831440230     -0.302245289025     -1.066241786741      0.000000000000      0.000127519416      0.000000000000      0.999872480584      2.000000000000      2.000000000000      4.000000000000  38  4
     -2.878445933493     -2.834716525166      1.377907397037     -1.066241786741      0.000000000000      0.000127519416      0.000000000000      0.999872480584      2.000000000000      2.000000000000      4.000000000000  39  4
     -3.090943164944     -2.423993556911      1.107561539050     -1.066241786741      0.000000000000      0.000127519416      0.000000000000      0.999872480584      2.000000000000      2.000000000000      4.000000000000  40  4
     -2.299401236845     -2.088402882500      0.758357496307     -1.066241786741      0.000000000000      0.000127519416      0.000000000000      0.999872480584      2.000000000000      2.000000000000      4.000000000000  41  4
      2.654667566760      1.024762147846      1.132129823184     -1.066241786741      0.000127519416      0.000000000000      0.999872480584      0.000000000000      2.000000000000      1.000000000000      3.000000000000  42  4
      3.111517818189      0.991804087600     -0.445894241612     -1.066241786741      0.000127519416      0.000000000000      0.999872480584      0.000000000000      2.000000000000      1.000000000000      3.000000000000  43  4
      3.753158380196      1.896863845079     -0.015458561850     -1.066241786741      0.000127519416      0.000000000000      0.999872480584      0.000000000000      2.000000000000      1.000000000000      3.000000000000  44  4
      2.447397311587      2.025724714104      1.706819371984     -1.066241786741      0.000127519416      0.000000000000      0.999872480584      0.000000000000      2.000000000000      1.000000000000      3.000000000000  45  4
      2.649553205104      0.975885640814      0.489141533198     -1.066241786741      0.000127519416      0.000000000000      0.999872480584      0.000000000000      2.000000000000      1.000000000000      3.000000000000  46  4
      3.328029920485      1.825389351994     -2.207957240320     -1.066241786741      0.000127519416      0.000000000000      0.999872480584      0.000000000000      2.000000000000      1.000000000000      3.000000000000  47  4
      2.952551453841      3.246927497320     -0.031799751025     -1.066241786741      0.000127519416      0.000000000000      0.999872480584      0.000000000000      2.000000000000      1.000000000000      3.000000000000  48  4
     -3.607383262266     -1.771391636599      0.353878817368     -0.276275696198      0.000000000000      0.999997654978      0.000000000000      0.000002345022      1.000000000000      2.000000000000      2.000000000000  49  5
     -3.077111065006     -1.930263977775      0.181036503322     -0.276275696198      0.000000000000      0.999997654978      0.000000000000      0.000002345022      1.000000000000      2.000000000000      2.000000000000  50  5
     -2.476928300273     -2.132839702348      0.705247641811     -0.276275696198      0.000000000000      0.999997654978      0.000000000000      0.000002345022      1.000000000000      2.000000000000      2.000000000000  51  5
     -3.847862706494     -1.485631479142      0.727238592833     -0.276275696198      0.000000000000      0.999997654978      0.000000000000      0.000002345022      1.000000000000      2.000000000000      2.000000000000  52  5
     -3.280387412704     -2.762668776946     -1.122693357456     -0.276275696198      0.000000000000      0.999997654978      0.000000000000      0.000002345022      1.000000000000      2.000000000000      2.000000000000  53  5
     -2.415667189850     -0.836124001779      0.311638244453     -0.276275696198      0.000000000000      0.999997654978      0.000000000000      0.000002345022      1.000000000000      2.000000000000      2.000000000000  54  5
     -3.166855594510     -2.320081068014     -1.259197686406     -0.276275696198      0.000000000000      0.999997654978      0.000000000000      0.000002345022      1.000000000000      2.000000000000      2.000000000000  55  5
      2.776454075030      2.892129911556     -0.905889155777     -0.276275696198      0.999997654978      0.000000000000      0.000002345022      0.000000000000      1.000000000000      1.000000000000      1.000000000000  56  5
     -2.822397191865     -1.486680915369      0.587126756922     -0.276275696198      0.000000000000      0.999997654978      0.000000000000      0.000002345022      1.000000000000      2.000000000000      2.000000000000  57  5
     -2.361275419145     -1.816569640059      1.091387117364     -0.276275696198      0.000000000000      0.999997654978      0.000000000000      0.000002345022      1.000000000000      2.000000000000      2.000000000000  58  5
     -3.176549836255     -2.997146397691      1.181308632175     -0.276275696198      0.000000000000      0.999997654978      0.000000000000      0.000002345022      1.000000000000      2.000000000000      2.000000000000  59  5
      2.797405550992      2.583591194184     -2.918741135081     -0.276275696198      0.999997654978      0.000000000000      0.000002345022      0.000000000000      1.000000000000      1.000000000000      1.000000000000  60  5
     -3.032268571236     -2.340292681569      1.175248098882      0.938126090681      0.000000000000      0.000243195884      0.000000000000      0.999756804116      2.000000000000      2.000000000000      4.000000000000  61  6
      2.935695274200      1.015698491319     -0.927019326805      0.938126090681      0.000243195884      0.000000000000      0.999756804116      0.000000000000      2.000000000000      1.000000000000      3.000000000000  62  6
      2.351577776761      3.848200351411     -0.607408284715      0.938126090681      0.000243195884      0.000000000000      0.999756804116      0.000000000000      2.000000000000      1.000000000000      3.000000000000  63  6
      2.362478828003      1.625330422984     -0.150962004370      0.938126090681      0.000243195884      0.000000000000      0.999756804116      0.000000000000      2.000000000000      1.000000000000      3.000000000000  64  6
      3.040074770811      0.997689178120      0.184389421783      0.938126090681      0.000243195884      0.000000000000      0.999756804116      0.000000000000      2.000000000000      1.000000000000      3.000000000000  65  6
      2.849051720526      2.393475908421      1.135082863990      0.938126090681      0.000243195884      0.000000000000      0.999756804116      0.000000000000      2.000000000000      1.000000000000      3.000000000000  66  6
     -3.472339864064     -1.603557014683      1.652049717099      0.938126090681      0.000000000000      0.000243195884      0.000000000000      0.999756804116      2.000000000000      2.000000000000      4.000000000000  67  6
      3.128047211113      1.553114468185      0.207329357908      0.938126090681      0.000243195884      0.000000000000      0.999756804116      0.000000000000      2.000000000000      1.000000000000      3.000000000000  68  6
     -2.434306128314     -1.863991421790      0.932987290079      0.938126090681      0.000000000000      0.000243195884      0.000000000000      0.999756804116      2.000000000000      2.000000000000      4.000000000000  69  6
     -2.761584685317     -0.573236342772      0.266836839689      0.938126090681      0.000000000000      0.000243195884      0.000000000000      0.999756804116      2.000000000000      2.000000000000      4.000000000000  70  6
      2.910219627627      2.534016960201      0.118659931977      0.938126090681      0.000243195884      0.000000000000      0.999756804116      0.000000000000      2.000000000000      1.000000000000      3.000000000000  71  6
      2.726541637842      2.237423012377      0.295439868773      0.938126090681      0.000243195884      0.000000000000      0.999756804116      0.000000000000      2.000000000000      1.000000000000      3.000000000000  72  6
     -2.796445244136     -2.208082736634     -0.322992896543     -0.621104358555      0.000000000000      0.998323913894      0.000000000000      0.001676086106      1.000000000000      2.000000000000      2.000000000000  73  7
     -2.457022537298     -2.207741074385      2.472398087862     -0.621104358555      0.000000000000      0.998323913894      0.000000000000      0.001676086106      1.000000000000      2.000000000000      2.000000000000  74  7
      3.783294908195      3.008636301125     -1.070644057140     -0.621104358555      0.998323913894      0.000000000000      0.001676086106      0.000000000000      1.000000000000      1.000000000000      1.000000000000  75  7
      2.852906389162      1.719692797603      0.280077763971     -0.621104358555      0.998323913894      0.000000000000      0.001676086106      0.000000000000      1.000000000000      1.000000000000      1.000000000000  76  7
      2.873615471659      2.951745390744     -0.504132292719     -0.621104358555      0.998323913894      0.000000000000      0.001676086106      0.000000000000      1.000000000000      1.000000000000      1.000000000000  77  7
     -2.581100336478     -1.425747768012      0.461982382740     -0.621104358555      0.000000000000      0.998323913894      0.000000000000      0.001676086106      1.000000000000      2.000000000000      2.000000000000  78  7
     -2.274751847831     -2.698179129543     -0.327556270588     -0.621104358555      0.000000000000      0.998323913894      0.000000000000      0.001676086106      1.000000000000      2.000000000000      2.000000000000  79  7
      3.480280822707      3.208473590189      0.370746792200     -0.621104358555      0.998323913894      0.000000000000      0.001676086106      0.000000000000      1.000000000000      1.000000000000      1.000000000000  80  7
     -3.064877608663     -1.428321873734      0.559043204689     -0.621104358555      0.000000000000      0.998323913894      0.000000000000      0.001676086106      1.000000000000      2.000000000000      2.000000000000  81  7
     -3.179622366090     -1.791709171292     -0.195724011940     -0.621104358555      0.000000000000      0.998323913894      0.000000000000      0.001676086106      1.000000000000      2.000000000000      2.000000000000  82  7
     -4.378525545237     -1.924201911935     -0.895763728990     -0.621104358555      0.000000000000      0.998323913894      0.000000000000      0.001676086106      1.000000000000      2.000000000000      2.000000000000  83  7
     -2.175397024289     -1.890011007777     -0.760902628364     -0.621104358555      0.000000000000      0.998323913894      0.000000000000      0.001676086106      1.000000000000      2.000000000000      2.000000000000  84  7
      3.715626723304      2.842527707519      0.794008565018      0.222350827757      0.000033101084      0.000000000000      0.999966898916      0.000000000000      2.000000000000      1.000000000000      3.000000000000  85  8
      2.829547901576      1.877233935858     -1.287898130712      0.222350827757      0.000033101084      0.000000000000      0.999966898916      0.000000000000      2.000000000000      1.000000000000      3.000000000000  86  8
      3.297151289183      2.418013941395      1.488641019891      0.222350827757      0.000033101084      0.000000000000      0.999966898916      0.000000000000      2.000000000000      1.000000000000      3.000000000000  87  8
      2.761562156392      2.092103718593     -2.200663349643      0.222350827757      0.000033101084      0.000000000000      0.999966898916      0.000000000000      2.000000000000      1.000000000000      3.000000000000  88  8
     -2.584346338039     -2.447943218524      0.350893862458      0.222350827757      0.000000000000      0.000033101084      0.000000000000      0.999966898916      2.000000000000      2.000000000000      4.000000000000  89  8
     -3.793311107382     -1.227628152217      0.839316895010      0.222350827757      0.000000000000      0.000033101084      0.000000000000      0.999966898916      2.000000000000      2.000000000000      4.000000000000  90  8
     -2.715607506828     -2.059091460773     -0.379244201627      0.222350827757      0.000000000000      0.000033101084      0.000000000000      0.999966898916      2.000000000000      2.000000000000      4.000000000000  91  8
      2.637430347097      2.210414186503      0.099985154194      0.222350827757      0.000033101084      0.000000000000      0.999966898916      0.000000000000      2.000000000000      1.000000000000      3.000000000000  92  8
      3.050892482693      2.218919928598      0.895700599155      0.222350827757      0.000033101084      0.000000000000      0.999966898916      0.000000000000      2.000000000000      1.000000000000      3.000000000000  93  8
      3.679539066339      0.981643274270      0.181592767952      0.222350827757      0.000033101084      0.000000000000      0.999966898916      0.000000000000      2.000000000000      1.000000000000      3.000000000000  94  8
      2.300645626716      2.151854763021      0.307001591281      0.222350827757      0.000033101084      0.000000000000      0.999966898916      0.000000000000      2.000000000000      1.000000000000      3.000000000000  95  8
      2.557178196295      2.900259271132     -0.055510049434      0.222350827757      0.000033101084      0.000000000000      0.999966898916      0.000000000000      2.000000000000      1.000000000000      3.000000000000  96  8
     -2.618201389827     -1.901166401480      2.402659625163      0.922142035602      0.000000000000      0.999999804763      0.000000000000      0.000000195237      1.000000000000      2.000000000000      2.000000000000  97  9
     -2.861471499680     -1.552108173898      0.982962110546      0.922142035602      0.000000000000      0.999999804763      0.000000000000      0.000000195237      1.000000000000      2.000000000000      2.000000000000  98  9
     -3.424433456292     -1.638206334351      0.860959993295      0.922142035602      0.000000000000      0.999999804763      0.000000000000      0.000000195237      1.000000000000      2.000000000000      2.000000000000  99  9
      3.550474884772      1.942909100673     -1.916087932059      0.922142035602      0.999999804763      0.000000000000      0.000000195237      0.000000000000      1.000000000000      1.000000000000      1.000000000000 100  9
     -2.631759603140     -2.087925845451     -1.337312326688      0.922142035602      0.000000000000      0.999999804763      0.000000000000      0.000000195237      1.000000000000      2.000000000000      2.000000000000 101  9
     -2.765377778289     -2.753942913857      0.358257502159      0.922142035602      0.000000000000      0.999999804763      0.000000000000      0.000000195237      1.000000000000      2.000000000000      2.000000000000 102  9
     -3.188509258249     -2.178895881117      0.149595911518      0.922142035602      0.000000000000      0.999999804763      0.000000000000      0.000000195237      1.000000000000      2.000000000000      2.000000000000 103  9
     -2.546835504839     -1.738797821008     -0.344838301842      0.922142035602      0.000000000000      0.999999804763      0.000000000000      0.000000195237      1.000000000000      2.000000000000      2.000000000000 104  9
     -3.105761200261     -2.191283129513      0.435411051867      0.922142035602      0.000000000000      0.999999804763      0.000000000000      0.000000195237      1.000000000000      2.000000000000      2.000000000000 105  9
     -2.599672441713     -1.492326984417      1.866037741309      0.922142035602      0.000000000000      0.999999804763      0.000000000000      0.000000195237      1.000000000000      2.000000000000      2.000000000000 106  9
     -2.672930161363     -2.141837352320     -0.621910463143      0.922142035602      0.000000000000      0.999999804763      0.000000000000      0.000000195237      1.000000000000      2.000000000000      2.000000000000 107  9
     -1.942461675181     -1.970507505982     -0.160128873094      0.922142035602      0.000000000000      0.999999804763      0.000000000000      0.000000195237      1.000000000000      2.000000000000      2.000000000000 108  9
     -3.510271486300     -1.206280687685      0.479282121898     -0.483612388030      0.000000000000      0.000028723183      0.000000000000      0.999971276817      2.000000000000      2.000000000000      4.000000000000 109 10
      3.399837136678      2.111070859012     -0.953031815797     -0.483612388030      0.000028723183      0.000000000000      0.999971276817      0.000000000000      2.000000000000      1.000000000000      3.000000000000 110 10
      3.829700949213      1.206051332031      0.918309315241     -0.483612388030      0.000028723183      0.000000000000      0.999971276817      0.000000000000      2.000000000000      1.000000000000      3.000000000000 111 10
      2.445724997893      1.687020051111     -1.122547760385     -0.483612388030      0.000028723183      0.000000000000      0.999971276817      0.000000000000      2.000000000000      1.000000000000      3.000000000000 112 10
      3.628813171190      2.074049864091     -1.115127303201     -0.483612388030      0.000028723183      0.000000000000      0.999971276817      0.000000000000      2.000000000000      1.000000000000      3.000000000000 113 10
      3.116886944387      3.042364313145     -0.618644953861     -0.483612388030      0.000028723183      0.000000000000      0.999971276817      0.000000000000      2.000000000000      1.000000000000      3.000000000000 114 10
     -3.004421075495     -1.636123246223      1.953542087669     -0.483612388030      0.000000000000      0.000028723183      0.000000000000      0.999971276817      2.000000000000      2.000000000000      4.000000000000 115 10
      3.792914193446      2.591750314183     -1.474071807742     -0.483612388030      0.000028723183      0.000000000000      0.999971276817      0.000000000000      2.000000000000      1.000000000000      3.000000000000 116 10
      2.806894772082      2.525548177463     -0.129689286166     -0.483612388030      0.000028723183      0.000000000000      0.999971276817      0.000000000000      2.000000000000      1.000000000000      3.000000000000 117 10
      3.209524410985      2.506045097277     -0.973166659423     -0.483612388030      0.000028723183      0.000000000000      0.999971276817      0.000000000000      2.000000000000      1.000000000000      3.000000000000 118 10
      3.584911533875      1.397565536282     -0.387844189173     -0.483612388030      0.000028723183      0.000000000000      0.999971276817      0.000000000000      2.000000000000      1.000000000000      3.000000000000 119 10
      3.445359684747      2.065894312983     -0.659293793306     -0.483612388030      0.000028723183      0.000000000000      0.999971276817      0.000000000000      2.000000000000      1.000000000000      3.000000000000 120 10
     -2.095526873346     -2.649816324465     -1.226717971141      0.795980342040      0.000000000000      0.999999978193      0.000000000000      0.000000021807      1.000000000000      2.000000000000      2.000000000000 121 11
     -2.724739386991     -1.838017630346      0.232859911665      0.795980342040      0.000000000000      0.999999978193      0.000000000000      0.000000021807      1.000000000000      2.000000000000      2.000000000000 122 11
     -2.783263941267     -2.397523782335     -1.378952244058      0.795980342040      0.000000000000      0.999999978193      0.000000000000      0.000000021807      1.000000000000      2.000000000000      2.000000000000 123 11
     -3.004381468855     -1.499639439060     -0.166383150914      0.795980342040      0.000000000000      0.999999978193      0.000000000000      0.000000021807      1.000000000000      2.000000000000      2.000000000000 124 11
     -2.625348236603     -2.721051606857      1.500184230507      0.795980342040      0.000000000000      0.999999978193      0.000000000000      0.000000021807      1.000000000000      2.000000000000      2.000000000000 125 11
     -2.774644727174     -1.840385931241      0.961590764544      0.795980342040      0.000000000000      0.999999978193      0.000000000000      0.000000021807      1.000000000000      2.000000000000      2.000000000000 126 11
      2.450156997101      1.758320942836     -1.239631545475      0.795980342040      0.999999978193      0.000000000000      0.000000021807      0.000000000000      1.000000000000      1.000000000000      1.000000000000 127 11
      2.813854459069      2.342998812909     -2.500643804493      0.795980342040      0.999999978193      0.000000000000      0.000000021807      0.000000000000      1.000000000000      1.000000000000      1.000000000000 128 11
     -2.388219260529     -2.405374475347     -0.407610079612      0.795980342040      0.000000000000      0.999999978193      0.000000000000      0.000000021807      1.000000000000      2.000000000000      2.000000000000 129 11
     -3.006799876570     -2.029871009908     -1.281843829225      0.795980342040      0.000000000000      0.999999978193      0.000000000000      0.000000021807      1.000000000000      2.000000000000      2.000000000000 130 11
     -3.333985014926     -1.537762550471     -1.283638663247      0.795980342040      0.000000000000      0.999999978193      0.000000000000      0.000000021807      1.000000000000      2.000000000000      2.000000000000 131 11
     -3.409113783228     -2.616327531296     -0.064309613814      0.795980342040      0.000000000000      0.999999978193      0.000000000000      0.000000021807      1.000000000000      2.000000000000      2.000000000000 132 11
      3.363467531635      1.884204698623      0.190912362532     -0.068742334315      0.000000135709      0.000000000000      0.999999864291      0.000000000000      2.000000000000      1.000000000000      3.000000000000 133 12
     -3.009737494842     -2.070773526136      2.003845664233     -0.068742334315      0.000000000000      0.000000135709      0.000000000000      0.999999864291      2.000000000000      2.000000000000      4.000000000000 134 12
      2.955377138809      2.059939357886     -0.732195016687     -0.068742334315      0.000000135709      0.000000000000      0.999999864291      0.000000000000      2.000000000000      1.000000000000      3.000000000000 135 12
      3.562241166732      1.612705213382      0.842837534893     -0.068742334315      0.000000135709      0.000000000000      0.999999864291      0.000000000000      2.000000000000      1.000000000000      3.000000000000 136 12
      3.072314492686      2.031206285011     -0.589615697212     -0.068742334315      0.000000135709      0.000000000000      0.999999864291      0.000000000000      2.000000000000      1.000000000000      3.000000000000 137 12
      4.434661485499      1.905123932370      0.388347810546     -0.068742334315      0.000000135709      0.000000000000      0.999999864291      0.000000000000      2.000000000000      1.000000000000      3.000000000000 138 12
      2.403005265164      1.490473720675      0.516411161224     -0.068742334315      0.000000135709      0.000000000000      0.999999864291      0.000000000000      2.000000000000      1.000000000000      3.000000000000 139 12
      3.142439313347      2.488511178802     -0.141073649556     -0.068742334315      0.000000135709      0.000000000000      0.999999864291      0.000000000000      2.000000000000      1.000000000000      3.000000000000 140 12
      3.219348828507      1.032718846420     -0.276013268021     -0.068742334315      0.000000135709      0.000000000000      0.999999864291      0.000000000000      2.000000000000      1.000000000000      3.000000000000 141 12
      3.091555311174      2.191923075307     -0.237083307206     -0.068742334315      0.000000135709      0.000000000000      0.999999864291      0.000000000000      2.000000000000      1.000000000000      3.000000000000 142 12
      3.134848917809      1.171891091385     -0.152333593196     -0.068742334315      0.000000135709      0.000000000000      0.999999864291      0.000000000000      2.000000000000      1.000000000000      3.000000000000 143 12
      2.747511917390      1.434508070698     -2.506203264093     -0.068742334315      0.000000135709      0.000000000000      0.999999864291      0.000000000000      2.000000000000      1.000000000000      3.000000000000 144 12
     -3.772641318307     -1.747776538734     -0.279500571421      0.807063049541      0.000000000000      0.999749683899      0.000000000000      0.000250316101      1.000000000000      2.000000000000      2.000000000000 145 13
     -3.147265315414     -2.329474891581      2.203248540751      0.807063049541      0.000000000000      0.999749683899      0.000000000000      0.000250316101      1.000000000000      2.000000000000      2.000000000000 146 13
      2.837928518899      1.690133519209     -0.415841295980      0.807063049541      0.999749683899      0.000000000000      0.000250316101      0.000000000000      1.000000000000      1.000000000000      1.000000000000 147 13
     -3.509283609282     -2.628024552467      0.880232349992      0.807063049541      0.000000000000      0.999749683899      0.000000000000      0.000250316101      1.000000000000      2.000000000000      2.000000000000 148 13
      3.003197052426      1.808916584970     -0.860943417668      0.807063049541      0.999749683899      0.000000000000      0.000250316101      0.000000000000      1.000000000000      1.000000000000      1.000000000000 149 13
      2.618881250179      2.333717844141     -0.016237048344      0.807063049541      0.999749683899      0.000000000000      0.000250316101      0.000000000000      1.000000000000      1.000000000000      1.000000000000 150 13
     -2.428163555495     -2.187094248560      1.028683794991      0.807063049541      0.000000000000      0.999749683899      0.000000000000      0.000250316101      1.000000000000      2.000000000000      2.000000000000 151 13
     -2.396757544636     -1.433274491274      0.390293288116      0.807063049541      0.000000000000      0.999749683899      0.000000000000      0.000250316101      1.000000000000      2.000000000000      2.000000000000 152 13
     -3.016985137836     -1.525011178865     -0.318926312702      0.807063049541      0.000000000000      0.999749683899      0.000000000000      0.000250316101      1.000000000000      2.000000000000      2.000000000000 153 13
     -3.547852687277     -1.740056022877     -0.042976248405      0.807063049541      0.000000000000      0.999749683899      0.000000000000      0.000250316101      1.000000000000      2.000000000000      2.000000000000 154 13
     -2.429220288262     -1.526462769936      0.444969875823      0.807063049541      0.000000000000      0.999749683899      0.000000000000      0.000250316101      1.000000000000      2.000000000000      2.000000000000 155 13
     -2.664473606180     -0.652983690072      0.620087679815      0.807063049541      0.000000000000      0.999749683899      0.000000000000      0.000250316101      1.000000000000      2.000000000000      2.000000000000 156 13
     -2.443885913457     -1.856368894890      0.951982383129     -0.184468318619      0.000000000000      0.999795986502      0.000000000000      0.000204013498      1.000000000000      2.000000000000      2.000000000000 157 14
     -2.617083223939     -2.298723506608      0.398720989745     -0.184468318619      0.000000000000      0.999795986502      0.000000000000      0.000204013498      1.000000000000      2.000000000000      2.000000000000 158 14
     -3.938821409509     -1.767409526108      0.815026212034     -0.184468318619      0.000000000000      0.999795986502      0.000000000000      0.000204013498      1.000000000000      2.000000000000      2.000000000000 159 14
     -2.540223554322     -1.611679236670     -0.725488525676     -0.184468318619      0.000000000000      0.999795986502      0.000000000000      0.000204013498      1.000000000000      2.000000000000      2.000000000000 160 14
     -3.230045388364     -2.131474924223      1.515765436661     -0.184468318619      0.000000000000      0.999795986502      0.000000000000      0.000204013498      1.000000000000      2.000000000000      2.000000000000 161 14
      3.314622089847      2.203487105635     -0.014513385148     -0.184468318619      0.999795986502      0.000000000000      0.000204013498      0.000000000000      1.000000000000      1.000000000000      1.000000000000 162 14
     -2.925448082881     -1.919752221839      0.321904448150     -0.184468318619      0.000000000000      0.999795986502      0.000000000000      0.000204013498      1.000000000000      2.000000000000      2.000000000000 163 14
      3.550808010519      1.278067530599     -1.458806386074     -0.184468318619      0.999795986502      0.000000000000      0.000204013498      0.000000000000      1.000000000000      1.000000000000      1.000000000000 164 14
      2.965659017790      2.551006011483      0.025003425497     -0.184468318619      0.999795986502      0.000000000000      0.000204013498      0.000000000000      1.000000000000      1.000000000000      1.000000000000 165 14
     -3.198875746107     -1.829354269365      0.505892471413     -0.184468318619      0.000000000000      0.999795986502      0.000000000000      0.000204013498      1.000000000000      2.000000000000      2.000000000000 166 14
     -2.965284755873     -1.701399278308     -0.406068947532     -0.184468318619      0.000000000000      0.999795986502      0.000000000000      0.000204013498      1.000000000000      2.000000000000      2.000000000000 167 14
     -2.760212689807     -2.111221108570     -0.099707908730     -0.184468318619      0.000000000000      0.999795986502      0.000000000000      0.000204013498      1.000000000000      2.000000000000      2.000000000000 168 14
     -3.545994228619     -2.573701993588     -0.905867209771     -0.761189403135      0.000000000000      0.999999212847      0.000000000000      0.000000787153      1.000000000000      2.000000000000      2.000000000000 169 15
     -2.912797213093     -1.406896066721      1.686421702880     -0.761189403135      0.000000000000      0.999999212847      0.000000000000      0.000000787153      1.000000000000      2.000000000000      2.000000000000 170 15
     -2.260415181727     -0.569563061910      0.652287667368     -0.761189403135      0.000000000000      0.999999212847      0.000000000000      0.000000787153      1.000000000000      2.000000000000      2.000000000000 171 15
      3.793640424081      2.365284002365     -1.397865267806     -0.761189403135      0.999999212847      0.000000000000      0.000000787153      0.000000000000      1.000000000000      1.000000000000      1.000000000000 172 15
     -3.560486844481     -1.501163825044     -0.402729187156     -0.761189403135      0.000000000000      0.999999212847      0.000000000000      0.000000787153      1.000000000000      2.000000000000      2.000000000000 173 15
     -3.277195031940     -1.046179338953      0.024177302686     -0.761189403135      0.000000000000      0.999999212847      0.000000000000      0.000000787153      1.000000000000      2.000000000000      2.000000000000 174 15
     -2.862590445868     -2.964904963292     -0.269671311548     -0.761189403135      0.000000000000      0.999999212847      0.000000000000      0.000000787153      1.000000000000      2.000000000000      2.000000000000 175 15
     -2.570572806700     -3.103158598777      1.233704006209     -0.761189403135      0.000000000000      0.999999212847      0.000000000000      0.000000787153      1.000000000000      2.000000000000      2.000000000000 176 15
     -1.839288695266     -2.402151184912      0.130103944951     -0.761189403135      0.000000000000      0.999999212847      0.000000000000      0.000000787153      1.000000000000      2.000000000000      2.000000000000 177 15
     -2.825524054587     -2.573898672202      0.087074519544     -0.761189403135      0.000000000000      0.999999212847      0.000000000000      0.000000787153      1.000000000000      2.000000000000      2.000000000000 178 15
     -3.827461919986     -1.585135288735      0.734494837125     -0.761189403135      0.000000000000      0.999999212847      0.000000000000      0.000000787153      1.000000000000      2.000000000000      2.000000000000 179 15
     -3.089102916847     -1.822024527764      1.112088958769     -0.761189403135      0.000000000000      0.999999212847      0.000000000000      0.000000787153      1.000000000000      2.000000000000      2.000000000000 180 15
     -2.632944215638     -1.852288097781      1.817665184034     -0.146812673780      0.000000000000      0.578076528228      0.000000000000      0.421923471772      1.000000000000      2.000000000000      2.000000000000 181 16
     -2.250748025086     -2.370836940077     -1.103549262515     -0.146812673780      0.000000000000      0.578076528228      0.000000000000      0.421923471772      1.000000000000      2.000000000000      2.000000000000 182 16
      2.980433654174      1.609747357798     -1.512108611821     -0.146812673780      0.578076528228      0.000000000000      0.421923471772      0.000000000000      1.000000000000      1.000000000000      1.000000000000 183 16
      2.462109102823      1.637333657087     -0.101052963823     -0.146812673780      0.578076528228      0.000000000000      0.421923471772      0.000000000000      1.000000000000      1.000000000000      1.000000000000 184 16
     -3.786790771902     -2.152369372245      0.529456119008     -0.146812673780      0.000000000000      0.578076528228      0.000000000000      0.421923471772      1.000000000000      2.000000000000      2.000000000000 185 16
      2.464330752343      2.333240542466     -1.370939807825     -0.146812673780      0.578076528228      0.000000000000      0.421923471772      0.000000000000      1.000000000000      1.000000000000      1.000000000000 186 16
     -2.826786503623     -1.239260998752     -0.830574292722     -0.146812673780      0.000000000000      0.578076528228      0.000000000000      0.421923471772      1.000000000000      2.000000000000      2.000000000000 187 16
      4.444340906893      1.122528413549     -0.344243219034     -0.146812673780      0.578076528228      0.000000000000      0.421923471772      0.000000000000      1.000000000000      1.000000000000      1.000000000000 188 16
      2.269275500867      2.280917289416     -1.640778659326     -0.146812673780      0.578076528228      0.000000000000      0.421923471772      0.000000000000      1.000000000000      1.000000000000      1.000000000000 189 16
      2.733142813423      2.052077854877     -1.356854640352     -0.146812673780      0.578076528228      0.000000000000      0.421923471772      0.000000000000      1.000000000000      1.000000000000      1.000000000000 190 16
      3.469962645961      1.465072742439     -0.776234454614     -0.146812673780      0.578076528228      0.000000000000      0.421923471772      0.000000000000      1.000000000000      1.000000000000      1.000000000000 191 16
     -3.464227322630     -1.931650266039      1.028564851290     -0.146812673780      0.000000000000      0.578076528228      0.000000000000      0.421923471772      1.000000000000      2.000000000000      2.000000000000 192 16
     -2.273788639530     -1.528194754214      0.267339827427      0.307514593022      0.000000000000      0.999999737209      0.000000000000      0.000000262791      1.000000000000      2.000000000000      2.000000000000 193 17
     -2.427280237848     -2.386103081269      0.050210213258      0.307514593022      0.000000000000      0.999999737209      0.000000000000      0.000000262791      1.000000000000      2.000000000000      2.000000000000 194 17
     -3.464793996712     -2.362747332210     -0.051868709487      0.307514593022      0.000000000000      0.999999737209      0.000000000000      0.000000262791      1.000000000000      2.000000000000      2.000000000000 195 17
     -2.197444995942     -2.455968242339     -0.802027078574      0.307514593022      0.000000000000      0.999999737209      0.000000000000      0.000000262791      1.000000000000      2.000000000000      2.000000000000 196 17
     -3.156454342181     -1.987800027238      0.953959654929      0.307514593022      0.000000000000      0.999999737209      0.000000000000      0.000000262791      1.000000000000      2.000000000000      2.000000000000 197 17
     -2.970971194774     -2.678994335218      0.504704271749      0.307514593022      0.000000000000      0.999999737209      0.000000000000      0.000000262791      1.000000000000      2.000000000000      2.000000000000 198 17
     -2.533501962907     -2.564900977802      0.586670020498      0.307514593022      0.000000000000      0.999999737209      0.000000000000      0.000000262791      1.000000000000      2.000000000000      2.000000000000 199 17
      2.529237946117      1.060597461261     -0.187928464488      0.307514593022      0.999999737209      0.000000000000      0.000000262791      0.000000000000      1.000000000000      1.000000000000      1.000000000000 200 17
     -3.002008747552     -1.206201439242     -1.758099608553      0.307514593022      0.000000000000      0.999999737209      0.000000000000      0.000000262791      1.000000000000      2.000000000000      2.000000000000 201 17
     -3.200881731761     -1.958253017752      0.704862242318      0.307514593022      0.000000000000      0.999999737209      0.000000000000      0.000000262791      1.000000000000      2.000000000000      2.000000000000 202 17
     -3.167732132113     -1.886761306289      1.011946744434      0.307514593022      0.000000000000      0.999999737209      0.000000000000      0.000000262791      1.000000000000      2.000000000000      2.000000000000 203 17
     -3.137553835441     -1.151542932349      0.619402651704      0.307514593022      0.000000000000      0.999999737209      0.000000000000      0.000000262791      1.000000000000      2.000000000000      2.000000000000 204 17
      3.057591357224      2.173755717225     -0.227324756174     -1.743738495084      0.000009554061      0.000000000000      0.999990445939      0.000000000000      2.000000000000      1.000000000000      3.000000000000 205 18
      3.741782273795      1.851537014472      0.242995422327     -1.743738495084      0.000009554061      0.000000000000      0.999990445939      0.000000000000      2.000000000000      1.000000000000      3.000000000000 206 18
     -3.385982788913     -2.471989749567      0.183791400067     -1.743738495084      0.000000000000      0.000009554061      0.000000000000      0.999990445939      2.000000000000      2.000000000000      4.000000000000 207 18
      2.405652531147      2.910470974795     -0.252570213189     -1.743738495084      0.000009554061      0.000000000000      0.999990445939      0.000000000000      2.000000000000      1.000000000000      3.000000000000 208 18
      4.167410907930      1.688544534363      1.037995433103     -1.743738495084      0.000009554061      0.000000000000      0.999990445939      0.000000000000      2.000000000000      1.000000000000      3.000000000000 209 18
      2.727239188527      2.418519546224     -2.275403331686     -1.743738495084      0.000009554061      0.000000000000      0.999990445939      0.000000000000      2.000000000000      1.000000000000      3.000000000000 210 18
      3.032092253329      1.271137516529      0.087208826403     -1.743738495084      0.000009554061      0.000000000000      0.999990445939      0.000000000000      2.000000000000      1.000000000000      3.000000000000 211 18
      2.874433693802      2.454235703065      0.257120826925     -1.743738495084      0.000009554061      0.000000000000      0.999990445939      0.000000000000      2.000000000000      1.000000000000      3.000000000000 212 18
      3.044833499847      2.526303487293     -0.201839784394     -1.743738495084      0.000009554061      0.000000000000      0.999990445939      0.000000000000      2.000000000000      1.000000000000      3.000000000000 213 18
     -2.513481390342     -3.029427449213      2.384297818291     -1.743738495084      0.000000000000      0.000009554061      0.000000000000      0.999990445939      2.000000000000      2.000000000000      4.000000000000 214 18
      2.672615794294      1.998306837581     -1.526658160796     -1.743738495084      0.000009554061      0.000000000000      0.999990445939      0.000000000000      2.000000000000      1.000000000000      3.000000000000 215 18
     -2.290895573549     -0.900559306024      1.335312997724     -1.743738495084      0.000000000000      0.000009554061      0.000000000000      0.999990445939      2.000000000000      2.000000000000      4.000000000000 216 18
      1.921423869592      1.917333591713     -0.978061659479      0.384261603605      0.000000645918      0.000000000000      0.999999354082      0.000000000000      2.000000000000      1.000000000000      3.000000000000 217 19
      2.470567175933      2.083735297225      1.324431351830      0.384261603605      0.000000645918      0.000000000000      0.999999354082      0.000000000000      2.000000000000      1.000000000000      3.000000000000 218 19
      1.734936798899      1.910862303868     -0.045242197417      0.384261603605      0.000000645918      0.000000000000      0.999999354082      0.000000000000      2.000000000000      1.000000000000      3.000000000000 219 19
      2.911413443194      1.968936269301     -0.377466381809      0.384261603605      0.000000645918      0.000000000000      0.999999354082      0.000000000000      2.000000000000      1.000000000000      3.000000000000 220 19
      2.835021474057      2.242024705017     -0.346644026370      0.384261603605      0.000000645918      0.000000000000      0.999999354082      0.000000000000      2.000000000000      1.000000000000      3.000000000000 221 19
      3.060356892172      2.935158431096     -0.367927735292      0.384261603605      0.000000645918      0.000000000000      0.999999354082      0.000000000000      2.000000000000      1.000000000000      3.000000000000 222 19
      2.812732324678      1.528487470814     -0.909286464785      0.384261603605      0.000000645918      0.000000000000      0.999999354082      0.000000000000      2.000000000000      1.000000000000      3.000000000000 223 19
      3.896779965104      2.605788968464     -0.390372164323      0.384261603605      0.000000645918      0.000000000000      0.999999354082      0.000000000000      2.000000000000      1.000000000000      3.000000000000 224 19
      3.236636979381      1.649701606408     -0.935998102916      0.384261603605      0.000000645918      0.000000000000      0.999999354082      0.000000000000      2.000000000000      1.000000000000      3.000000000000 225 19
      3.209282177094      1.775077409927      0.337714934329      0.384261603605      0.000000645918      0.000000000000      0.999999354082      0.000000000000      2.000000000000      1.000000000000      3.000000000000 226 19
      3.862140041983      2.164285497994      0.066652693387      0.384261603605      0.000000645918      0.000000000000      0.999999354082      0.000000000000      2.000000000000      1.000000000000      3.000000000000 227 19
     -2.891542663552     -1.935028449753      0.376732443163      0.384261603605      0.000000000000      0.000000645918      0.000000000000      0.999999354082      2.000000000000      2.000000000000      4.000000000000 228 19
     -3.491521280596     -2.030297551935      1.395567317582      0.122634043527      0.000000000000      0.000001389495      0.000000000000      0.999998610505      2.000000000000      2.000000000000      4.000000000000 229 20
      3.100744819091      1.702403215518     -0.297592515459      0.122634043527      0.000001389495      0.000000000000      0.999998610505      0.000000000000      2.000000000000      1.000000000000      3.000000000000 230 20
      2.224658062852      4.039596791236      0.960181449912      0.122634043527      0.000001389495      0.000000000000      0.999998610505      0.000000000000      2.000000000000      1.000000000000      3.000000000000 231 20
      3.133786390983      2.776096837600     -0.985323029269      0.122634043527      0.000001389495      0.000000000000      0.999998610505      0.000000000000      2.000000000000      1.000000000000      3.000000000000 232 20
      3.749392062337      2.169144793017      0.141731285358      0.122634043527      0.000001389495      0.000000000000      0.999998610505      0.000000000000      2.000000000000      1.000000000000      3.000000000000 233 20
      3.369990136804      2.464403385713     -0.429085621206      0.122634043527      0.000001389495      0.000000000000      0.999998610505      0.000000000000      2.000000000000      1.000000000000      3.000000000000 234 20
      2.879752429855      1.430460364474     -0.974785671976      0.122634043527      0.000001389495      0.000000000000      0.999998610505      0.000000000000      2.000000000000      1.000000000000      3.000000000000 235 20
      3.622840433649      2.057035076775     -0.063666371868      0.122634043527      0.000001389495      0.000000000000      0.999998610505      0.000000000000      2.000000000000      1.000000000000      3.000000000000 236 20
      3.212469255713      2.234045114079      0.288209281319      0.122634043527      0.000001389495      0.000000000000      0.999998610505      0.000000000000      2.000000000000      1.000000000000      3.000000000000 237 20
      3.715873763230      2.810002070608      0.842907572970      0.122634043527      0.000001389495      0.000000000000      0.999998610505      0.000000000000      2.000000000000      1.000000000000      3.000000000000 238 20
     -2.526068645828     -1.768766971752      0.923390547173      0.122634043527      0.000000000000      0.000001389495      0.000000000000      0.999998610505      2.000000000000      2.000000000000      4.000000000000 239 20
      2.857653627268      1.114224774034     -0.539930271014      0.122634043527      0.000001389495      0.000000000000      0.999998610505      0.000000000000      2.000000000000      1.000000000000      3.000000000000 240 20
      2.164936986490      2.616146076813     -0.178790238512      0.134353592449      0.000109915540      0.000000000000      0.999890084460      0.000000000000      2.000000000000      1.000000000000      3.000000000000 241 21
      3.332992278687      2.142938112878     -0.565492877794      0.134353592449      0.000109915540      0.000000000000      0.999890084460      0.000000000000      2.000000000000      1.000000000000      3.000000000000 242 21
     -3.097553671893     -2.377054065397      0.186952294108      0.134353592449      0.000000000000      0.000109915540      0.000000000000      0.999890084460      2.000000000000      2.000000000000      4.000000000000 243 21
      2.634996198949      2.305292494776      2.087365904777      0.134353592449      0.000109915540      0.000000000000      0.999890084460      0.000000000000      2.000000000000      1.000000000000      3.000000000000 244 21
      2.535757919803      2.545054007044      0.688728579191      0.134353592449      0.000109915540      0.000000000000      0.999890084460      0.000000000000      2.000000000000      1.000000000000      3.000000000000 245 21
      2.468327909025      1.021706275455     -0.126387764518      0.134353592449      0.000109915540      0.000000000000      0.999890084460      0.000000000000      2.000000000000      1.000000000000      3.000000000000 246 21
      2.914445202052      2.198125106355     -1.039462928182      0.134353592449      0.000109915540      0.000000000000      0.999890084460      0.000000000000      2.000000000000      1.000000000000      3.000000000000 247 21
      3.293523257041      1.012944111184     -1.035260548133      0.134353592449      0.000109915540      0.000000000000      0.999890084460      0.000000000000      2.000000000000      1.000000000000      3.000000000000 248 21
     -3.093870638507     -1.675979848255     -0.652220466174      0.134353592449      0.000000000000      0.000109915540      0.000000000000      0.999890084460      2.000000000000      2.000000000000      4.000000000000 249 21
     -3.119042301976     -2.185606714625      1.135288863714      0.134353592449      0.000000000000      0.000109915540      0.000000000000      0.999890084460      2.000000000000      2.000000000000      4.000000000000 250 21
      3.000803190873      1.710970459974     -1.734034327463      0.134353592449      0.000109915540      0.000000000000      0.999890084460      0.000000000000      2.000000000000      1.000000000000      3.000000000000 251 21
      2.259824231293      0.995751295051      0.791472834142      0.134353592449      0.000109915540      0.000000000000      0.999890084460      0.000000000000      2.000000000000      1.000000000000      3.000000000000 252 21
      2.759747269839      2.458654124701      0.341651870399      1.678926388824      0.000037667099      0.000000000000      0.999962332901      0.000000000000      2.000000000000      1.000000000000      3.000000000000 253 22
      2.905244118384      0.227195311813      1.245769041096      1.678926388824      0.000037667099      0.000000000000      0.999962332901      0.000000000000      2.000000000000      1.000000000000      3.000000000000 254 22
      2.544222364315      1.756809818921     -0.193937065700      1.678926388824      0.000037667099      0.000000000000      0.999962332901      0.000000000000      2.000000000000      1.000000000000      3.000000000000 255 22
     -2.741414842058     -2.313563648622     -0.092103764783      1.678926388824      0.000000000000      0.000037667099      0.000000000000      0.999962332901      2.000000000000      2.000000000000      4.000000000000 256 22
      3.302606425876      2.569291611118      0.021609370741      1.678926388824      0.000037667099      0.000000000000      0.999962332901      0.000000000000      2.000000000000      1.000000000000      3.000000000000 257 22
      3.416395388951      1.957343439708     -0.003364190666      1.678926388824      0.000037667099      0.000000000000      0.999962332901      0.000000000000      2.000000000000      1.000000000000      3.000000000000 258 22
      2.387260980045      1.967650575771      0.794882590700      1.678926388824      0.000037667099      0.000000000000      0.999962332901      0.000000000000      2.000000000000      1.000000000000      3.000000000000 259 22
     -3.335234478274     -1.784194563613      1.074871095568      1.678926388824      0.000000000000      0.000037667099      0.000000000000      0.999962332901      2.000000000000      2.000000000000      4.000000000000 260 22
     -2.785022230180     -2.386080225676      0.621946260060      1.678926388824      0.000000000000      0.000037667099      0.000000000000      0.999962332901      2.000000000000      2.000000000000      4.000000000000 261 22
      2.935229965242      1.528383474469      0.769414398686      1.678926388824      0.000037667099      0.000000000000      0.999962332901      0.000000000000      2.000000000000      1.000000000000      3.000000000000 262 22
      3.051138994555      2.525621980967     -0.718713074951      1.678926388824      0.000037667099      0.000000000000      0.999962332901      0.000000000000      2.000000000000      1.000000000000      3.000000000000 263 22
      2.650565537056      2.073447935691     -0.969483356919      1.678926388824      0.000037667099      0.000000000000      0.999962332901      0.000000000000      2.000000000000      1.000000000000      3.000000000000 264 22
     -3.048213921687     -1.880442557529     -0.166578756542     -1.023349852084      0.000000000000      0.999999886647      0.000000000000      0.000000113353      1.000000000000      2.000000000000      2.000000000000 265 23
     -3.618918814873     -1.555044330273     -0.395359526466     -1.023349852084      0.000000000000      0.999999886647      0.000000000000      0.000000113353      1.000000000000      2.000000000000      2.000000000000 266 23
     -2.295176795988     -0.787312618633      0.527886178965     -1.023349852084      0.000000000000      0.999999886647      0.000000000000      0.000000113353      1.000000000000      2.000000000000      2.000000000000 267 23
     -2.740378288463     -3.105030701468     -0.170409818911     -1.023349852084      0.000000000000      0.999999886647      0.000000000000      0.000000113353      1.000000000000      2.000000000000      2.000000000000 268 23
     -2.030550285288     -0.885452819561      0.478729587735     -1.023349852084      0.000000000000      0.999999886647      0.000000000000      0.000000113353      1.000000000000      2.000000000000      2.000000000000 269 23
     -2.000830447998     -1.800707545343      0.752227401110     -1.023349852084      0.000000000000      0.999999886647      0.000000000000      0.000000113353      1.000000000000      2.000000000000      2.000000000000 270 23
     -2.078379176740     -2.848941453409     -1.873230965346     -1.023349852084      0.000000000000      0.999999886647      0.000000000000      0.000000113353      1.000000000000      2.000000000000      2.000000000000 271 23
     -3.667312393006     -1.780367450163      0.271008581363     -1.023349852084      0.000000000000      0.999999886647      0.000000000000      0.000000113353      1.000000000000      2.000000000000      2.000000000000 272 23
     -3.572211108679     -2.125188342379      0.538762509281     -1.023349852084      0.000000000000      0.999999886647      0.000000000000      0.000000113353      1.000000000000      2.000000000000      2.000000000000 273 23
      2.312066969276      1.846904204343     -0.861679630604     -1.023349852084      0.999999886647      0.000000000000      0.000000113353      0.000000000000      1.000000000000      1.000000000000      1.000000000000 274 23
     -3.674571907518     -0.797271746092     -0.656788277778     -1.023349852084      0.000000000000      0.999999886647      0.000000000000      0.000000113353      1.000000000000      2.000000000000      2.000000000000 275 23
     -4.215776426085     -2.073566643857      0.603082789132     -1.023349852084      0.000000000000      0.999999886647      0.000000000000      0.000000113353      1.000000000000      2.000000000000      2.000000000000 276 23
     -3.669675409777     -1.998183891748     -0.751033997632      0.654204644475      0.000000000000      0.999925150268      0.000000000000      0.000074849732      1.000000000000      2.000000000000      2.000000000000 277 24
     -4.236817296681     -2.269340965396      1.225431454951      0.654204644475      0.000000000000      0.999925150268      0.000000000000      0.000074849732      1.000000000000      2.000000000000      2.000000000000 278 24
     -2.447894189379     -1.808676932602     -0.374413424164      0.654204644475      0.000000000000      0.999925150268      0.000000000000      0.000074849732      1.000000000000      2.000000000000      2.000000000000 279 24
      2.372873243370      2.248078617851     -0.361690043303      0.654204644475      0.999925150268      0.000000000000      0.000074849732      0.000000000000      1.000000000000      1.000000000000      1.000000000000 280 24
     -2.582290390712     -2.187325513005      1.468000196279      0.654204644475      0.000000000000      0.999925150268      0.000000000000      0.000074849732      1.000000000000      2.000000000000      2.000000000000 281 24
      2.965242383043      1.889562440388     -0.839429118519      0.654204644475      0.999925150268      0.000000000000      0.000074849732      0.000000000000      1.000000000000      1.000000000000      1.000000000000 282 24
     -2.485076226671     -2.760589541542      0.525361325947      0.654204644475      0.000000000000      0.999925150268      0.000000000000      0.000074849732      1.000000000000      2.000000000000      2.000000000000 283 24
     -3.280014975286     -1.950486718479      0.144645618052      0.654204644475      0.000000000000      0.999925150268      0.000000000000      0.000074849732      1.000000000000      2.000000000000      2.000000000000 284 24
     -3.204066068985     -2.575534482811      1.804070253354      0.654204644475      0.000000000000      0.999925150268      0.000000000000      0.000074849732      1.000000000000      2.000000000000      2.000000000000 285 24
      2.456606519745      1.900629226798     -1.092789511367      0.654204644475      0.999925150268      0.000000000000      0.000074849732      0.000000000000      1.000000000000      1.000000000000      1.000000000000 286 24
     -3.326370548638     -1.425044497544      0.184653034655      0.654204644475      0.000000000000      0.999925150268      0.000000000000      0.000074849732      1.000000000000      2.000000000000      2.000000000000 287 24
     -3.210348879238     -1.685380977770     -0.396900632526      0.654204644475      0.000000000000      0.999925150268      0.000000000000      0.000074849732      1.000000000000      2.000000000000      2.000000000000 288 24
      3.090084550487      1.707408248791     -0.174090598451      0.830350433285      0.000131227666      0.000000000000      0.999868772334      0.000000000000      2.000000000000      1.000000000000      3.000000000000 289 25
      2.053348792763      2.465794842211     -0.184974939652      0.830350433285      0.000131227666      0.000000000000      0.999868772334      0.000000000000      2.000000000000      1.000000000000      3.000000000000 290 25
      3.374426425982      3.201759468180      0.463702039930      0.830350433285      0.000131227666      0.000000000000      0.999868772334      0.000000000000      2.000000000000      1.000000000000      3.000000000000 291 25
      2.716666167841      1.773702123770     -1.385471538597      0.830350433285      0.000131227666      0.000000000000      0.999868772334      0.000000000000      2.000000000000      1.000000000000      3.000000000000 292 25
     -3.169129023280     -2.079045362853      0.750038915883      0.830350433285      0.000000000000      0.000131227666      0.000000000000      0.999868772334      2.000000000000      2.000000000000      4.000000000000 293 25
      3.109315808174      2.912153343997     -0.971668837288      0.830350433285      0.000131227666      0.000000000000      0.999868772334      0.000000000000      2.000000000000      1.000000000000      3.000000000000 294 25
      3.088824465327      1.365280819624     -0.102415134340      0.830350433285      0.000131227666      0.000000000000      0.999868772334      0.000000000000      2.000000000000      1.000000000000      3.000000000000 295 25
      3.044439175286      1.703198049145      0.967215031813      0.830350433285      0.000131227666      0.000000000000      0.999868772334      0.000000000000      2.000000000000      1.000000000000      3.000000000000 296 25
     -3.212525181995     -1.778760165862     -0.706391954430      0.830350433285      0.000000000000      0.000131227666      0.000000000000      0.999868772334      2.000000000000      2.000000000000      4.000000000000 297 25
     -2.632361212415     -1.483900292131      0.215886950309      0.830350433285      0.000000000000      0.000131227666      0.000000000000      0.999868772334      2.000000000000      2.000000000000      4.000000000000 298 25
      2.716870475943      1.497739970441      1.532139197706      0.830350433285      0.000131227666      0.000000000000      0.999868772334      0.000000000000      2.000000000000      1.000000000000      3.000000000000 299 25
      3.026385688659      1.343141820705     -0.402999979918      0.830350433285      0.000131227666      0.000000000000      0.999868772334      0.000000000000      2.000000000000      1.000000000000      3.000000000000 300 25
      3.881815222441      1.814772382130     -0.182580903146     -0.921850786161      0.000000004044      0.000000000000      0.999999995956      0.000000000000      2.000000000000      1.000000000000      3.000000000000 301 26
      3.308952741330      2.795253822576      0.181472440319     -0.921850786161      0.000000004044      0.000000000000      0.999999995956      0.000000000000      2.000000000000      1.000000000000      3.000000000000 302 26
      2.892283318415      2.167591653765      1.037742505913     -0.921850786161      0.000000004044      0.000000000000      0.999999995956      0.000000000000      2.000000000000      1.000000000000      3.000000000000 303 26
      2.199474673847      2.124236481004      0.512737016096     -0.921850786161      0.000000004044      0.000000000000      0.999999995956      0.000000000000      2.000000000000      1.000000000000      3.000000000000 304 26
      3.065322816667      1.873964012104     -1.207882159462     -0.921850786161      0.000000004044      0.000000000000      0.999999995956      0.000000000000      2.000000000000      1.000000000000      3.000000000000 305 26
      3.031420627566      1.824403232000     -0.917117957988     -0.921850786161      0.000000004044      0.000000000000      0.999999995956      0.000000000000      2.000000000000      1.000000000000      3.000000000000 306 26
      2.504694666801      1.546405519145     -1.244575865238     -0.921850786161      0.000000004044      0.000000000000      0.999999995956      0.000000000000      2.000000000000      1.000000000000      3.000000000000 307 26
      3.379100088957      0.897869582095      0.909044693456     -0.921850786161      0.000000004044      0.000000000000      0.999999995956      0.000000000000      2.000000000000      1.000000000000      3.000000000000 308 26
      3.377186260127      2.559386733023     -0.625121935669     -0.921850786161      0.000000004044      0.000000000000      0.999999995956      0.000000000000      2.000000000000      1.000000000000      3.000000000000 309 26
      2.817960219700      2.642238069707      0.305696294488     -0.921850786161      0.000000004044      0.000000000000      0.999999995956      0.000000000000      2.000000000000      1.000000000000      3.000000000000 310 26
      3.412690650254      2.108687363519     -0.789305570569     -0.921850786161      0.000000004044      0.000000000000      0.999999995956      0.000000000000      2.000000000000      1.000000000000      3.000000000000 311 26
      2.755451655290      1.530608439487      0.971804322818     -0.921850786161      0.000000004044      0.000000000000      0.999999995956      0.000000000000      2.000000000000      1.000000000000      3.000000000000 312 26
     -2.803194749059     -1.079199217768     -0.532431361521      0.471864985688      0.000000000000      0.006839868965      0.000000000000      0.993160131035      2.000000000000      2.000000000000      4.000000000000 313 27
     -2.915025094223     -2.093949420760      1.228411946940      0.471864985688      0.000000000000      0.006839868965      0.000000000000      0.993160131035      2.000000000000      2.000000000000      4.000000000000 314 27
      2.821684335056      1.173500800880      0.072304605864      0.471864985688      0.006839868965      0.000000000000      0.993160131035      0.000000000000      2.000000000000      1.000000000000      3.000000000000 315 27
      2.935134003053      1.019240066309     -0.024260948948      0.471864985688      0.006839868965      0.000000000000      0.993160131035      0.000000000000      2.000000000000      1.000000000000      3.000000000000 316 27
      3.286958987962      1.718448033094     -0.779644470687      0.471864985688      0.006839868965      0.000000000000      0.993160131035      0.000000000000      2.000000000000      1.000000000000      3.000000000000 317 27
     -3.222279657619     -2.153811980755      0.034337839353      0.471864985688      0.000000000000      0.006839868965      0.000000000000      0.993160131035      2.000000000000      2.000000000000      4.000000000000 318 27
     -2.671914236954     -2.554021333878     -1.121718585826      0.471864985688      0.000000000000      0.006839868965      0.000000000000      0.993160131035      2.000000000000      2.000000000000      4.000000000000 319 27
      2.021121517232      2.942089399329      0.209114826385      0.471864985688      0.006839868965      0.000000000000      0.993160131035      0.000000000000      2.000000000000      1.000000000000      3.000000000000 320 27
      3.322636215886      1.669863319568     -0.455830514270      0.471864985688      0.006839868965      0.000000000000      0.993160131035      0.000000000000      2.000000000000      1.000000000000      3.000000000000 321 27
      3.436734852540      1.904092014944      0.959852461276      0.471864985688      0.006839868965      0.000000000000      0.993160131035      0.000000000000      2.000000000000      1.000000000000      3.000000000000 322 27
      3.143174517976      2.377294158519     -1.911814997266      0.471864985688      0.006839868965      0.000000000000      0.993160131035      0.000000000000      2.000000000000      1.000000000000      3.000000000000 323 27
      2.439155979412      2.402162354728      0.549678601987      0.471864985688      0.006839868965      0.000000000000      0.993160131035      0.000000000000      2.000000000000      1.000000000000      3.000000000000 324 27
      2.401367768758      2.215048548513     -0.367002433602      1.305689049334      0.000007624306      0.000000000000      0.999992375694      0.000000000000      2.000000000000      1.000000000000      3.000000000000 325 28
      3.686959527698      2.018736275008     -2.173737778657      1.305689049334      0.000007624306      0.000000000000      0.999992375694      0.000000000000      2.000000000000      1.000000000000      3.000000000000 326 28
      2.056480294883      2.125724306386     -0.051112994339      1.305689049334      0.000007624306      0.000000000000      0.999992375694      0.000000000000      2.000000000000      1.000000000000      3.000000000000 327 28
     -3.554359296904     -0.654544667024      2.063029528127      1.305689049334      0.000000000000      0.000007624306      0.000000000000      0.999992375694      2.000000000000      2.000000000000      4.000000000000 328 28
      2.951525189955      2.539757450978     -2.299172847061      1.305689049334      0.000007624306      0.000000000000      0.999992375694      0.000000000000      2.000000000000      1.000000000000      3.000000000000 329 28
      3.565313148051      2.605195740584     -0.573510066360      1.305689049334      0.000007624306      0.000000000000      0.999992375694      0.000000000000      2.000000000000      1.000000000000      3.000000000000 330 28
      3.109663988734      1.172666448827      1.103151402138      1.305689049334      0.000007624306      0.000000000000      0.999992375694      0.000000000000      2.000000000000      1.000000000000      3.000000000000 331 28
      2.281857463535      2.796101208542      0.408242379256      1.305689049334      0.000007624306      0.000000000000      0.999992375694      0.000000000000      2.000000000000      1.000000000000      3.000000000000 332 28
      2.550145401144      1.760345276506      1.165037538559      1.305689049334      0.000007624306      0.000000000000      0.999992375694      0.000000000000      2.000000000000      1.000000000000      3.000000000000 333 28
     -3.143414880521     -2.137905972113     -0.220308159904      1.305689049334      0.000000000000      0.000007624306      0.000000000000      0.999992375694      2.000000000000      2.000000000000      4.000000000000 334 28
      2.817995538662      2.727246164595     -0.370504770711      1.305689049334      0.000007624306      0.000000000000      0.999992375694      0.000000000000      2.000000000000      1.000000000000      3.000000000000 335 28
      4.163554524620      1.502048892295      0.796724167646      1.305689049334      0.000007624306      0.000000000000      0.999992375694      0.000000000000      2.000000000000      1.000000000000      3.000000000000 336 28
     -2.904332536047     -1.730801850167     -0.060237291783     -0.420810362049      0.000000000000      0.999999998235      0.000000000000      0.000000001765      1.000000000000      2.000000000000      2.000000000000 337 29
      3.454706413139      2.586758743801     -2.041859102427     -0.420810362049      0.999999998235      0.000000000000      0.000000001765      0.000000000000      1.000000000000      1.000000000000      1.000000000000 338 29
     -2.268540680410     -1.749969439521     -0.511364954176     -0.420810362049      0.000000000000      0.999999998235      0.000000000000      0.000000001765      1.000000000000      2.000000000000      2.000000000000 339 29
     -2.528028714247     -2.235498444229     -0.828035349008     -0.420810362049      0.000000000000      0.999999998235      0.000000000000      0.000000001765      1.000000000000      2.000000000000      2.000000000000 340 29
     -3.326437620022     -0.802802832011      0.668379714971     -0.420810362049      0.000000000000      0.999999998235      0.000000000000      0.000000001765      1.000000000000      2.000000000000      2.000000000000 341 29
     -3.568131890267     -1.819400086997      0.140503979259     -0.420810362049      0.000000000000      0.999999998235      0.000000000000      0.000000001765      1.000000000000      2.000000000000      2.000000000000 342 29
     -4.099880261566     -1.188478566046      0.006232238940     -0.420810362049      0.000000000000      0.999999998235      0.000000000000      0.000000001765      1.000000000000      2.000000000000      2.000000000000 343 29
     -3.524586000296     -1.951922281839     -2.021329670473     -0.420810362049      0.000000000000      0.999999998235      0.000000000000      0.000000001765      1.000000000000      2.000000000000      2.000000000000 344 29
     -2.293016052722     -1.628850478296     -1.222320096521     -0.420810362049      0.000000000000      0.999999998235      0.000000000000      0.000000001765      1.000000000000      2.000000000000      2.000000000000 345 29
     -2.154976438404     -3.106768228000      0.633560154610     -0.420810362049      0.000000000000      0.999999998235      0.000000000000      0.000000001765      1.000000000000      2.000000000000      2.000000000000 346 29
     -3.720353385259     -2.015063410784     -0.377845172904     -0.420810362049      0.000000000000      0.999999998235      0.000000000000      0.000000001765      1.000000000000      2.000000000000      2.000000000000 347 29
     -2.733014491682     -2.709101225066     -1.551129783797     -0.420810362049      0.000000000000      0.999999998235      0.000000000000      0.000000001765      1.000000000000      2.000000000000      2.000000000000 348 29
      3.653420148130      2.018662556515     -1.344281250137     -1.865724717547      0.000048900888      0.000000000000      0.999951099112      0.000000000000      2.000000000000      1.000000000000      3.000000000000 349 30
      3.506977951102      2.749670087305     -1.078990272764     -1.865724717547      0.000048900888      0.000000000000      0.999951099112      0.000000000000      2.000000000000      1.000000000000      3.000000000000 350 30
      3.243915023045      1.429827852376      0.326713155008     -1.865724717547      0.000048900888      0.000000000000      0.999951099112      0.000000000000      2.000000000000      1.000000000000      3.000000000000 351 30
      2.559531120337      1.966215633073      0.510214867631     -1.865724717547      0.000048900888      0.000000000000      0.999951099112      0.000000000000      2.000000000000      1.000000000000      3.000000000000 352 30
      3.863524182030      1.962588629054     -1.946128786060     -1.865724717547      0.000048900888      0.000000000000      0.999951099112      0.000000000000      2.000000000000      1.000000000000      3.000000000000 353 30
     -3.641855591071     -2.126365500134      1.536485303240     -1.865724717547      0.000000000000      0.000048900888      0.000000000000      0.999951099112      2.000000000000      2.000000000000      4.000000000000 354 30
     -3.422388503888     -1.467404746907      0.900071064005     -1.865724717547      0.000000000000      0.000048900888      0.000000000000      0.999951099112      2.000000000000      2.000000000000      4.000000000000 355 30
      2.685371495552      1.872183712501      0.938110130052     -1.865724717547      0.000048900888      0.000000000000      0.999951099112      0.000000000000      2.000000000000      1.000000000000      3.000000000000 356 30
     -3.163905656310     -2.395574782957      1.125638339741     -1.865724717547      0.000000000000      0.000048900888      0.000000000000      0.999951099112      2.000000000000      2.000000000000      4.000000000000 357 30
      3.765177771187      2.369696420939     -1.215992240281     -1.865724717547      0.000048900888      0.000000000000      0.999951099112      0.000000000000      2.000000000000      1.000000000000      3.000000000000 358 30
      2.642760362537      1.077220713469     -1.590328291525     -1.865724717547      0.000048900888      0.000000000000      0.999951099112      0.000000000000      2.000000000000      1.000000000000      3.000000000000 359 30
      2.930928318752      1.864851705264     -0.164327049686     -1.865724717547      0.000048900888      0.000000000000      0.999951099112      0.000000000000      2.000000000000      1.000000000000      3.000000000000 360 30
     -2.008239460877     -1.456367104093     -0.042966218650      1.314105372018      0.000000000000      0.998037067200      0.000000000000      0.001962932800      1.000000000000      2.000000000000      2.000000000000 361 31
      3.227684684245      1.981071643778      0.175878438198      1.314105372018      0.998037067200      0.000000000000      0.001962932800      0.000000000000      1.000000000000      1.000000000000      1.000000000000 362 31
     -2.784687720936     -2.137655763391      0.806134260524      1.314105372018      0.000000000000      0.998037067200      0.000000000000      0.001962932800      1.000000000000      2.000000000000      2.000000000000 363 31
      2.889300676667      2.337222927770     -0.622157302877      1.314105372018      0.998037067200      0.000000000000      0.001962932800      0.000000000000      1.000000000000      1.000000000000      1.000000000000 364 31
      2.568146953315      2.404162386102     -1.962799084220      1.314105372018      0.998037067200      0.000000000000      0.001962932800      0.000000000000      1.000000000000      1.000000000000      1.000000000000 365 31
     -3.242574151347     -2.305781743612      0.983044022174      1.314105372018      0.000000000000      0.998037067200      0.000000000000      0.001962932800      1.000000000000      2.000000000000      2.000000000000 366 31
      3.726209576348      2.060404469900      0.419653524353      1.314105372018      0.998037067200      0.000000000000      0.001962932800      0.000000000000      1.000000000000      1.000000000000      1.000000000000 367 31
     -2.646750997945     -1.659893188962     -0.026351726716      1.314105372018      0.000000000000      0.998037067200      0.000000000000      0.001962932800      1.000000000000      2.000000000000      2.000000000000 368 31
     -3.080221888187     -1.828148784818      0.385128588147      1.314105372018      0.000000000000      0.998037067200      0.000000000000      0.001962932800      1.000000000000      2.000000000000      2.000000000000 369 31
     -2.879532889070     -2.294084773752      0.203896846713      1.314105372018      0.000000000000      0.998037067200      0.000000000000      0.001962932800      1.000000000000      2.000000000000      2.000000000000 370 31
     -2.882454818502     -1.891856901429     -0.513565180024      1.314105372018      0.000000000000      0.998037067200      0.000000000000      0.001962932800      1.000000000000      2.000000000000      2.000000000000 371 31
     -2.413841977939     -2.735559735003      2.442802625122      1.314105372018      0.000000000000      0.998037067200      0.000000000000      0.001962932800      1.000000000000      2.000000000000      2.000000000000 372 31
      2.586135534865      2.268375301338      0.863107745706     -0.617410553828      0.000000129811      0.000000000000      0.999999870189      0.000000000000      2.000000000000      1.000000000000      3.000000000000 373 32
     -3.280674245018     -1.609811026224      1.892483519911     -0.617410553828      0.000000000000      0.000000129811      0.000000000000      0.999999870189      2.000000000000      2.000000000000      4.000000000000 374 32
      2.731385333174      1.925982752996     -0.082527128506     -0.617410553828      0.000000129811      0.000000000000      0.999999870189      0.000000000000      2.000000000000      1.000000000000      3.000000000000 375 32
      2.555910567599      2.454434935359      1.150078394501     -0.617410553828      0.000000129811      0.000000000000      0.999999870189      0.000000000000      2.000000000000      1.000000000000      3.000000000000 376 32
      3.626715082964      2.657718581048     -0.960241268953     -0.617410553828      0.000000129811      0.000000000000      0.999999870189      0.000000000000      2.000000000000      1.000000000000      3.000000000000 377 32
     -3.868285361800     -2.052372040713      0.075128393022     -0.617410553828      0.000000000000      0.000000129811      0.000000000000      0.999999870189      2.000000000000      2.000000000000      4.000000000000 378 32
      2.928779999055      1.959202013536      0.160059472007     -0.617410553828      0.000000129811      0.000000000000      0.999999870189      0.000000000000      2.000000000000      1.000000000000      3.000000000000 379 32
      1.706550791510      2.261975044838      2.039277815873     -0.617410553828      0.000000129811      0.000000000000      0.999999870189      0.000000000000      2.000000000000      1.000000000000      3.000000000000 380 32
      2.089191026798      1.538997226195      1.177112111415     -0.617410553828      0.000000129811      0.000000000000      0.999999870189      0.000000000000      2.000000000000      1.000000000000      3.000000000000 381 32
      2.735847915700      1.969209870168     -0.362926518142     -0.617410553828      0.000000129811      0.000000000000      0.999999870189      0.000000000000      2.000000000000      1.000000000000      3.000000000000 382 32
      2.510007406231      1.297119687115     -0.404597135606     -0.617410553828      0.000000129811      0.000000000000      0.999999870189      0.000000000000      2.000000000000      1.000000000000      3.000000000000 383 32
      2.871313697478      1.752257187888     -1.042146541896     -0.617410553828      0.000000129811      0.000000000000      0.999999870189      0.000000000000      2.000000000000      1.000000000000      3.000000000000 384 32
      2.207770666821      2.410360340316     -0.864420743522     -0.704132895169      0.000000025791      0.000000000000      0.999999974209      0.000000000000      2.000000000000      1.000000000000      3.000000000000 385 33
      3.034111072332      1.406787647431      0.989653709930     -0.704132895169      0.000000025791      0.000000000000      0.999999974209      0.000000000000      2.000000000000      1.000000000000      3.000000000000 386 33
      3.279954767321      1.846838737886      0.195468549070     -0.704132895169      0.000000025791      0.000000000000      0.999999974209      0.000000000000      2.000000000000      1.000000000000      3.000000000000 387 33
      2.827015838489      1.499200767689     -0.383379357801     -0.704132895169      0.000000025791      0.000000000000      0.999999974209      0.000000000000      2.000000000000      1.000000000000      3.000000000000 388 33
      3.285731561594      0.905642107945     -1.363152696970     -0.704132895169      0.000000025791      0.000000000000      0.999999974209      0.000000000000      2.000000000000      1.000000000000      3.000000000000 389 33
      2.859728517532      2.236330187134      0.725897700810     -0.704132895169      0.000000025791      0.000000000000      0.999999974209      0.000000000000      2.000000000000      1.000000000000      3.000000000000 390 33
      2.249057618428      1.746292738355     -0.359430015170     -0.704132895169      0.000000025791      0.000000000000      0.999999974209      0.000000000000      2.000000000000      1.000000000000      3.000000000000 391 33
      2.917191327393      2.082825980876      1.216549645179     -0.704132895169      0.000000025791      0.000000000000      0.999999974209      0.000000000000      2.000000000000      1.000000000000      3.000000000000 392 33
      2.426117720254      0.343770973649     -0.124215324807     -0.704132895169      0.000000025791      0.000000000000      0.999999974209      0.000000000000      2.000000000000      1.000000000000      3.000000000000 393 33
      2.816456180454      1.319251581801     -0.363088535675     -0.704132895169      0.000000025791      0.000000000000      0.999999974209      0.000000000000      2.000000000000      1.000000000000      3.000000000000 394 33
     -3.130861553173     -2.541830980149      0.838486521897     -0.704132895169      0.000000000000      0.000000025791      0.000000000000      0.999999974209      2.000000000000      2.000000000000      4.000000000000 395 33
      3.121062270688      1.218656330713      0.887611094511     -0.704132895169      0.000000025791      0.000000000000      0.999999974209      0.000000000000      2.000000000000      1.000000000000      3.000000000000 396 33
     -2.671636167864     -1.419836720496     -0.324647997792     -0.383346927092      0.000000000000      0.999917734681      0.000000000000      0.000082265319      1.000000000000      2.000000000000      2.000000000000 397 34
     -3.484245205812     -1.336777914610     -1.603050404045     -0.383346927092      0.000000000000      0.999917734681      0.000000000000      0.000082265319      1.000000000000      2.000000000000      2.000000000000 398 34
     -2.624480934605     -2.589003346283      0.152284430039     -0.383346927092      0.000000000000      0.999917734681      0.000000000000      0.000082265319      1.000000000000      2.000000000000      2.000000000000 399 34
      2.187312358232      1.964897383195     -1.695276420074     -0.383346927092      0.999917734681      0.000000000000      0.000082265319      0.000000000000      1.000000000000      1.000000000000      1.000000000000 400 34
     -3.301551252299     -1.651150961896     -1.791675030230     -0.383346927092      0.000000000000      0.999917734681      0.000000000000      0.000082265319      1.000000000000      2.000000000000      2.000000000000 401 34
      2.354941718866      2.777962537393     -0.493177841491     -0.383346927092      0.999917734681      0.000000000000      0.000082265319      0.000000000000      1.000000000000      1.000000000000      1.000000000000 402 34
      2.911396317272      2.091513073081     -1.667662153248     -0.383346927092      0.999917734681      0.000000000000      0.000082265319      0.000000000000      1.000000000000      1.000000000000      1.000000000000 403 34
     -1.998763920643     -1.515418359883     -0.074128528475     -0.383346927092      0.000000000000      0.999917734681      0.000000000000      0.000082265319      1.000000000000      2.000000000000      2.000000000000 404 34
     -2.604808666912     -0.761285731484      0.994904325232     -0.383346927092      0.000000000000      0.999917734681      0.000000000000      0.000082265319      1.000000000000      2.000000000000      2.000000000000 405 34
     -3.864323810968     -1.675556080125     -1.163992191266     -0.383346927092      0.000000000000      0.999917734681      0.000000000000      0.000082265319      1.000000000000      2.000000000000      2.000000000000 406 34
     -2.866032288086     -0.693095164111      0.224663375961     -0.383346927092      0.000000000000      0.999917734681      0.000000000000      0.000082265319      1.000000000000      2.000000000000      2.000000000000 407 34
      2.927196300887      2.211201557516      2.513583483853     -0.383346927092      0.999917734681      0.000000000000      0.000082265319      0.000000000000      1.000000000000      1.000000000000      1.000000000000 408 34
     -3.308295097480     -2.581608310514      0.601738071728      1.326590504344      0.000000000000      0.999996545762      0.000000000000      0.000003454238      1.000000000000      2.000000000000      2.000000000000 409 35
     -3.803866599283     -2.622180560596      2.019500855008      1.326590504344      0.000000000000      0.999996545762      0.000000000000      0.000003454238      1.000000000000      2.000000000000      2.000000000000 410 35
     -3.090010698857     -1.748729916886      0.624935116597      1.326590504344      0.000000000000      0.999996545762      0.000000000000      0.000003454238      1.000000000000      2.000000000000      2.000000000000 411 35
      3.440551522605      2.729283255842     -0.344720879317      1.326590504344      0.999996545762      0.000000000000      0.000003454238      0.000000000000      1.000000000000      1.000000000000      1.000000000000 412 35
     -2.052546572017     -1.674532155575      0.153140468414      1.326590504344      0.000000000000      0.999996545762      0.000000000000      0.000003454238      1.000000000000      2.000000000000      2.000000000000 413 35
     -2.944127293888     -2.607918959255     -1.741182081397      1.326590504344      0.000000000000      0.999996545762      0.000000000000      0.000003454238      1.000000000000      2.000000000000      2.000000000000 414 35
     -2.926474920943     -2.357964799108     -0.831229288457      1.326590504344      0.000000000000      0.999996545762      0.000000000000      0.000003454238      1.000000000000      2.000000000000      2.000000000000 415 35
      2.154338753716      2.619458104691     -0.210026835805      1.326590504344      0.999996545762      0.000000000000      0.000003454238      0.000000000000      1.000000000000      1.000000000000      1.000000000000 416 35
     -2.599200955410     -2.377127715832      0.104054873277      1.326590504344      0.000000000000      0.999996545762      0.000000000000      0.000003454238      1.000000000000      2.000000000000      2.000000000000 417 35
     -2.162480941027     -1.429526865995      1.765674488680      1.326590504344      0.000000000000      0.999996545762      0.000000000000      0.000003454238      1.000000000000      2.000000000000      2.000000000000 418 35
     -3.174958248415     -2.548322052780     -1.273356042784      1.326590504344      0.000000000000      0.999996545762      0.000000000000      0.000003454238      1.000000000000      2.000000000000      2.000000000000 419 35
     -2.821061485539     -3.105674970819      1.703448834559      1.326590504344      0.000000000000      0.999996545762      0.000000000000      0.000003454238      1.000000000000      2.000000000000      2.000000000000 420 35
      2.787147461076      2.856886573202     -0.827327044554      1.959588228391      0.000011140178      0.000000000000      0.999988859822      0.000000000000      2.000000000000      1.000000000000      3.000000000000 421 36
      2.690478102492      2.050888247613     -0.574473301872      1.959588228391      0.000011140178      0.000000000000      0.999988859822      0.000000000000      2.000000000000      1.000000000000      3.000000000000 422 36
      3.440584594019      1.963183626642     -0.813148513833      1.959588228391      0.000011140178      0.000000000000      0.999988859822      0.000000000000      2.000000000000      1.000000000000      3.000000000000 423 36
      2.472060060666      3.045950710728     -0.977423472583      1.959588228391      0.000011140178      0.000000000000      0.999988859822      0.000000000000      2.000000000000      1.000000000000      3.000000000000 424 36
     -3.282354019188     -1.870990479694      1.366474383896      1.959588228391      0.000000000000      0.000011140178      0.000000000000      0.999988859822      2.000000000000      2.000000000000      4.000000000000 425 36
      2.534909479206      2.017284584977     -0.291647107823      1.959588228391      0.000011140178      0.000000000000      0.999988859822      0.000000000000      2.000000000000      1.000000000000      3.000000000000 426 36
      3.616708252238      2.087259992334     -2.409168657473      1.959588228391      0.000011140178      0.000000000000      0.999988859822      0.000000000000      2.000000000000      1.000000000000      3.000000000000 427 36
      3.186088980124      2.109886218699     -0.105941103970      1.959588228391      0.000011140178      0.000000000000      0.999988859822      0.000000000000      2.000000000000      1.000000000000      3.000000000000 428 36
      2.919017864005      1.603736483427     -1.394199882196      1.959588228391      0.000011140178      0.000000000000      0.999988859822      0.000000000000      2.000000000000      1.000000000000      3.000000000000 429 36
      2.917352917351      1.421555730887      1.552491521518      1.959588228391      0.000011140178      0.000000000000      0.999988859822      0.000000000000      2.000000000000      1.000000000000      3.000000000000 430 36
      2.791276311048      1.720379383106     -0.424405653630      1.959588228391      0.000011140178      0.000000000000      0.999988859822      0.000000000000      2.000000000000      1.000000000000      3.000000000000 431 36
      3.369223709408      2.260068577523     -0.357420350634      1.959588228391      0.000011140178      0.000000000000      0.999988859822      0.000000000000      2.000000000000      1.000000000000      3.000000000000 432 36
     -3.207942116551     -1.750902558263      0.452725652486     -0.865181391864      0.000000000000      0.999986809048      0.000000000000      0.000013190952      1.000000000000      2.000000000000      2.000000000000 433 37
     -3.668740324113     -2.061186562623     -0.286306037942     -0.865181391864      0.000000000000      0.999986809048      0.000000000000      0.000013190952      1.000000000000      2.000000000000      2.000000000000 434 37
      3.002293701306      1.324470358327     -0.787242857208     -0.865181391864      0.999986809048      0.000000000000      0.000013190952      0.000000000000      1.000000000000      1.000000000000      1.000000000000 435 37
      2.980128529329      2.180818183951     -0.147708102170     -0.865181391864      0.999986809048      0.000000000000      0.000013190952      0.000000000000      1.000000000000      1.000000000000      1.000000000000 436 37
     -2.828579163043     -0.958150070536      0.758568156956     -0.865181391864      0.000000000000      0.999986809048      0.000000000000      0.000013190952      1.000000000000      2.000000000000      2.000000000000 437 37
     -2.362478800618     -1.446244459788      0.446407250636     -0.865181391864      0.000000000000      0.999986809048      0.000000000000      0.000013190952      1.000000000000      2.000000000000      2.000000000000 438 37
     -3.362950571507     -2.669936361875      1.234514698215     -0.865181391864      0.000000000000      0.999986809048      0.000000000000      0.000013190952      1.000000000000      2.000000000000      2.000000000000 439 37
     -3.181476848628     -2.069709438727     -1.679879455534     -0.865181391864      0.000000000000      0.999986809048      0.000000000000      0.000013190952      1.000000000000      2.000000000000      2.000000000000 440 37
     -2.735273849074     -1.937193812885      0.194551784232     -0.865181391864      0.000000000000      0.999986809048      0.000000000000      0.000013190952      1.000000000000      2.000000000000      2.000000000000 441 37
     -2.807873379555     -2.551553859972     -0.001655621201     -0.865181391864      0.000000000000      0.999986809048      0.000000000000      0.000013190952      1.000000000000      2.000000000000      2.000000000000 442 37
     -3.618895495381     -1.707591082152      0.407527627619     -0.865181391864      0.000000000000      0.999986809048      0.000000000000      0.000013190952      1.000000000000      2.000000000000      2.000000000000 443 37
     -3.465748598055     -2.482869709760      1.105407232087     -0.865181391864      0.000000000000      0.999986809048      0.000000000000      0.000013190952      1.000000000000      2.000000000000      2.000000000000 444 37
      2.393457284080      1.904163679081     -0.831323511628     -1.104148321161      0.000059781144      0.000000000000      0.999940218856      0.000000000000      2.000000000000      1.000000000000      3.000000000000 445 38
     -4.151218602603     -1.825195859478     -0.205666172615     -1.104148321161      0.000000000000      0.000059781144      0.000000000000      0.999940218856      2.000000000000      2.000000000000      4.000000000000 446 38
      3.634331160852      1.977748230283      1.095588689000     -1.104148321161      0.000059781144      0.000000000000      0.999940218856      0.000000000000      2.000000000000      1.000000000000      3.000000000000 447 38
     -3.088782857162     -2.545532749631      0.517754932950     -1.104148321161      0.000000000000      0.000059781144      0.000000000000      0.999940218856      2.000000000000      2.000000000000      4.000000000000 448 38
      3.291276075670      2.123925509034      0.041922887623     -1.104148321161      0.000059781144      0.000000000000      0.999940218856      0.000000000000      2.000000000000      1.000000000000      3.000000000000 449 38
      3.299546042193      1.664517215777     -0.475820696806     -1.104148321161      0.000059781144      0.000000000000      0.999940218856      0.000000000000      2.000000000000      1.000000000000      3.000000000000 450 38
     -3.265380168576     -1.885957514281      1.262734621921     -1.104148321161      0.000000000000      0.000059781144      0.000000000000      0.999940218856      2.000000000000      2.000000000000      4.000000000000 451 38
      2.949853534972      2.183234300812     -1.208776749294     -1.104148321161      0.000059781144      0.000000000000      0.999940218856      0.000000000000      2.000000000000      1.000000000000      3.000000000000 452 38
      3.065944211258      2.403395095605     -1.344364315783     -1.104148321161      0.000059781144      0.000000000000      0.999940218856      0.000000000000      2.000000000000      1.000000000000      3.000000000000 453 38
      2.833892256367      2.066045034143     -1.126269424823     -1.104148321161      0.000059781144      0.000000000000      0.999940218856      0.000000000000      2.000000000000      1.000000000000      3.000000000000 454 38
      2.909416032759      2.100459814437      1.114853695131     -1.104148321161      0.000059781144      0.000000000000      0.999940218856      0.000000000000      2.000000000000      1.000000000000      3.000000000000 455 38
      2.309468284171      2.427577751555      0.082497697171     -1.104148321161      0.000059781144      0.000000000000      0.999940218856      0.000000000000      2.000000000000      1.000000000000      3.000000000000 456 38
     -2.377373372193     -1.033903491959     -1.296320824768      0.815514530132      0.000000000000      0.999999658725      0.000000000000      0.000000341275      1.000000000000      2.000000000000      2.000000000000 457 39
     -3.142665915726     -2.065639960524     -0.315044855677      0.815514530132      0.000000000000      0.999999658725      0.000000000000      0.000000341275      1.000000000000      2.000000000000      2.000000000000 458 39
     -3.204364846495     -2.469992010596     -0.583727820540      0.815514530132      0.000000000000      0.999999658725      0.000000000000      0.000000341275      1.000000000000      2.000000000000      2.000000000000 459 39
     -2.702585416293     -0.449160650774      0.446620660872      0.815514530132      0.000000000000      0.999999658725      0.000000000000      0.000000341275      1.000000000000      2.000000000000      2.000000000000 460 39
     -3.615891685812     -1.333286772936      1.237910055135      0.815514530132      0.000000000000      0.999999658725      0.000000000000      0.000000341275      1.000000000000      2.000000000000      2.000000000000 461 39
     -2.569067495194     -1.834763152775      3.461261240327      0.815514530132      0.000000000000      0.999999658725      0.000000000000      0.000000341275      1.000000000000      2.000000000000      2.000000000000 462 39
     -2.841550511846     -2.649862284850      0.169809778439      0.815514530132      0.000000000000      0.999999658725      0.000000000000      0.000000341275      1.000000000000      2.000000000000      2.000000000000 463 39
     -3.235724163146     -2.316003384028     -0.844305409073      0.815514530132      0.000000000000      0.999999658725      0.000000000000      0.000000341275      1.000000000000      2.000000000000      2.000000000000 464 39
     -2.411353101542     -1.887514700873     -0.346556264432      0.815514530132      0.000000000000      0.999999658725      0.000000000000      0.000000341275      1.000000000000      2.000000000000      2.000000000000 465 39
     -2.731058518300     -2.470559789593      1.819246736126      0.815514530132      0.000000000000      0.999999658725      0.000000000000      0.000000341275      1.000000000000      2.000000000000      2.000000000000 466 39
      2.707932244458      2.253609843011      0.220661039352      0.815514530132      0.999999658725      0.000000000000      0.000000341275      0.000000000000      1.000000000000      1.000000000000      1.000000000000 467 39
     -3.345464784286     -3.252602036791      0.428791843300      0.815514530132      0.000000000000      0.999999658725      0.000000000000      0.000000341275      1.000000000000      2.000000000000      2.000000000000 468 39
      2.289175927188      1.991063325847      0.429322430243     -1.038291753888      0.000001744584      0.000000000000      0.999998255416      0.000000000000      2.000000000000      1.000000000000      3.000000000000 469 40
      2.313736602903      2.211360409827     -0.359833269508     -1.038291753888      0.000001744584      0.000000000000      0.999998255416      0.000000000000      2.000000000000      1.000000000000      3.000000000000 470 40
      3.562895040605      1.925162032702      0.659087603963     -1.038291753888      0.000001744584      0.000000000000      0.999998255416      0.000000000000      2.000000000000      1.000000000000      3.000000000000 471 40
      2.797896532582      2.073247184062     -0.106143509449     -1.038291753888      0.000001744584      0.000000000000      0.999998255416      0.000000000000      2.000000000000      1.000000000000      3.000000000000 472 40
      2.119032693326      2.759693462505      0.761006491204     -1.038291753888      0.000001744584      0.000000000000      0.999998255416      0.000000000000      2.000000000000      1.000000000000      3.000000000000 473 40
      2.977199411814      2.515681200958     -0.158837106477     -1.038291753888      0.000001744584      0.000000000000      0.999998255416      0.000000000000      2.000000000000      1.000000000000      3.000000000000 474 40
     -3.030072406067     -3.112763604703      0.814896126919     -1.038291753888      0.000000000000      0.000001744584      0.000000000000      0.999998255416      2.000000000000      2.000000000000      4.000000000000 475 40
     -3.798654624175     -2.244868242889      0.361139601244     -1.038291753888      0.000000000000      0.000001744584      0.000000000000      0.999998255416      2.000000000000      2.000000000000      4.000000000000 476 40
      4.571725963309      1.920097327522      0.618477272414     -1.038291753888      0.000001744584      0.000000000000      0.999998255416      0.000000000000      2.000000000000      1.000000000000      3.000000000000 477 40
      2.981474192622      2.079577420736      0.318787354480     -1.038291753888      0.000001744584      0.000000000000      0.999998255416      0.000000000000      2.000000000000      1.000000000000      3.000000000000 478 40
     -3.561505387649     -2.306914511414      2.366141299181     -1.038291753888      0.000000000000      0.000001744584      0.000000000000      0.999998255416      2.000000000000      2.000000000000      4.000000000000 479 40
      2.931460521482      2.690388371914     -0.832627231861     -1.038291753888      0.000001744584      0.000000000000      0.999998255416      0.000000000000      2.000000000000      1.000000000000      3.000000000000 480 40
     -3.487727434190     -2.863940121486     -2.242489950635     -0.002537787513      0.000000000000      0.999394488584      0.000000000000      0.000605511416      1.000000000000      2.000000000000      2.000000000000 481 41
      2.500589782143      2.095595805366      0.454699904227     -0.002537787513      0.999394488584      0.000000000000      0.000605511416      0.000000000000      1.000000000000      1.000000000000      1.000000000000 482 41
     -3.073523226265     -1.457961426635      0.113867593905     -0.002537787513      0.000000000000      0.999394488584      0.000000000000      0.000605511416      1.000000000000      2.000000000000      2.000000000000 483 41
     -3.972249703717     -2.176299814417     -1.377191186096     -0.002537787513      0.000000000000      0.999394488584      0.000000000000      0.000605511416      1.000000000000      2.000000000000      2.000000000000 484 41
     -2.447782575384     -3.268311009615      1.477259393347     -0.002537787513      0.000000000000      0.999394488584      0.000000000000      0.000605511416      1.000000000000      2.000000000000      2.000000000000 485 41
      3.708953667966      3.049604422690      0.028025332704     -0.002537787513      0.999394488584      0.000000000000      0.000605511416      0.000000000000      1.000000000000      1.000000000000      1.000000000000 486 41
     -2.329041246279     -0.701034762914      1.072020643545     -0.002537787513      0.000000000000      0.999394488584      0.000000000000      0.000605511416      1.000000000000      2.000000000000      2.000000000000 487 41
     -2.900186507621     -1.970773696083      1.039310474527     -0.002537787513      0.000000000000      0.999394488584      0.000000000000      0.000605511416      1.000000000000      2.000000000000      2.000000000000 488 41
     -3.653284781090     -1.878831488886      2.028821352024     -0.002537787513      0.000000000000      0.999394488584      0.000000000000      0.000605511416      1.000000000000      2.000000000000      2.000000000000 489 41
      2.676422827221      3.501607209344     -2.874678384315     -0.002537787513      0.999394488584      0.000000000000      0.000605511416      0.000000000000      1.000000000000      1.000000000000      1.000000000000 490 41
     -3.377153895043     -2.857003104528      1.648101573642     -0.002537787513      0.000000000000      0.999394488584      0.000000000000      0.000605511416      1.000000000000      2.000000000000      2.000000000000 491 41
     -2.891696724784     -1.653043966582      1.724115871456     -0.002537787513      0.000000000000      0.999394488584      0.000000000000      0.000605511416      1.000000000000      2.000000000000      2.000000000000 492 41
     -2.585186270290     -2.256872799974     -1.420644850750      2.493562111597      0.000000000000      0.999945655908      0.000000000000      0.000054344092      1.000000000000      2.000000000000      2.000000000000 493 42
     -3.739126169020     -1.141862259935     -0.030131469462      2.493562111597      0.000000000000      0.999945655908      0.000000000000      0.000054344092      1.000000000000      2.000000000000      2.000000000000 494 42
     -1.732040745957     -1.815670908788      0.831013768338      2.493562111597      0.000000000000      0.999945655908      0.000000000000      0.000054344092      1.000000000000      2.000000000000      2.000000000000 495 42
      2.782980576079      1.203420090307      0.212812243910      2.493562111597      0.999945655908      0.000000000000      0.000054344092      0.000000000000      1.000000000000      1.000000000000      1.000000000000 496 42
      3.628770409397      1.809038472356     -1.140542648573      2.493562111597      0.999945655908      0.000000000000      0.000054344092      0.000000000000      1.000000000000      1.000000000000      1.000000000000 497 42
     -3.253518541794     -1.194731281935      1.421251788753      2.493562111597      0.000000000000      0.999945655908      0.000000000000      0.000054344092      1.000000000000      2.000000000000      2.000000000000 498 42
     -2.631451116669     -2.307474393812      1.150971204648      2.493562111597      0.000000000000      0.999945655908      0.000000000000      0.000054344092      1.000000000000      2.000000000000      2.000000000000 499 42
     -3.374053272639     -1.360784851977     -0.917421084715      2.493562111597      0.000000000000      0.999945655908      0.000000000000      0.000054344092      1.000000000000      2.000000000000      2.000000000000 500 42
      3.325863208483      1.390078915398      0.430703603254      2.493562111597      0.999945655908      0.000000000000      0.000054344092      0.000000000000      1.000000000000      1.000000000000      1.000000000000 501 42
     -2.840355674305     -1.006651807577     -0.947260554688      2.493562111597      0.000000000000      0.999945655908      0.000000000000      0.000054344092      1.000000000000      2.000000000000      2.000000000000 502 42
      3.614591712661      2.394611218911     -1.634995462887      2.493562111597      0.999945655908      0.000000000000      0.000054344092      0.000000000000      1.000000000000      1.000000000000      1.000000000000 503 42
     -2.576034254180     -1.148264406605     -0.271481564130      2.493562111597      0.000000000000      0.999945655908      0.000000000000      0.000054344092      1.000000000000      2.000000000000      2.000000000000 504 42
      3.422807241679      1.194625778581      0.144161597668     -1.194145723912      0.000000508534      0.000000000000      0.999999491466      0.000000000000      2.000000000000      1.000000000000      3.000000000000 505 43
     -3.131641266385     -3.299051779513     -0.658461219461     -1.194145723912      0.000000000000      0.000000508534      0.000000000000      0.999999491466      2.000000000000      2.000000000000      4.000000000000 506 43
      2.819885388215      0.714725654658     -1.205611877910     -1.194145723912      0.000000508534      0.000000000000      0.999999491466      0.000000000000      2.000000000000      1.000000000000      3.000000000000 507 43
      2.689317585272      1.432583144610      0.619430824982     -1.194145723912      0.000000508534      0.000000000000      0.999999491466      0.000000000000      2.000000000000      1.000000000000      3.000000000000 508 43
      2.964631642020      2.236569824288     -0.353254164991     -1.194145723912      0.000000508534      0.000000000000      0.999999491466      0.000000000000      2.000000000000      1.000000000000      3.000000000000 509 43
      2.315377537572      0.866737810266      0.418359490636     -1.194145723912      0.000000508534      0.000000000000      0.999999491466      0.000000000000      2.000000000000      1.000000000000      3.000000000000 510 43
      3.433204480474      2.576557238463      1.976365973266     -1.194145723912      0.000000508534      0.000000000000      0.999999491466      0.000000000000      2.000000000000      1.000000000000      3.000000000000 511 43
      2.899996527877      1.931946052568      1.063765138210     -1.194145723912      0.000000508534      0.000000000000      0.999999491466      0.000000000000      2.000000000000      1.000000000000      3.000000000000 512 43
      3.687326335020      2.964602556628      0.537355850232     -1.194145723912      0.000000508534      0.000000000000      0.999999491466      0.000000000000      2.000000000000      1.000000000000      3.000000000000 513 43
     -2.906632412220     -2.528858925273     -0.077339077510     -1.194145723912      0.000000000000      0.000000508534      0.000000000000      0.999999491466      2.000000000000      2.000000000000      4.000000000000 514 43
      2.098757549548      2.073009300869     -0.993441682204     -1.194145723912      0.000000508534      0.000000000000      0.999999491466      0.000000000000      2.000000000000      1.000000000000      3.000000000000 515 43
      3.276046764663      1.220457683205     -0.045830242988     -1.194145723912      0.000000508534      0.000000000000      0.999999491466      0.000000000000      2.000000000000      1.000000000000      3.000000000000 516 43
      3.141983480443      2.562986643621     -0.873738545718     -0.879090186944      0.000000276719      0.000000000000      0.999999723281      0.000000000000      2.000000000000      1.000000000000      3.000000000000 517 44
      2.982884006561      2.028741872644     -1.025557143499     -0.879090186944      0.000000276719      0.000000000000      0.999999723281      0.000000000000      2.000000000000      1.000000000000      3.000000000000 518 44
      3.115688319991      2.874822102075     -0.380505083238     -0.879090186944      0.000000276719      0.000000000000      0.999999723281      0.000000000000      2.000000000000      1.000000000000      3.000000000000 519 44
      3.232524785856      1.333346454189     -0.427991032962     -0.879090186944      0.000000276719      0.000000000000      0.999999723281      0.000000000000      2.000000000000      1.000000000000      3.000000000000 520 44
      2.832736939434      2.713166614506     -0.217312470116     -0.879090186944      0.000000276719      0.000000000000      0.999999723281      0.000000000000      2.000000000000      1.000000000000      3.000000000000 521 44
      2.984432604869      1.627778755317      0.102759211325     -0.879090186944      0.000000276719      0.000000000000      0.999999723281      0.000000000000      2.000000000000      1.000000000000      3.000000000000 522 44
      3.742576352882      2.009402615445      0.496598981059     -0.879090186944      0.000000276719      0.000000000000      0.999999723281      0.000000000000      2.000000000000      1.000000000000      3.000000000000 523 44
      2.817401384738      1.826122920386      0.232829273622     -0.879090186944      0.000000276719      0.000000000000      0.999999723281      0.000000000000      2.000000000000      1.000000000000      3.000000000000 524 44
     -2.718403780267     -2.620031921146      2.589915497627     -0.879090186944      0.000000000000      0.000000276719      0.000000000000      0.999999723281      2.000000000000      2.000000000000      4.000000000000 525 44
      3.186621567570      1.761525264108      0.702952463683     -0.879090186944      0.000000276719      0.000000000000      0.999999723281      0.000000000000      2.000000000000      1.000000000000      3.000000000000 526 44
     -1.945914053417     -1.888575276748      1.660487667956     -0.879090186944      0.000000000000      0.000000276719      0.000000000000      0.999999723281      2.000000000000      2.000000000000      4.000000000000 527 44
      2.530945675599      1.729964941850      0.319339284768     -0.879090186944      0.000000276719      0.000000000000      0.999999723281      0.000000000000      2.000000000000      1.000000000000      3.000000000000 528 44
     -3.217257979112     -1.464393514603      0.787494975361      2.382077270750      0.000000000000      0.999998759837      0.000000000000      0.000001240163      1.000000000000      2.000000000000      2.000000000000 529 45
     -2.209355683627     -1.808037703450      0.145487506907      2.382077270750      0.000000000000      0.999998759837      0.000000000000      0.000001240163      1.000000000000      2.000000000000      2.000000000000 530 45
     -3.904258308613     -1.864795031185     -1.129125219401      2.382077270750      0.000000000000      0.999998759837      0.000000000000      0.000001240163      1.000000000000      2.000000000000      2.000000000000 531 45
     -3.170611216466     -2.729647562770     -2.227848392318      2.382077270750      0.000000000000      0.999998759837      0.000000000000      0.000001240163      1.000000000000      2.000000000000      2.000000000000 532 45
     -3.116547175329     -1.608899314732      1.920758470592      2.382077270750      0.000000000000      0.999998759837      0.000000000000      0.000001240163      1.000000000000      2.000000000000      2.000000000000 533 45
     -3.286627083218     -2.898760856120      0.951621553217      2.382077270750      0.000000000000      0.999998759837      0.000000000000      0.000001240163      1.000000000000      2.000000000000      2.000000000000 534 45
     -3.315746825860     -1.462613184349     -0.723005272095      2.382077270750      0.000000000000      0.999998759837      0.000000000000      0.000001240163      1.000000000000      2.000000000000      2.000000000000 535 45
      2.552209045784      1.905331745335      0.224043557051      2.382077270750      0.999998759837      0.000000000000      0.000001240163      0.000000000000      1.000000000000      1.000000000000      1.000000000000 536 45
     -2.709881551581     -2.398910629118      1.438301787062      2.382077270750      0.000000000000      0.999998759837      0.000000000000      0.000001240163      1.000000000000      2.000000000000      2.000000000000 537 45
     -2.875338501260     -2.373146296012      0.416866059236      2.382077270750      0.000000000000      0.999998759837      0.000000000000      0.000001240163      1.000000000000      2.000000000000      2.000000000000 538 45
      3.014920778237      2.611357769515     -1.471381811033      2.382077270750      0.999998759837      0.000000000000      0.000001240163      0.000000000000      1.000000000000      1.000000000000      1.000000000000 539 45
     -3.135228019320     -2.259048835807      1.359920348503      2.382077270750      0.000000000000      0.999998759837      0.000000000000      0.000001240163      1.000000000000      2.000000000000      2.000000000000 540 45
     -2.727711160625     -2.090904392064      0.016430692738      0.303953002232      0.000000000000      0.997469377576      0.000000000000      0.002530622424      1.000000000000      2.000000000000      2.000000000000 541 46
     -2.821849985792     -2.474083515840      0.480811284430      0.303953002232      0.000000000000      0.997469377576      0.000000000000      0.002530622424      1.000000000000      2.000000000000      2.000000000000 542 46
      2.797714821711      2.240288946594      0.177339834310      0.303953002232      0.997469377576      0.000000000000      0.002530622424      0.000000000000      1.000000000000      1.000000000000      1.000000000000 543 46
     -2.848193456006     -1.215781220506     -0.957071684332      0.303953002232      0.000000000000      0.997469377576      0.000000000000      0.002530622424      1.000000000000      2.000000000000      2.000000000000 544 46
     -3.644105277314     -2.207450370917     -0.611123846710      0.303953002232      0.000000000000      0.997469377576      0.000000000000      0.002530622424      1.000000000000      2.000000000000      2.000000000000 545 46
      2.998231603126      2.350845934880     -0.275129236480      0.303953002232      0.997469377576      0.000000000000      0.002530622424      0.000000000000      1.000000000000      1.000000000000      1.000000000000 546 46
     -3.178742414844     -2.068483124675      1.586739372730      0.303953002232      0.000000000000      0.997469377576      0.000000000000      0.002530622424      1.000000000000      2.000000000000      2.000000000000 547 46
      3.591531665694      2.163849116133     -0.537987354866      0.303953002232      0.997469377576      0.000000000000      0.002530622424      0.000000000000      1.000000000000      1.000000000000      1.000000000000 548 46
     -2.711348161896     -1.319457282252      0.537563163438      0.303953002232      0.000000000000      0.997469377576      0.000000000000      0.002530622424      1.000000000000      2.000000000000      2.000000000000 549 46
      2.376691060632      2.128332463353      0.781621826424      0.303953002232      0.997469377576      0.000000000000      0.002530622424      0.000000000000      1.000000000000      1.000000000000      1.000000000000 550 46
     -3.606093903798     -1.453543401845      0.698738533028      0.303953002232      0.000000000000      0.997469377576      0.000000000000      0.002530622424      1.000000000000      2.000000000000      2.000000000000 551 46
     -2.665511677315     -1.311691652174     -0.495735385402      0.303953002232      0.000000000000      0.997469377576      0.000000000000      0.002530622424      1.000000000000      2.000000000000      2.000000000000 552 46
      2.734560821684      2.079935128918     -0.808028833064      1.055662348691      0.000048506725      0.000000000000      0.999951493275      0.000000000000      2.000000000000      1.000000000000      3.000000000000 553 47
      2.785477757029      2.324883277453      0.319233665794      1.055662348691      0.000048506725      0.000000000000      0.999951493275      0.000000000000      2.000000000000      1.000000000000      3.000000000000 554 47
      2.381357605196      1.478491668485     -1.089648212519      1.055662348691      0.000048506725      0.000000000000      0.999951493275      0.000000000000      2.000000000000      1.000000000000      3.000000000000 555 47
      4.103049391553      0.200581428014      1.493064283580      1.055662348691      0.000048506725      0.000000000000      0.999951493275      0.000000000000      2.000000000000      1.000000000000      3.000000000000 556 47
      2.074392872585      2.005144190360     -0.652985376502      1.055662348691      0.000048506725      0.000000000000      0.999951493275      0.000000000000      2.000000000000      1.000000000000      3.000000000000 557 47
      3.341105559092      1.081397044143      0.157161175175      1.055662348691      0.000048506725      0.000000000000      0.999951493275      0.000000000000      2.000000000000      1.000000000000      3.000000000000 558 47
     -1.757238652701     -1.975768477032      0.462622770666      1.055662348691      0.000000000000      0.000048506725      0.000000000000      0.999951493275      2.000000000000      2.000000000000      4.000000000000 559 47
      2.743305371603      2.160179058634     -0.965640324714      1.055662348691      0.000048506725      0.000000000000      0.999951493275      0.000000000000      2.000000000000      1.000000000000      3.000000000000 560 47
      2.978370903826      2.157173551391      0.139287530663      1.055662348691      0.000048506725      0.000000000000      0.999951493275      0.000000000000      2.000000000000      1.000000000000      3.000000000000 561 47
     -3.220056005904     -1.928769609514      2.110568325913      1.055662348691      0.000000000000      0.000048506725      0.000000000000      0.999951493275      2.000000000000      2.000000000000      4.000000000000 562 47
     -3.335778987812     -2.211300971919      1.914987886713      1.055662348691      0.000000000000      0.000048506725      0.000000000000      0.999951493275      2.000000000000      2.000000000000      4.000000000000 563 47
      2.506036596667      2.590058451498     -0.773998915387      1.055662348691      0.000048506725      0.000000000000      0.999951493275      0.000000000000      2.000000000000      1.000000000000      3.000000000000 564 47
      2.760126277684      2.986890337978     -0.015395594059     -0.789989123073      0.001276791169      0.000000000000      0.998723208831      0.000000000000      2.000000000000      1.000000000000      3.000000000000 565 48
      3.023690327358      2.063202999128     -0.917642368496     -0.789989123073      0.001276791169      0.000000000000      0.998723208831      0.000000000000      2.000000000000      1.000000000000      3.000000000000 566 48
      2.913353448879      1.648554929180     -1.397037382308     -0.789989123073      0.001276791169      0.000000000000      0.998723208831      0.000000000000      2.000000000000      1.000000000000      3.000000000000 567 48
     -2.605087332331     -2.273415482516      0.947004475530     -0.789989123073      0.000000000000      0.001276791169      0.000000000000      0.998723208831      2.000000000000      2.000000000000      4.000000000000 568 48
      2.291371321124      2.228521874976      0.050899065452     -0.789989123073      0.001276791169      0.000000000000      0.998723208831      0.000000000000      2.000000000000      1.000000000000      3.000000000000 569 48
      3.494715469184      1.982653507955     -0.262760278063     -0.789989123073      0.001276791169      0.000000000000      0.998723208831      0.000000000000      2.000000000000      1.000000000000      3.000000000000 570 48
      2.937644758181      1.786837441668      1.329083263450     -0.789989123073      0.001276791169      0.000000000000      0.998723208831      0.000000000000      2.000000000000      1.000000000000      3.000000000000 571 48
     -2.463094253100     -1.441369498952      0.290537987664     -0.789989123073      0.000000000000      0.001276791169      0.000000000000      0.998723208831      2.000000000000      2.000000000000      4.000000000000 572 48
      2.424095652075      1.888128591270     -0.667780180848     -0.789989123073      0.001276791169      0.000000000000      0.998723208831      0.000000000000      2.000000000000      1.000000000000      3.000000000000 573 48
     -3.025566058477     -1.819884498803      1.306824198416     -0.789989123073      0.000000000000      0.001276791169      0.000000000000      0.998723208831      2.000000000000      2.000000000000      4.000000000000 574 48
      3.191316611469      1.863490667905     -0.322423665916     -0.789989123073      0.001276791169      0.000000000000      0.998723208831      0.000000000000      2.000000000000      1.000000000000      3.000000000000 575 48
     -3.158841652282     -2.031436439464     -0.691308460151     -0.789989123073      0.000000000000      0.001276791169      0.000000000000      0.998723208831      2.000000000000      2.000000000000      4.000000000000 576 48
     -3.010399674091     -1.562808855956      0.922076191006      0.005261547050      0.000000000000      0.999905856094      0.000000000000      0.000094143906      1.000000000000      2.000000000000      2.000000000000 577 49
     -4.209752302623     -1.450435086617     -1.104552341747      0.005261547050      0.000000000000      0.999905856094      0.000000000000      0.000094143906      1.000000000000      2.000000000000      2.000000000000 578 49
     -3.332749419530     -2.863235372899     -0.407800424659      0.005261547050      0.000000000000      0.999905856094      0.000000000000      0.000094143906      1.000000000000      2.000000000000      2.000000000000 579 49
     -3.015278082386     -1.344731914253      0.967455510490      0.005261547050      0.000000000000      0.999905856094      0.000000000000      0.000094143906      1.000000000000      2.000000000000      2.000000000000 580 49
     -3.334624378509     -1.928270747639      0.015321437622      0.005261547050      0.000000000000      0.999905856094      0.000000000000      0.000094143906      1.000000000000      2.000000000000      2.000000000000 581 49
     -2.911344038539     -2.679086667972     -1.303003068395      0.005261547050      0.000000000000      0.999905856094      0.000000000000      0.000094143906      1.000000000000      2.000000000000      2.000000000000 582 49
      2.923655605880      2.303637473349     -1.865926911111      0.005261547050      0.999905856094      0.000000000000      0.000094143906      0.000000000000      1.000000000000      1.000000000000      1.000000000000 583 49
     -2.664474583788     -2.236280220004     -1.765465787561      0.005261547050      0.000000000000      0.999905856094      0.000000000000      0.000094143906      1.000000000000      2.000000000000      2.000000000000 584 49
     -2.819305303304     -2.310645249925     -0.178335268283      0.005261547050      0.000000000000      0.999905856094      0.000000000000      0.000094143906      1.000000000000      2.000000000000      2.000000000000 585 49
      2.565991971484      2.266334787392      0.129964662720      0.005261547050      0.999905856094      0.000000000000      0.000094143906      0.000000000000      1.000000000000      1.000000000000      1.000000000000 586 49
      2.551532330827      1.474980266955      0.223068369360      0.005261547050      0.999905856094      0.000000000000      0.000094143906      0.000000000000      1.000000000000      1.000000000000      1.000000000000 587 49
      2.956324914819      1.598950802333     -0.216609901953      0.005261547050      0.999905856094      0.000000000000      0.000094143906      0.000000000000      1.000000000000      1.000000000000      1.000000000000 588 49
     -2.823720740985     -1.587122327591      0.664860586255      0.591850690680      0.000000000000      0.999995835734      0.000000000000      0.000004164266      1.000000000000      2.000000000000      2.000000000000 589 50
     -2.888518924721     -2.114491710387     -0.372054454525      0.591850690680      0.000000000000      0.999995835734      0.000000000000      0.000004164266      1.000000000000      2.000000000000      2.000000000000 590 50
     -3.819198836394     -2.107504228493      0.287336966775      0.591850690680      0.000000000000      0.999995835734      0.000000000000      0.000004164266      1.000000000000      2.000000000000      2.000000000000 591 50
     -2.935605120813     -3.255805025488      0.402948363482      0.591850690680      0.000000000000      0.999995835734      0.000000000000      0.000004164266      1.000000000000      2.000000000000      2.000000000000 592 50
      4.118763819947      2.396242750834     -1.083504957122      0.591850690680      0.999995835734      0.000000000000      0.000004164266      0.000000000000      1.000000000000      1.000000000000      1.000000000000 593 50
     -2.634716647550     -1.426109314920     -0.983393354579      0.591850690680      0.000000000000      0.999995835734      0.000000000000      0.000004164266      1.000000000000      2.000000000000      2.000000000000 594 50
     -3.194521241971     -1.956429118184     -1.517119285687      0.591850690680      0.000000000000      0.999995835734      0.000000000000      0.000004164266      1.000000000000      2.000000000000      2.000000000000 595 50
     -2.826979006924     -2.278514775872      1.006138154260      0.591850690680      0.000000000000      0.999995835734      0.000000000000      0.000004164266      1.000000000000      2.000000000000      2.000000000000 596 50
      2.943495646572      1.483162947252     -2.259558624285      0.591850690680      0.999995835734      0.000000000000      0.000004164266      0.000000000000      1.000000000000      1.000000000000      1.000000000000 597 50
     -2.489296981580     -2.145228193610      1.511241149275      0.591850690680      0.000000000000      0.999995835734      0.000000000000      0.000004164266      1.000000000000      2.000000000000      2.000000000000 598 50
      2.886920944060      2.125892607406     -0.842178601484      0.591850690680      0.999995835734      0.000000000000      0.000004164266      0.000000000000      1.000000000000      1.000000000000      1.000000000000 599 50
     -3.101575134514     -1.138298224523     -0.538925914054      0.591850690680      0.000000000000      0.999995835734      0.000000000000      0.000004164266      1.000000000000      2.000000000000      2.000000000000 600 50
     -3.592307012786     -2.625217898142      0.279267674505      0.383900649114      0.000000000000      0.999997407534      0.000000000000      0.000002592466      1.000000000000      2.000000000000      2.000000000000 601 51
     -3.553261225750     -2.021178130709      0.984489964191      0.383900649114      0.000000000000      0.999997407534      0.000000000000      0.000002592466      1.000000000000      2.000000000000      2.000000000000 602 51
     -3.279294547094     -2.328222878416     -1.282143588888      0.383900649114      0.000000000000      0.999997407534      0.000000000000      0.000002592466      1.000000000000      2.000000000000      2.000000000000 603 51
     -2.524300289501     -1.322032775531      0.744658843324      0.383900649114      0.000000000000      0.999997407534      0.000000000000      0.000002592466      1.000000000000      2.000000000000      2.000000000000 604 51
     -3.477653248982     -2.305115888649     -0.409319613847      0.383900649114      0.000000000000      0.999997407534      0.000000000000      0.000002592466      1.000000000000      2.000000000000      2.000000000000 605 51
     -2.534741125257     -1.969288411368      0.054980853100      0.383900649114      0.000000000000      0.999997407534      0.000000000000      0.000002592466      1.000000000000      2.000000000000      2.000000000000 606 51
     -3.173388557651     -2.145178486097     -0.866951711879      0.383900649114      0.000000000000      0.999997407534      0.000000000000      0.000002592466      1.000000000000      2.000000000000      2.000000000000 607 51
     -3.096000172435     -0.972306030114     -0.381601339031      0.383900649114      0.000000000000      0.999997407534      0.000000000000      0.000002592466      1.000000000000      2.000000000000      2.000000000000 608 51
     -2.020877858871     -1.998530895248      0.685073649175      0.383900649114      0.000000000000      0.999997407534      0.000000000000      0.000002592466      1.000000000000      2.000000000000      2.000000000000 609 51
     -2.530283452617     -1.468758488728      0.791835773404      0.383900649114      0.000000000000      0.999997407534      0.000000000000      0.000002592466      1.000000000000      2.000000000000      2.000000000000 610 51
      2.584728776326      1.012749755005      0.221588622690      0.383900649114      0.999997407534      0.000000000000      0.000002592466      0.000000000000      1.000000000000      1.000000000000      1.000000000000 611 51
      3.041062296138      2.333414556473     -0.137046398807      0.383900649114      0.999997407534      0.000000000000      0.000002592466      0.000000000000      1.000000000000      1.000000000000      1.000000000000 612 51
      3.331855011772      0.865288111899      0.910809727559     -0.206849128656      0.000000028924      0.000000000000      0.999999971076      0.000000000000      2.000000000000      1.000000000000      3.000000000000 613 52
      3.417117837418      2.236311851277      0.427403754394     -0.206849128656      0.000000028924      0.000000000000      0.999999971076      0.000000000000      2.000000000000      1.000000000000      3.000000000000 614 52
      2.692885097914      2.143645971724      0.351671922223     -0.206849128656      0.000000028924      0.000000000000      0.999999971076      0.000000000000      2.000000000000      1.000000000000      3.000000000000 615 52
      1.238137943894      1.941937708710     -0.232571453618     -0.206849128656      0.000000028924      0.000000000000      0.999999971076      0.000000000000      2.000000000000      1.000000000000      3.000000000000 616 52
      3.011084678897      1.823023026699      0.235599566284     -0.206849128656      0.000000028924      0.000000000000      0.999999971076      0.000000000000      2.000000000000      1.000000000000      3.000000000000 617 52
      2.705635542148      1.627204225707     -0.409383445177     -0.206849128656      0.000000028924      0.000000000000      0.999999971076      0.000000000000      2.000000000000      1.000000000000      3.000000000000 618 52
     -2.332677354016     -3.147658244489      0.471504873491     -0.206849128656      0.000000000000      0.000000028924      0.000000000000      0.999999971076      2.000000000000      2.000000000000      4.000000000000 619 52
      3.968017486656      2.102179182299      1.778132160073     -0.206849128656      0.000000028924      0.000000000000      0.999999971076      0.000000000000      2.000000000000      1.000000000000      3.000000000000 620 52
      2.309337250482      1.402385506606     -0.225810235337     -0.206849128656      0.000000028924      0.000000000000      0.999999971076      0.000000000000      2.000000000000      1.000000000000      3.000000000000 621 52
      2.480866091775      2.391718383662      0.588600179672     -0.206849128656      0.000000028924      0.000000000000      0.999999971076      0.000000000000      2.000000000000      1.000000000000      3.000000000000 622 52
      3.501061459026      1.998828534820     -1.308524406164     -0.206849128656      0.000000028924      0.000000000000      0.999999971076      0.000000000000      2.000000000000      1.000000000000      3.000000000000 623 52
      2.856777213475      1.469749011200     -0.693898250320     -0.206849128656      0.000000028924      0.000000000000      0.999999971076      0.000000000000      2.000000000000      1.000000000000      3.000000000000 624 52
      3.179083313612      0.687744620793     -0.670187426646      0.116749974983      0.003755664411      0.000000000000      0.996244335589      0.000000000000      2.000000000000      1.000000000000      3.000000000000 625 53
     -2.916543924122     -2.505318267551      1.094008258908      0.116749974983      0.000000000000      0.003755664411      0.000000000000      0.996244335589      2.000000000000      2.000000000000      4.000000000000 626 53
      2.874175166514      2.053305378093     -1.014720232346      0.116749974983      0.003755664411      0.000000000000      0.996244335589      0.000000000000      2.000000000000      1.000000000000      3.000000000000 627 53
     -2.457885576294     -1.756514445922     -0.123346534512      0.116749974983      0.000000000000      0.003755664411      0.000000000000      0.996244335589      2.000000000000      2.000000000000      4.000000000000 628 53
     -3.420868329857     -1.554793102305      0.325169103637      0.116749974983      0.000000000000      0.003755664411      0.000000000000      0.996244335589      2.000000000000      2.000000000000      4.000000000000 629 53
      3.308320825910      2.731631562094     -1.050434257276      0.116749974983      0.003755664411      0.000000000000      0.996244335589      0.000000000000      2.000000000000      1.000000000000      3.000000000000 630 53
      3.708533870720      2.683515909685     -1.312985820163      0.116749974983      0.003755664411      0.000000000000      0.996244335589      0.000000000000      2.000000000000      1.000000000000      3.000000000000 631 53
      2.970745866581      1.798173285418      0.012013767102      0.116749974983      0.003755664411      0.000000000000      0.996244335589      0.000000000000      2.000000000000      1.000000000000      3.000000000000 632 53
      3.145001930128      2.455144237267      0.348378685995      0.116749974983      0.003755664411      0.000000000000      0.996244335589      0.000000000000      2.000000000000      1.000000000000      3.000000000000 633 53
      3.004489783690      2.897736877289      0.303595229043      0.116749974983      0.003755664411      0.000000000000      0.996244335589      0.000000000000      2.000000000000      1.000000000000      3.000000000000 634 53
     -2.717274361436     -1.670369508916      0.860554193701      0.116749974983      0.000000000000      0.003755664411      0.000000000000      0.996244335589      2.000000000000      2.000000000000      4.000000000000 635 53
      2.653931154295      2.045533661154      0.102526869295      0.116749974983      0.003755664411      0.000000000000      0.996244335589      0.000000000000      2.000000000000      1.000000000000      3.000000000000 636 53
      3.217838289845      1.957446635966     -0.193792913786     -1.039436203174      0.000000242865      0.000000000000      0.999999757135      0.000000000000      2.000000000000      1.000000000000      3.000000000000 637 54
      2.787370751895      1.787210077399     -1.636586106878     -1.039436203174      0.000000242865      0.000000000000      0.999999757135      0.000000000000      2.000000000000      1.000000000000      3.000000000000 638 54
      3.813047917580      1.823331324736     -0.486590136740     -1.039436203174      0.000000242865      0.000000000000      0.999999757135      0.000000000000      2.000000000000      1.000000000000      3.000000000000 639 54
      3.588468554869      1.297338786108     -1.708616848758     -1.039436203174      0.000000242865      0.000000000000      0.999999757135      0.000000000000      2.000000000000      1.000000000000      3.000000000000 640 54
      2.322421643866      1.819934098837      0.865325513597     -1.039436203174      0.000000242865      0.000000000000      0.999999757135      0.000000000000      2.000000000000      1.000000000000      3.000000000000 641 54
      1.762073571724      2.150533783645      0.499411606870     -1.039436203174      0.000000242865      0.000000000000      0.999999757135      0.000000000000      2.000000000000      1.000000000000      3.000000000000 642 54
     -2.833227771646     -2.326197384680      1.672338781420     -1.039436203174      0.000000000000      0.000000242865      0.000000000000      0.999999757135      2.000000000000      2.000000000000      4.000000000000 643 54
      3.505380762464      1.286029846623     -2.036559370425     -1.039436203174      0.000000242865      0.000000000000      0.999999757135      0.000000000000      2.000000000000      1.000000000000      3.000000000000 644 54
      3.125995471434      1.953296934950      1.653204235388     -1.039436203174      0.000000242865      0.000000000000      0.999999757135      0.000000000000      2.000000000000      1.000000000000      3.000000000000 645 54
      3.192743152091      2.080506462003     -1.083308873239     -1.039436203174      0.000000242865      0.000000000000      0.999999757135      0.000000000000      2.000000000000      1.000000000000      3.000000000000 646 54
      3.124909221270      2.538484873043     -0.255657475030     -1.039436203174      0.000000242865      0.000000000000      0.999999757135      0.000000000000      2.000000000000      1.000000000000      3.000000000000 647 54
      2.671490469926      2.218819501778     -0.068773768156     -1.039436203174      0.000000242865      0.000000000000      0.999999757135      0.000000000000      2.000000000000      1.000000000000      3.000000000000 648 54
      2.967276375370      2.262520812918      0.545972290856     -0.010537961016      0.000000002543      0.000000000000      0.999999997457      0.000000000000      2.000000000000      1.000000000000      3.000000000000 649 55
      2.958086844320      1.687440844875     -0.868702402770     -0.010537961016      0.000000002543      0.000000000000      0.999999997457      0.000000000000      2.000000000000      1.000000000000      3.000000000000 650 55
      2.196201312008      1.407617636360      1.486061623600     -0.010537961016      0.000000002543      0.000000000000      0.999999997457      0.000000000000      2.000000000000      1.000000000000      3.000000000000 651 55
      3.102567994844      2.258504458959     -1.502424400186     -0.010537961016      0.000000002543      0.000000000000      0.999999997457      0.000000000000      2.000000000000      1.000000000000      3.000000000000 652 55
      2.774823814857      2.136458664082      0.090200026923     -0.010537961016      0.000000002543      0.000000000000      0.999999997457      0.000000000000      2.000000000000      1.000000000000      3.000000000000 653 55
      2.295395502532      2.077918704988      0.560016750999     -0.010537961016      0.000000002543      0.000000000000      0.999999997457      0.000000000000      2.000000000000      1.000000000000      3.000000000000 654 55
      3.399188988151      1.890244699174     -0.894283084343     -0.010537961016      0.000000002543      0.000000000000      0.999999997457      0.000000000000      2.000000000000      1.000000000000      3.000000000000 655 55
      3.341477212512      1.157881392320     -0.498636179169     -0.010537961016      0.000000002543      0.000000000000      0.999999997457      0.000000000000      2.000000000000      1.000000000000      3.000000000000 656 55
      3.278245982338      0.974509719954     -0.111010390468     -0.010537961016      0.000000002543      0.000000000000      0.999999997457      0.000000000000      2.000000000000      1.000000000000      3.000000000000 657 55
      2.348105120739      1.002346428388      0.548072191261     -0.010537961016      0.000000002543      0.000000000000      0.999999997457      0.000000000000      2.000000000000      1.000000000000      3.000000000000 658 55
      2.227302918975      2.175252955545      0.733602091851     -0.010537961016      0.000000002543      0.000000000000      0.999999997457      0.000000000000      2.000000000000      1.000000000000      3.000000000000 659 55
      3.652839148893      2.575492153692      0.633683052299     -0.010537961016      0.000000002543      0.000000000000      0.999999997457      0.000000000000      2.000000000000      1.000000000000      3.000000000000 660 55
      3.584926953939      2.915499635588      0.618771008325     -1.305976966023      0.000035782569      0.000000000000      0.999964217431      0.000000000000      2.000000000000      1.000000000000      3.000000000000 661 56
      3.241711749894      2.204390552318     -0.026441001433     -1.305976966023      0.000035782569      0.000000000000      0.999964217431      0.000000000000      2.000000000000      1.000000000000      3.000000000000 662 56
     -3.249668343399     -1.567337226925      1.705197803999     -1.305976966023      0.000000000000      0.000035782569      0.000000000000      0.999964217431      2.000000000000      2.000000000000      4.000000000000 663 56
      3.596214731860      1.315977850949     -0.646710275211     -1.305976966023      0.000035782569      0.000000000000      0.999964217431      0.000000000000      2.000000000000      1.000000000000      3.000000000000 664 56
      3.422880114197      1.961653171862     -0.144444081381     -1.305976966023      0.000035782569      0.000000000000      0.999964217431      0.000000000000      2.000000000000      1.000000000000      3.000000000000 665 56
      3.099150574159      2.672379318744      0.429472156818     -1.305976966023      0.000035782569      0.000000000000      0.999964217431      0.000000000000      2.000000000000      1.000000000000      3.000000000000 666 56
      2.844473988464      2.407274708905     -0.924097647429     -1.305976966023      0.000035782569      0.000000000000      0.999964217431      0.000000000000      2.000000000000      1.000000000000      3.000000000000 667 56
      2.596673015282      2.863712988936     -0.737955499869     -1.305976966023      0.000035782569      0.000000000000      0.999964217431      0.000000000000      2.000000000000      1.000000000000      3.000000000000 668 56
     -3.480769014317     -2.006871588699      0.136280750671     -1.305976966023      0.000000000000      0.000035782569      0.000000000000      0.999964217431      2.000000000000      2.000000000000      4.000000000000 669 56
     -2.876184187379     -2.020539897718     -0.217173625226     -1.305976966023      0.000000000000      0.000035782569      0.000000000000      0.999964217431      2.000000000000      2.000000000000      4.000000000000 670 56
      3.211458985092      2.207323945771      0.764405296686     -1.305976966023      0.000035782569      0.000000000000      0.999964217431      0.000000000000      2.000000000000      1.000000000000      3.000000000000 671 56
      3.060245320441      2.377128617085     -1.347468400344     -1.305976966023      0.000035782569      0.000000000000      0.999964217431      0.000000000000      2.000000000000      1.000000000000      3.000000000000 672 56
      2.927141584852      1.561222733922     -0.466831893815      0.773291739915      0.999732724077      0.000000000000      0.000267275923      0.000000000000      1.000000000000      1.000000000000      1.000000000000 673 57
     -3.555670049583     -1.031506570297      0.323458345733      0.773291739915      0.000000000000      0.999732724077      0.000000000000      0.000267275923      1.000000000000      2.000000000000      2.000000000000 674 57
      3.473733693663      1.934620888901      0.093306416421      0.773291739915      0.999732724077      0.000000000000      0.000267275923      0.000000000000      1.000000000000      1.000000000000      1.000000000000 675 57
     -2.977373590496     -2.412614282664      0.185257804964      0.773291739915      0.000000000000      0.999732724077      0.000000000000      0.000267275923      1.000000000000      2.000000000000      2.000000000000 676 57
      2.963526724230      1.833210094008     -0.590352322871      0.773291739915      0.999732724077      0.000000000000      0.000267275923      0.000000000000      1.000000000000      1.000000000000      1.000000000000 677 57
     -3.182120931555     -2.569239710001      0.077378065755      0.773291739915      0.000000000000      0.999732724077      0.000000000000      0.000267275923      1.000000000000      2.000000000000      2.000000000000 678 57
      2.840899087613      1.916382977521     -2.506712128473      0.773291739915      0.999732724077      0.000000000000      0.000267275923      0.000000000000      1.000000000000      1.000000000000      1.000000000000 679 57
     -2.742198486162     -1.564820344154      0.025248973803      0.773291739915      0.000000000000      0.999732724077      0.000000000000      0.000267275923      1.000000000000      2.000000000000      2.000000000000 680 57
     -4.287877025243     -1.333605275511      1.175159134525      0.773291739915      0.000000000000      0.999732724077      0.000000000000      0.000267275923      1.000000000000      2.000000000000      2.000000000000 681 57
     -2.950419221076     -1.195776680319     -1.731919230231      0.773291739915      0.000000000000      0.999732724077      0.000000000000      0.000267275923      1.000000000000      2.000000000000      2.000000000000 682 57
     -2.435763361294     -1.051333098609      1.113758896644      0.773291739915      0.000000000000      0.999732724077      0.000000000000      0.000267275923      1.000000000000      2.000000000000      2.000000000000 683 57
     -3.399603398019     -1.369554974511      0.013424314460      0.773291739915      0.000000000000      0.999732724077      0.000000000000      0.000267275923      1.000000000000      2.000000000000      2.000000000000 684 57
     -2.354775095426     -2.056849368688      0.001821188947      1.081683472584      0.000000000000      0.999999961282      0.000000000000      0.000000038718      1.000000000000      2.000000000000      2.000000000000 685 58
     -2.552635404489     -1.061253933786     -0.325079867190      1.081683472584      0.000000000000      0.999999961282      0.000000000000      0.000000038718      1.000000000000      2.000000000000      2.000000000000 686 58
     -2.876652685151     -2.585101920495     -0.222319426005      1.081683472584      0.000000000000      0.999999961282      0.000000000000      0.000000038718      1.000000000000      2.000000000000      2.000000000000 687 58
     -3.506081852313     -2.427772850224      1.275947515681      1.081683472584      0.000000000000      0.999999961282      0.000000000000      0.000000038718      1.000000000000      2.000000000000      2.000000000000 688 58
     -2.255326795318     -2.707840151484     -0.021877739748      1.081683472584      0.000000000000      0.999999961282      0.000000000000      0.000000038718      1.000000000000      2.000000000000      2.000000000000 689 58
     -2.845564430605     -2.370439233522     -0.457951820221      1.081683472584      0.000000000000      0.999999961282      0.000000000000      0.000000038718      1.000000000000      2.000000000000      2.000000000000 690 58
     -3.571864639099     -1.918672127255      1.393822472406      1.081683472584      0.000000000000      0.999999961282      0.000000000000      0.000000038718      1.000000000000      2.000000000000      2.000000000000 691 58
     -2.901913792773     -1.658181407530     -0.366353284439      1.081683472584      0.000000000000      0.999999961282      0.000000000000      0.000000038718      1.000000000000      2.000000000000      2.000000000000 692 58
      2.851442054623      1.342801823391     -0.278757983919      1.081683472584      0.999999961282      0.000000000000      0.000000038718      0.000000000000      1.000000000000      1.000000000000      1.000000000000 693 58
     -3.041512180265     -1.099500480963     -0.659840149179      1.081683472584      0.000000000000      0.999999961282      0.000000000000      0.000000038718      1.000000000000      2.000000000000      2.000000000000 694 58
     -3.289438645485     -1.247076532686     -0.253540851065      1.081683472584      0.000000000000      0.999999961282      0.000000000000      0.000000038718      1.000000000000      2.000000000000      2.000000000000 695 58
     -2.565736407846     -2.784271684125      0.143803987481      1.081683472584      0.000000000000      0.999999961282      0.000000000000      0.000000038718      1.000000000000      2.000000000000      2.000000000000 696 58
      3.906709049362      1.533905547571     -1.068430103948      0.078607909222      0.000015305036      0.000000000000      0.999984694964      0.000000000000      2.000000000000      1.000000000000      3.000000000000 697 59
      3.013673146455      1.622354876606     -0.224178870902      0.078607909222      0.000015305036      0.000000000000      0.999984694964      0.000000000000      2.000000000000      1.000000000000      3.000000000000 698 59
      3.224537209772      2.561018168919     -0.445010670873      0.078607909222      0.000015305036      0.000000000000      0.999984694964      0.000000000000      2.000000000000      1.000000000000      3.000000000000 699 59
     -2.794716954376     -2.101273202731     -0.052242403666      0.078607909222      0.000000000000      0.000015305036      0.000000000000      0.999984694964      2.000000000000      2.000000000000      4.000000000000 700 59
      3.439720943539      1.401231985484     -0.015385713204      0.078607909222      0.000015305036      0.000000000000      0.999984694964      0.000000000000      2.000000000000      1.000000000000      3.000000000000 701 59
      3.183829323092      0.911846795384      0.612608038070      0.078607909222      0.000015305036      0.000000000000      0.999984694964      0.000000000000      2.000000000000      1.000000000000      3.000000000000 702 59
      3.352164576719      2.192855556789     -0.931996485144      0.078607909222      0.000015305036      0.000000000000      0.999984694964      0.000000000000      2.000000000000      1.000000000000      3.000000000000 703 59
      2.834041452022      1.599771739598     -0.169573682786      0.078607909222      0.000015305036      0.000000000000      0.999984694964      0.000000000000      2.000000000000      1.000000000000      3.000000000000 704 59
      3.124206012055      1.838122485756     -0.532789747549      0.078607909222      0.000015305036      0.000000000000      0.999984694964      0.000000000000      2.000000000000      1.000000000000      3.000000000000 705 59
     -3.024327421465     -2.730785881075     -0.434653464751      0.078607909222      0.000000000000      0.000015305036      0.000000000000      0.999984694964      2.000000000000      2.000000000000      4.000000000000 706 59
      3.390161679183      1.769599919482      0.690084290241      0.078607909222      0.000015305036      0.000000000000      0.999984694964      0.000000000000      2.000000000000      1.000000000000      3.000000000000 707 59
      3.016607230212      3.392626744227      0.035252442709      0.078607909222      0.000015305036      0.000000000000      0.999984694964      0.000000000000      2.000000000000      1.000000000000      3.000000000000 708 59
      2.614759930384      0.999520890053     -0.649282092037     -1.693108303665      0.000000083592      0.000000000000      0.999999916408      0.000000000000      2.000000000000      1.000000000000      3.000000000000 709 60
      1.777911406581      2.417416029938      0.263819997873     -1.693108303665      0.000000083592      0.000000000000      0.999999916408      0.000000000000      2.000000000000      1.000000000000      3.000000000000 710 60
      3.086260820900      1.549534685057      0.911756838794     -1.693108303665      0.000000083592      0.000000000000      0.999999916408      0.000000000000      2.000000000000      1.000000000000      3.000000000000 711 60
      2.965098412749      2.298038035641     -0.811155705991     -1.693108303665      0.000000083592      0.000000000000      0.999999916408      0.000000000000      2.000000000000      1.000000000000      3.000000000000 712 60
      2.744718737599      3.321957170965     -1.973666961476     -1.693108303665      0.000000083592      0.000000000000      0.999999916408      0.000000000000      2.000000000000      1.000000000000      3.000000000000 713 60
     -2.300107148550     -1.855279305770      1.493184431058     -1.693108303665      0.000000000000      0.000000083592      0.000000000000      0.999999916408      2.000000000000      2.000000000000      4.000000000000 714 60
      2.546364462408      1.938409314585     -0.423900781536     -1.693108303665      0.000000083592      0.000000000000      0.999999916408      0.000000000000      2.000000000000      1.000000000000      3.000000000000 715 60
      3.173076997928      1.579397647364     -0.178583290752     -1.693108303665      0.000000083592      0.000000000000      0.999999916408      0.000000000000      2.000000000000      1.000000000000      3.000000000000 716 60
      3.252898696747      3.103781232737     -1.046658927795     -1.693108303665      0.000000083592      0.000000000000      0.999999916408      0.000000000000      2.000000000000      1.000000000000      3.000000000000 717 60
      2.979949980854      2.114414792549      0.324046560013     -1.693108303665      0.000000083592      0.000000000000      0.999999916408      0.000000000000      2.000000000000      1.000000000000      3.000000000000 718 60
      2.996847036009      1.881132162855     -0.514725388305     -1.693108303665      0.000000083592      0.000000000000      0.999999916408      0.000000000000      2.000000000000      1.000000000000      3.000000000000 719 60
      2.829917678831      1.575742332501      0.904851907801     -1.693108303665      0.000000083592      0.000000000000      0.999999916408      0.000000000000      2.000000000000      1.000000000000      3.000000000000 720 60
