g	y1	y2	id	g	F1	F1_std	F2	F2_std	GClass#1	GClass#2	GClass#
1	0.89351598443249	0.67456590207476	1	1	    0.281455	    0.383355	    0.339329	    0.343129	   0.0109926	    0.989007	2
1	0.0667239304313811	-0.341614203691645	2	1	    0.281455	    0.383355	    0.339329	    0.343129	   0.0109926	    0.989007	2
1	1.58757608270034	0.232931288351232	3	1	    0.281455	    0.383355	    0.339329	    0.343129	   0.0109926	    0.989007	2
1	2.5371469701398	1.04922871995789	4	1	    0.281455	    0.383355	    0.339329	    0.343129	   0.0109926	    0.989007	2
2	-1.98551944223938	2.52969458631874	5	2	   -0.426033	    0.301727	    0.964325	    0.352352	    0.999942	 5.77664e-05	1
2	-0.138525124304563	-0.0170658478742698	6	2	   -0.426033	    0.301727	    0.964325	    0.352352	    0.999942	 5.77664e-05	1
2	-3.20024206292535	2.64190870027144	7	2	   -0.426033	    0.301727	    0.964325	    0.352352	    0.999942	 5.77664e-05	1
2	-2.63576227109509	1.56319962068248	8	2	   -0.426033	    0.301727	    0.964325	    0.352352	    0.999942	 5.77664e-05	1
2	-1.10003384725141	2.54136169032821	9	2	   -0.426033	    0.301727	    0.964325	    0.352352	    0.999942	 5.77664e-05	1
2	-0.552361930736478	1.67909159155237	10	2	   -0.426033	    0.301727	    0.964325	    0.352352	    0.999942	 5.77664e-05	1
3	1.43878920439578	0.604683505394588	11	3	    0.135855	    0.297207	    0.196432	    0.286007	  0.00479309	    0.995207	2
3	0.775600850855598	-1.04181207699324	12	3	    0.135855	    0.297207	    0.196432	    0.286007	  0.00479309	    0.995207	2
3	1.08053337609115	-1.06799077144921	13	3	    0.135855	    0.297207	    0.196432	    0.286007	  0.00479309	    0.995207	2
3	0.84469473568485	1.17024463690519	14	3	    0.135855	    0.297207	    0.196432	    0.286007	  0.00479309	    0.995207	2
3	1.73667809960507	0.372756259002041	15	3	    0.135855	    0.297207	    0.196432	    0.286007	  0.00479309	    0.995207	2
3	1.28916404521831	-0.201611115060658	16	3	    0.135855	    0.297207	    0.196432	    0.286007	  0.00479309	    0.995207	2
3	0.0485764014572798	-0.494392783071752	17	3	    0.135855	    0.297207	    0.196432	    0.286007	  0.00479309	    0.995207	2
3	1.10940414848983	0.300142259634292	18	3	    0.135855	    0.297207	    0.196432	    0.286007	  0.00479309	    0.995207	2
4	-0.779160873526108	0.819212455707867	19	4	   -0.172622	    0.588252	    0.391418	    0.334835	     0.13849	     0.86151	2
4	1.17280566817433	-2.05724315984374	20	4	   -0.172622	    0.588252	    0.391418	    0.334835	     0.13849	     0.86151	2
4	0.30931344151362	0.661121816518172	21	4	   -0.172622	    0.588252	    0.391418	    0.334835	     0.13849	     0.86151	2
4	-0.00771740115519148	1.93049172207594	22	4	   -0.172622	    0.588252	    0.391418	    0.334835	     0.13849	     0.86151	2
4	2.39144552252664	-0.631367706341607	23	4	   -0.172622	    0.588252	    0.391418	    0.334835	     0.13849	     0.86151	2
4	0.405866748362667	1.05432750829294	24	4	   -0.172622	    0.588252	    0.391418	    0.334835	     0.13849	     0.86151	2
4	0.623762286437645	0.0169875903903512	25	4	   -0.172622	    0.588252	    0.391418	    0.334835	     0.13849	     0.86151	2
4	0.48704450512592	1.74993177317302	26	4	   -0.172622	    0.588252	    0.391418	    0.334835	     0.13849	     0.86151	2
4	-0.461828052045799	0.116048633474737	27	4	   -0.172622	    0.588252	    0.391418	    0.334835	     0.13849	     0.86151	2
4	0.150726993132287	-0.262816378807364	28	4	   -0.172622	    0.588252	    0.391418	    0.334835	     0.13849	     0.86151	2
5	-0.293360721167155	2.28733488981213	29	5	   -0.582401	    0.351742	  -0.0389686	    0.404237	    0.997559	  0.00244134	1
5	-2.39428242215518	0.796175351110407	30	5	   -0.582401	    0.351742	  -0.0389686	    0.404237	    0.997559	  0.00244134	1
5	-3.21591180394655	-1.1274176329726	31	5	   -0.582401	    0.351742	  -0.0389686	    0.404237	    0.997559	  0.00244134	1
5	-1.84003203892859	-0.296268589718158	32	5	   -0.582401	    0.351742	  -0.0389686	    0.404237	    0.997559	  0.00244134	1
6	-0.810358294693273	1.1851000040851	33	6	 -0.00388198	    0.368889	    0.247617	    0.317684	   0.0212887	    0.978711	2
6	-0.230523738956375	-0.0677104897882334	34	6	 -0.00388198	    0.368889	    0.247617	    0.317684	   0.0212887	    0.978711	2
6	3.121861745143	1.4102974907966	35	6	 -0.00388198	    0.368889	    0.247617	    0.317684	   0.0212887	    0.978711	2
6	2.22894062213789	-0.0508955349455071	36	6	 -0.00388198	    0.368889	    0.247617	    0.317684	   0.0212887	    0.978711	2
6	1.13455292994759	-0.906133507812488	37	6	 -0.00388198	    0.368889	    0.247617	    0.317684	   0.0212887	    0.978711	2
6	-0.39972175900988	-0.936823073271383	38	6	 -0.00388198	    0.368889	    0.247617	    0.317684	   0.0212887	    0.978711	2
7	1.44095174830159	1.50828148703952	39	7	    -0.48201	    0.566468	   -0.260374	    0.368762	     0.12583	     0.87417	2
7	-0.222489277780065	-2.19010623368906	40	7	    -0.48201	    0.566468	   -0.260374	    0.368762	     0.12583	     0.87417	2
7	-0.469555269718778	0.746835129873029	41	7	    -0.48201	    0.566468	   -0.260374	    0.368762	     0.12583	     0.87417	2
7	-0.870166399056213	-0.860695653937662	42	7	    -0.48201	    0.566468	   -0.260374	    0.368762	     0.12583	     0.87417	2
7	0.700220680138183	-1.918544405482	43	7	    -0.48201	    0.566468	   -0.260374	    0.368762	     0.12583	     0.87417	2
7	-0.929526351972449	-1.39729463662963	44	7	    -0.48201	    0.566468	   -0.260374	    0.368762	     0.12583	     0.87417	2
7	-0.263303793436701	0.707175087218122	45	7	    -0.48201	    0.566468	   -0.260374	    0.368762	     0.12583	     0.87417	2
7	1.13490737664822	-1.78474498168343	46	7	    -0.48201	    0.566468	   -0.260374	    0.368762	     0.12583	     0.87417	2
8	-1.14287273181004	-0.470115836566762	47	8	   -0.409675	    0.262628	   -0.106908	    0.291347	    0.997237	  0.00276347	1
8	-2.77235479478409	0.0665372839752644	48	8	   -0.409675	    0.262628	   -0.106908	    0.291347	    0.997237	  0.00276347	1
8	-2.53317878521176	-0.815804995597837	49	8	   -0.409675	    0.262628	   -0.106908	    0.291347	    0.997237	  0.00276347	1
8	-1.49242526139037	1.16473403044773	50	8	   -0.409675	    0.262628	   -0.106908	    0.291347	    0.997237	  0.00276347	1
8	-0.427107355046149	0.192499027834411	51	8	   -0.409675	    0.262628	   -0.106908	    0.291347	    0.997237	  0.00276347	1
8	-1.81570336867464	0.00209028552007784	52	8	   -0.409675	    0.262628	   -0.106908	    0.291347	    0.997237	  0.00276347	1
8	-1.64982841570233	0.317402040288282	53	8	   -0.409675	    0.262628	   -0.106908	    0.291347	    0.997237	  0.00276347	1
8	-0.933055412960696	3.21641642113522	54	8	   -0.409675	    0.262628	   -0.106908	    0.291347	    0.997237	  0.00276347	1
8	-2.19352041647163	0.571180975909	55	8	   -0.409675	    0.262628	   -0.106908	    0.291347	    0.997237	  0.00276347	1
8	-0.106439311245241	-0.801825932965395	56	8	   -0.409675	    0.262628	   -0.106908	    0.291347	    0.997237	  0.00276347	1
9	-1.54500696792488	0.831310204880955	57	9	   -0.500348	    0.348792	    0.262819	    0.403998	    0.998633	   0.0013669	1
9	-3.20610658095746	2.46974666183764	58	9	   -0.500348	    0.348792	    0.262819	    0.403998	    0.998633	   0.0013669	1
9	-1.35231077419563	0.356176645986279	59	9	   -0.500348	    0.348792	    0.262819	    0.403998	    0.998633	   0.0013669	1
9	-1.12053981215636	-0.072847280645997	60	9	   -0.500348	    0.348792	    0.262819	    0.403998	    0.998633	   0.0013669	1
10	-1.04093658440811	0.426093460270332	61	10	   -0.186518	    0.715051	   -0.671609	    0.454199	    0.716785	    0.283215	1
10	-1.08074639586864	-1.71346680384657	62	10	   -0.186518	    0.715051	   -0.671609	    0.454199	    0.716785	    0.283215	1
10	0.133013602217207	-0.704532995365977	63	10	   -0.186518	    0.715051	   -0.671609	    0.454199	    0.716785	    0.283215	1
10	-0.895238044809364	0.260371992214615	64	10	   -0.186518	    0.715051	   -0.671609	    0.454199	    0.716785	    0.283215	1
10	-0.183955554987248	-1.64549940509287	65	10	   -0.186518	    0.715051	   -0.671609	    0.454199	    0.716785	    0.283215	1
10	-1.08684062325204	-0.952948074004552	66	10	   -0.186518	    0.715051	   -0.671609	    0.454199	    0.716785	    0.283215	1
11	0.495532679642941	-1.21364220550651	67	11	   0.0552567	    0.792589	    0.214808	    0.401138	    0.489744	    0.510256	2
11	-1.56073528050704	-0.455902647088412	68	11	   0.0552567	    0.792589	    0.214808	    0.401138	    0.489744	    0.510256	2
11	0.76023947796677	1.43622655102337	69	11	   0.0552567	    0.792589	    0.214808	    0.401138	    0.489744	    0.510256	2
11	0.313175063486455	0.911184896744375	70	11	   0.0552567	    0.792589	    0.214808	    0.401138	    0.489744	    0.510256	2
11	1.31408342233246	0.0329173482656043	71	11	   0.0552567	    0.792589	    0.214808	    0.401138	    0.489744	    0.510256	2
11	0.448157113281079	0.938877824205834	72	11	   0.0552567	    0.792589	    0.214808	    0.401138	    0.489744	    0.510256	2
11	-1.05084292710309	1.00700823640334	73	11	   0.0552567	    0.792589	    0.214808	    0.401138	    0.489744	    0.510256	2
11	-0.23450537737567	0.57785202888542	74	11	   0.0552567	    0.792589	    0.214808	    0.401138	    0.489744	    0.510256	2
12	1.86900023836299	-1.15781506400311	75	12	  -0.0671109	    0.373841	    0.433803	    0.284584	   0.0334405	    0.966559	2
12	1.68991528268693	1.35085633739429	76	12	  -0.0671109	    0.373841	    0.433803	    0.284584	   0.0334405	    0.966559	2
12	-0.850094586141361	-1.51102044513917	77	12	  -0.0671109	    0.373841	    0.433803	    0.284584	   0.0334405	    0.966559	2
12	0.991066166628652	-0.305870456434839	78	12	  -0.0671109	    0.373841	    0.433803	    0.284584	   0.0334405	    0.966559	2
12	1.47557404125598	-1.4798173301676	79	12	  -0.0671109	    0.373841	    0.433803	    0.284584	   0.0334405	    0.966559	2
12	-0.376710638021642	0.0671225305280552	80	12	  -0.0671109	    0.373841	    0.433803	    0.284584	   0.0334405	    0.966559	2
12	0.00836730391521479	2.09672658225518	81	12	  -0.0671109	    0.373841	    0.433803	    0.284584	   0.0334405	    0.966559	2
12	1.22512483842085	0.066527866077285	82	12	  -0.0671109	    0.373841	    0.433803	    0.284584	   0.0334405	    0.966559	2
12	-0.341159505992997	2.62334095014492	83	12	  -0.0671109	    0.373841	    0.433803	    0.284584	   0.0334405	    0.966559	2
12	1.75016374110471	1.36337215277393	84	12	  -0.0671109	    0.373841	    0.433803	    0.284584	   0.0334405	    0.966559	2
13	2.21744275755137	1.23109919928434	85	13	    0.852922	    0.365827	    0.510415	    0.340103	 0.000755837	    0.999244	2
13	1.07814724455887	-0.322269178545269	86	13	    0.852922	    0.365827	    0.510415	    0.340103	 0.000755837	    0.999244	2
13	2.37099137293247	2.16551614231031	87	13	    0.852922	    0.365827	    0.510415	    0.340103	 0.000755837	    0.999244	2
13	2.78777385981201	0.0421042400382109	88	13	    0.852922	    0.365827	    0.510415	    0.340103	 0.000755837	    0.999244	2
14	1.50271003125073	0.332252147683039	89	14	   -0.202494	    0.424694	   0.0877435	    0.332237	   0.0464968	    0.953503	2
14	0.122719385263564	-1.86729247307161	90	14	   -0.202494	    0.424694	   0.0877435	    0.332237	   0.0464968	    0.953503	2
14	0.153415385809812	-0.875932846952848	91	14	   -0.202494	    0.424694	   0.0877435	    0.332237	   0.0464968	    0.953503	2
14	0.0831459800342966	-1.05272287106681	92	14	   -0.202494	    0.424694	   0.0877435	    0.332237	   0.0464968	    0.953503	2
14	0.622463631573426	1.21669288547312	93	14	   -0.202494	    0.424694	   0.0877435	    0.332237	   0.0464968	    0.953503	2
14	0.745921786444806	1.29302807597083	94	14	   -0.202494	    0.424694	   0.0877435	    0.332237	   0.0464968	    0.953503	2
15	0.855049969375724	1.74486019159002	95	15	    0.360185	    0.286135	    0.276253	    0.283816	  0.00162248	    0.998378	2
15	0.685156211677811	0.698738480126064	96	15	    0.360185	    0.286135	    0.276253	    0.283816	  0.00162248	    0.998378	2
15	0.738241659705568	-0.725762631687573	97	15	    0.360185	    0.286135	    0.276253	    0.283816	  0.00162248	    0.998378	2
15	0.266444726207353	-0.720795643640422	98	15	    0.360185	    0.286135	    0.276253	    0.283816	  0.00162248	    0.998378	2
15	3.85036033932538	-0.266915650603968	99	15	    0.360185	    0.286135	    0.276253	    0.283816	  0.00162248	    0.998378	2
15	2.49739371590981	0.547236571409076	100	15	    0.360185	    0.286135	    0.276253	    0.283816	  0.00162248	    0.998378	2
15	0.484962237336977	-0.296286625326692	101	15	    0.360185	    0.286135	    0.276253	    0.283816	  0.00162248	    0.998378	2
15	1.18428989136737	-0.327586059725769	102	15	    0.360185	    0.286135	    0.276253	    0.283816	  0.00162248	    0.998378	2
16	-0.338944204209086	0.778108379090357	103	16	   -0.218507	    0.261083	    0.164821	    0.290932	     0.99751	  0.00249047	1
16	-1.633883127704	1.33060190325873	104	16	   -0.218507	    0.261083	    0.164821	    0.290932	     0.99751	  0.00249047	1
16	-1.63460532883282	1.07979474425313	105	16	   -0.218507	    0.261083	    0.164821	    0.290932	     0.99751	  0.00249047	1
16	0.41734269264806	0.372254977531884	106	16	   -0.218507	    0.261083	    0.164821	    0.290932	     0.99751	  0.00249047	1
16	-1.3524979423641	0.985813467144247	107	16	   -0.218507	    0.261083	    0.164821	    0.290932	     0.99751	  0.00249047	1
16	-0.845597840630972	0.373387147025241	108	16	   -0.218507	    0.261083	    0.164821	    0.290932	     0.99751	  0.00249047	1
16	-1.14059300605535	2.11922188242552	109	16	   -0.218507	    0.261083	    0.164821	    0.290932	     0.99751	  0.00249047	1
16	-2.34629926655295	0.725787666454934	110	16	   -0.218507	    0.261083	    0.164821	    0.290932	     0.99751	  0.00249047	1
16	-1.89532150035716	0.48934652153073	111	16	   -0.218507	    0.261083	    0.164821	    0.290932	     0.99751	  0.00249047	1
16	-1.92229256789151	-1.44795854240359	112	16	   -0.218507	    0.261083	    0.164821	    0.290932	     0.99751	  0.00249047	1
17	-2.83363917064407	1.44845179460522	113	17	   -0.472621	    0.351671	     0.12033	    0.404136	     0.99754	  0.00246046	1
17	-2.12427530236417	2.2129087847475	114	17	   -0.472621	    0.351671	     0.12033	    0.404136	     0.99754	  0.00246046	1
17	-0.99584221278326	0.287029118596964	115	17	   -0.472621	    0.351671	     0.12033	    0.404136	     0.99754	  0.00246046	1
17	-1.08181448223315	-1.27381461485351	116	17	   -0.472621	    0.351671	     0.12033	    0.404136	     0.99754	  0.00246046	1
18	0.0597909342808616	0.230797755024974	117	18	   0.0825155	    0.441424	  -0.0726514	    0.366561	    0.947336	   0.0526639	1
18	-1.76456006623392	1.45609960489231	118	18	   0.0825155	    0.441424	  -0.0726514	    0.366561	    0.947336	   0.0526639	1
18	-0.637916976069194	1.12381029980663	119	18	   0.0825155	    0.441424	  -0.0726514	    0.366561	    0.947336	   0.0526639	1
18	-0.456568193370423	-1.36126607568251	120	18	   0.0825155	    0.441424	  -0.0726514	    0.366561	    0.947336	   0.0526639	1
18	-0.030350190113404	-0.0339275524558313	121	18	   0.0825155	    0.441424	  -0.0726514	    0.366561	    0.947336	   0.0526639	1
18	-1.84543253757842	0.63353492067408	122	18	   0.0825155	    0.441424	  -0.0726514	    0.366561	    0.947336	   0.0526639	1
19	0.304258955648788	1.22334747211886	123	19	    0.259063	    0.354373	    0.272326	    0.323511	    0.977052	   0.0229481	1
19	0.261184420877447	0.338443872963938	124	19	    0.259063	    0.354373	    0.272326	    0.323511	    0.977052	   0.0229481	1
19	-0.392300463864681	0.036452710941517	125	19	    0.259063	    0.354373	    0.272326	    0.323511	    0.977052	   0.0229481	1
19	-1.99218555006712	0.766713286569173	126	19	    0.259063	    0.354373	    0.272326	    0.323511	    0.977052	   0.0229481	1
19	0.0998900997523163	1.52318042850471	127	19	    0.259063	    0.354373	    0.272326	    0.323511	    0.977052	   0.0229481	1
19	-1.13190603142164	0.392363901302618	128	19	    0.259063	    0.354373	    0.272326	    0.323511	    0.977052	   0.0229481	1
19	-1.60776849932578	0.913612973548889	129	19	    0.259063	    0.354373	    0.272326	    0.323511	    0.977052	   0.0229481	1
19	-0.486752564686546	1.34514940293474	130	19	    0.259063	    0.354373	    0.272326	    0.323511	    0.977052	   0.0229481	1
20	2.33315599757771	-1.0245493123441	131	20	    0.297633	    0.257192	   -0.455431	    0.263692	 0.000379203	    0.999621	2
20	0.239321908885705	-2.69803921245543	132	20	    0.297633	    0.257192	   -0.455431	    0.263692	 0.000379203	    0.999621	2
20	1.67407271781214	-2.16381282075454	133	20	    0.297633	    0.257192	   -0.455431	    0.263692	 0.000379203	    0.999621	2
20	1.27042408617462	-0.835332565786145	134	20	    0.297633	    0.257192	   -0.455431	    0.263692	 0.000379203	    0.999621	2
20	1.86251886933945	-1.00248901277439	135	20	    0.297633	    0.257192	   -0.455431	    0.263692	 0.000379203	    0.999621	2
20	1.59192558825308	1.04428254826046	136	20	    0.297633	    0.257192	   -0.455431	    0.263692	 0.000379203	    0.999621	2
20	0.258114366113679	1.51412797941455	137	20	    0.297633	    0.257192	   -0.455431	    0.263692	 0.000379203	    0.999621	2
20	1.72705225226515	-1.84939345020477	138	20	    0.297633	    0.257192	   -0.455431	    0.263692	 0.000379203	    0.999621	2
20	1.0596166994706	-1.4867172835444	139	20	    0.297633	    0.257192	   -0.455431	    0.263692	 0.000379203	    0.999621	2
20	0.313159139939983	-2.00319832408489	140	20	    0.297633	    0.257192	   -0.455431	    0.263692	 0.000379203	    0.999621	2
21	0.113163957653753	-1.05881769777486	141	21	   -0.330311	    0.548468	   -0.181039	    0.399444	    0.131171	    0.868829	2
21	-0.146268871211945	0.0413363259187788	142	21	   -0.330311	    0.548468	   -0.181039	    0.399444	    0.131171	    0.868829	2
21	-0.331758482082372	-0.883727855941604	143	21	   -0.330311	    0.548468	   -0.181039	    0.399444	    0.131171	    0.868829	2
21	1.06311852760419	-0.520791256314612	144	21	   -0.330311	    0.548468	   -0.181039	    0.399444	    0.131171	    0.868829	2
22	1.984111108551	0.121900138801695	145	22	     0.97579	    0.314375	    0.168645	    0.307469	 4.18296e-05	    0.999958	2
22	4.5413666377331	0.0133745678981795	146	22	     0.97579	    0.314375	    0.168645	    0.307469	 4.18296e-05	    0.999958	2
22	1.29470803454267	-1.42185314653667	147	22	     0.97579	    0.314375	    0.168645	    0.307469	 4.18296e-05	    0.999958	2
22	1.51891712265555	2.62232114931088	148	22	     0.97579	    0.314375	    0.168645	    0.307469	 4.18296e-05	    0.999958	2
22	0.824089513079338	-2.10983966647457	149	22	     0.97579	    0.314375	    0.168645	    0.307469	 4.18296e-05	    0.999958	2
22	2.72260346702725	0.417335201363103	150	22	     0.97579	    0.314375	    0.168645	    0.307469	 4.18296e-05	    0.999958	2
23	0.491763589297656	0.0453545758953801	151	23	   -0.309404	    0.745424	    -0.10201	     0.41401	    0.312155	    0.687845	2
23	0.362200326716852	0.269008397599892	152	23	   -0.309404	    0.745424	    -0.10201	     0.41401	    0.312155	    0.687845	2
23	-0.397263506896656	-0.529606415098858	153	23	   -0.309404	    0.745424	    -0.10201	     0.41401	    0.312155	    0.687845	2
23	-0.429567223165958	-0.864007132461983	154	23	   -0.309404	    0.745424	    -0.10201	     0.41401	    0.312155	    0.687845	2
23	-0.181979062888832	-0.374834636766588	155	23	   -0.309404	    0.745424	    -0.10201	     0.41401	    0.312155	    0.687845	2
23	-1.24021225045798	-0.068483149059767	156	23	   -0.309404	    0.745424	    -0.10201	     0.41401	    0.312155	    0.687845	2
23	0.674586428511123	0.0906396094560685	157	23	   -0.309404	    0.745424	    -0.10201	     0.41401	    0.312155	    0.687845	2
23	0.201249945192778	-0.287033793452394	158	23	   -0.309404	    0.745424	    -0.10201	     0.41401	    0.312155	    0.687845	2
24	-1.65415471465348	-0.788557776817146	159	24	     -0.3053	    0.295016	   -0.374046	    0.296199	     0.99024	  0.00976045	1
24	-2.59957000997301	0.886794545998623	160	24	     -0.3053	    0.295016	   -0.374046	    0.296199	     0.99024	  0.00976045	1
24	0.754508979220678	-0.124333006763732	161	24	     -0.3053	    0.295016	   -0.374046	    0.296199	     0.99024	  0.00976045	1
24	-1.13628151749094	-0.66273599130456	162	24	     -0.3053	    0.295016	   -0.374046	    0.296199	     0.99024	  0.00976045	1
24	-3.3656806755685	-0.260864036879044	163	24	     -0.3053	    0.295016	   -0.374046	    0.296199	     0.99024	  0.00976045	1
24	-1.75241201101407	1.45367900391213	164	24	     -0.3053	    0.295016	   -0.374046	    0.296199	     0.99024	  0.00976045	1
24	0.341481766869406	0.360214322004053	165	24	     -0.3053	    0.295016	   -0.374046	    0.296199	     0.99024	  0.00976045	1
24	-0.297112489179947	0.539109569390517	166	24	     -0.3053	    0.295016	   -0.374046	    0.296199	     0.99024	  0.00976045	1
24	-1.36606378741447	-1.47903827612289	167	24	     -0.3053	    0.295016	   -0.374046	    0.296199	     0.99024	  0.00976045	1
24	-2.55134840074881	0.158983238213135	168	24	     -0.3053	    0.295016	   -0.374046	    0.296199	     0.99024	  0.00976045	1
25	-1.25699791712389	3.5062947122333	169	25	    0.342894	    0.371048	    0.777468	    0.403562	    0.988329	   0.0116711	1
25	0.992572690676671	1.27457963536893	170	25	    0.342894	    0.371048	    0.777468	    0.403562	    0.988329	   0.0116711	1
25	-1.43806017837755	2.51357721656841	171	25	    0.342894	    0.371048	    0.777468	    0.403562	    0.988329	   0.0116711	1
25	0.000299800929635108	-0.442457111638122	172	25	    0.342894	    0.371048	    0.777468	    0.403562	    0.988329	   0.0116711	1
26	-1.40650445322598	-1.21907534246018	173	26	   -0.658812	    0.323356	   -0.706952	    0.355464	    0.994002	  0.00599829	1
26	-2.72877298774042	-0.119571192717322	174	26	   -0.658812	    0.323356	   -0.706952	    0.355464	    0.994002	  0.00599829	1
26	-0.2133514473898	0.789393001892696	175	26	   -0.658812	    0.323356	   -0.706952	    0.355464	    0.994002	  0.00599829	1
26	-2.70907442967119	-1.73125261968174	176	26	   -0.658812	    0.323356	   -0.706952	    0.355464	    0.994002	  0.00599829	1
26	-1.47928406460032	-1.21169930884477	177	26	   -0.658812	    0.323356	   -0.706952	    0.355464	    0.994002	  0.00599829	1
26	-2.96654774431234	0.417123831596564	178	26	   -0.658812	    0.323356	   -0.706952	    0.355464	    0.994002	  0.00599829	1
27	0.430365055848595	-0.817734651394311	179	27	   -0.339458	    0.341564	   -0.564979	    0.302455	   0.0180576	    0.981942	2
27	-0.0635273020240021	-2.13964020496461	180	27	   -0.339458	    0.341564	   -0.564979	    0.302455	   0.0180576	    0.981942	2
27	0.818503117196262	-1.50599030384261	181	27	   -0.339458	    0.341564	   -0.564979	    0.302455	   0.0180576	    0.981942	2
27	1.22502674684608	-1.98157486181644	182	27	   -0.339458	    0.341564	   -0.564979	    0.302455	   0.0180576	    0.981942	2
27	-0.572303480394811	-3.12412776347596	183	27	   -0.339458	    0.341564	   -0.564979	    0.302455	   0.0180576	    0.981942	2
27	0.171111819731246	0.600764870713785	184	27	   -0.339458	    0.341564	   -0.564979	    0.302455	   0.0180576	    0.981942	2
27	0.723769288466437	-0.612293385068118	185	27	   -0.339458	    0.341564	   -0.564979	    0.302455	   0.0180576	    0.981942	2
27	0.751684983414656	-0.518277627547231	186	27	   -0.339458	    0.341564	   -0.564979	    0.302455	   0.0180576	    0.981942	2
28	1.78120521548111	-1.47110471535221	187	28	    0.132457	    0.259578	   -0.447502	    0.264438	  0.00101404	    0.998986	2
28	2.40184755455812	-1.79387284560905	188	28	    0.132457	    0.259578	   -0.447502	    0.264438	  0.00101404	    0.998986	2
28	0.641169282520461	-1.01529440666816	189	28	    0.132457	    0.259578	   -0.447502	    0.264438	  0.00101404	    0.998986	2
28	0.37124240934518	-1.15671994822653	190	28	    0.132457	    0.259578	   -0.447502	    0.264438	  0.00101404	    0.998986	2
28	0.469827326296439	-0.400511179581698	191	28	    0.132457	    0.259578	   -0.447502	    0.264438	  0.00101404	    0.998986	2
28	0.663272261795664	-2.15064213330828	192	28	    0.132457	    0.259578	   -0.447502	    0.264438	  0.00101404	    0.998986	2
28	1.15667201758365	-1.83320127642134	193	28	    0.132457	    0.259578	   -0.447502	    0.264438	  0.00101404	    0.998986	2
28	1.51141484735042	-0.706972395888504	194	28	    0.132457	    0.259578	   -0.447502	    0.264438	  0.00101404	    0.998986	2
28	1.70659371508094	0.832171407363949	195	28	    0.132457	    0.259578	   -0.447502	    0.264438	  0.00101404	    0.998986	2
28	-0.334887944790449	-0.682726842067399	196	28	    0.132457	    0.259578	   -0.447502	    0.264438	  0.00101404	    0.998986	2
29	0.383032757035856	-1.34300317372197	197	29	  -0.0940602	    0.669423	    -0.35576	    0.452411	     0.72353	     0.27647	1
29	-1.21083083032177	0.203662246000964	198	29	  -0.0940602	    0.669423	    -0.35576	    0.452411	     0.72353	     0.27647	1
29	0.0237503859644872	0.459599688758847	199	29	  -0.0940602	    0.669423	    -0.35576	    0.452411	     0.72353	     0.27647	1
29	-1.53791269113687	-0.591211666747766	200	29	  -0.0940602	    0.669423	    -0.35576	    0.452411	     0.72353	     0.27647	1
30	-1.08719700072314	0.468280797073549	201	30	    0.141203	    0.414353	   0.0752595	    0.361657	    0.959386	    0.040614	1
30	-0.919351882866893	1.08618447374444	202	30	    0.141203	    0.414353	   0.0752595	    0.361657	    0.959386	    0.040614	1
30	-1.6956373091038	-0.344888214693709	203	30	    0.141203	    0.414353	   0.0752595	    0.361657	    0.959386	    0.040614	1
30	0.856950572123831	0.533773768808918	204	30	    0.141203	    0.414353	   0.0752595	    0.361657	    0.959386	    0.040614	1
30	-1.07351662096376	-0.160432756476926	205	30	    0.141203	    0.414353	   0.0752595	    0.361657	    0.959386	    0.040614	1
30	-0.408284813401552	1.7650987683672	206	30	    0.141203	    0.414353	   0.0752595	    0.361657	    0.959386	    0.040614	1
31	-0.129546444522143	1.91096976991486	207	31	   0.0805474	    0.271906	     1.09588	    0.316568	    0.999822	 0.000178399	1
31	-0.0494810502604967	1.97302072437054	208	31	   0.0805474	    0.271906	     1.09588	    0.316568	    0.999822	 0.000178399	1
31	-0.399068858762355	1.68635701179701	209	31	   0.0805474	    0.271906	     1.09588	    0.316568	    0.999822	 0.000178399	1
31	-0.162621585619141	1.07715600884669	210	31	   0.0805474	    0.271906	     1.09588	    0.316568	    0.999822	 0.000178399	1
31	-0.893600790815771	3.49947610550516	211	31	   0.0805474	    0.271906	     1.09588	    0.316568	    0.999822	 0.000178399	1
31	-1.58001572114163	1.27474358941655	212	31	   0.0805474	    0.271906	     1.09588	    0.316568	    0.999822	 0.000178399	1
31	-1.46187900552374	2.10947255585496	213	31	   0.0805474	    0.271906	     1.09588	    0.316568	    0.999822	 0.000178399	1
31	-2.49698096128721	1.65585195547613	214	31	   0.0805474	    0.271906	     1.09588	    0.316568	    0.999822	 0.000178399	1
32	0.85541200993204	-1.16651063635884	215	32	    0.292573	    0.257942	   -0.189591	    0.263817	 0.000560646	    0.999439	2
32	0.57843713896566	1.43539669122862	216	32	    0.292573	    0.257942	   -0.189591	    0.263817	 0.000560646	    0.999439	2
32	2.91403855295816	0.638497968399416	217	32	    0.292573	    0.257942	   -0.189591	    0.263817	 0.000560646	    0.999439	2
32	1.26723126339112	-0.300553198432164	218	32	    0.292573	    0.257942	   -0.189591	    0.263817	 0.000560646	    0.999439	2
32	1.84068260495412	-1.81007795398158	219	32	    0.292573	    0.257942	   -0.189591	    0.263817	 0.000560646	    0.999439	2
32	0.869980657467472	-1.15567738498206	220	32	    0.292573	    0.257942	   -0.189591	    0.263817	 0.000560646	    0.999439	2
32	0.23260749657317	-1.17785660687635	221	32	    0.292573	    0.257942	   -0.189591	    0.263817	 0.000560646	    0.999439	2
32	0.999246720906161	-1.22503341255352	222	32	    0.292573	    0.257942	   -0.189591	    0.263817	 0.000560646	    0.999439	2
32	0.278890201555791	0.218049086511447	223	32	    0.292573	    0.257942	   -0.189591	    0.263817	 0.000560646	    0.999439	2
32	2.4300954737307	-1.97526150435346	224	32	    0.292573	    0.257942	   -0.189591	    0.263817	 0.000560646	    0.999439	2
33	0.0667193415556284	1.07821080685199	225	33	   -0.112385	    0.510802	    0.194523	    0.370768	    0.101047	    0.898953	2
33	1.42163752990814	-0.978586865771792	226	33	   -0.112385	    0.510802	    0.194523	    0.370768	    0.101047	    0.898953	2
33	0.648777126072776	0.976542394455381	227	33	   -0.112385	    0.510802	    0.194523	    0.370768	    0.101047	    0.898953	2
33	0.0482059833350013	-0.407076610798013	228	33	   -0.112385	    0.510802	    0.194523	    0.370768	    0.101047	    0.898953	2
34	-2.35748458698093	1.91330444333101	229	34	    -1.13506	    0.301603	    0.550098	    0.352353	    0.999978	 2.23731e-05	1
34	-1.5716586787348	2.30865097199087	230	34	    -1.13506	    0.301603	    0.550098	    0.352353	    0.999978	 2.23731e-05	1
34	-2.12998775465959	0.310971441347604	231	34	    -1.13506	    0.301603	    0.550098	    0.352353	    0.999978	 2.23731e-05	1
34	-1.96344876240787	1.12545494334617	232	34	    -1.13506	    0.301603	    0.550098	    0.352353	    0.999978	 2.23731e-05	1
34	-3.92732295307687	-0.43172899064247	233	34	    -1.13506	    0.301603	    0.550098	    0.352353	    0.999978	 2.23731e-05	1
34	-3.654101731989	2.24622523052859	234	34	    -1.13506	    0.301603	    0.550098	    0.352353	    0.999978	 2.23731e-05	1
35	2.5319156137296	-3.11511717701983	235	35	     1.03494	    0.280343	   -0.393201	    0.282791	  5.4818e-06	    0.999995	2
35	1.42650029531251	-0.676600026037573	236	35	     1.03494	    0.280343	   -0.393201	    0.282791	  5.4818e-06	    0.999995	2
35	1.89979661693928	-0.37038327273524	237	35	     1.03494	    0.280343	   -0.393201	    0.282791	  5.4818e-06	    0.999995	2
35	1.55765775299873	-1.53710861551981	238	35	     1.03494	    0.280343	   -0.393201	    0.282791	  5.4818e-06	    0.999995	2
35	3.64040824970087	-0.466339093754434	239	35	     1.03494	    0.280343	   -0.393201	    0.282791	  5.4818e-06	    0.999995	2
35	1.41251986451554	-0.305342912905872	240	35	     1.03494	    0.280343	   -0.393201	    0.282791	  5.4818e-06	    0.999995	2
35	1.51238789971799	-0.838381978539011	241	35	     1.03494	    0.280343	   -0.393201	    0.282791	  5.4818e-06	    0.999995	2
35	3.20090380642719	-0.744419875205705	242	35	     1.03494	    0.280343	   -0.393201	    0.282791	  5.4818e-06	    0.999995	2
36	-1.82930048611516	-0.520370725052597	243	36	    -0.14017	    0.319017	   -0.262687	    0.299292	    0.984249	   0.0157512	1
36	-1.09054573267975	0.78222988650718	244	36	    -0.14017	    0.319017	   -0.262687	    0.299292	    0.984249	   0.0157512	1
36	-1.52465844340913	1.30373130326159	245	36	    -0.14017	    0.319017	   -0.262687	    0.299292	    0.984249	   0.0157512	1
36	-0.682216574456707	-0.645193866795243	246	36	    -0.14017	    0.319017	   -0.262687	    0.299292	    0.984249	   0.0157512	1
36	-3.35641445631317	0.519159563364344	247	36	    -0.14017	    0.319017	   -0.262687	    0.299292	    0.984249	   0.0157512	1
36	-1.22657930113815	0.0699495766504035	248	36	    -0.14017	    0.319017	   -0.262687	    0.299292	    0.984249	   0.0157512	1
36	-1.35981574887632	-0.657478694609381	249	36	    -0.14017	    0.319017	   -0.262687	    0.299292	    0.984249	   0.0157512	1
36	0.325033305308897	0.103471593168323	250	36	    -0.14017	    0.319017	   -0.262687	    0.299292	    0.984249	   0.0157512	1
36	-0.486818711546557	-0.703799660371461	251	36	    -0.14017	    0.319017	   -0.262687	    0.299292	    0.984249	   0.0157512	1
36	-0.22070809672771	1.16518465809949	252	36	    -0.14017	    0.319017	   -0.262687	    0.299292	    0.984249	   0.0157512	1
37	1.60384642045275	0.941768821709783	253	37	     0.62052	    0.366084	    0.200754	    0.340257	 0.000878752	    0.999121	2
37	1.23697820072206	-0.125074334956916	254	37	     0.62052	    0.366084	    0.200754	    0.340257	 0.000878752	    0.999121	2
37	1.37314141224111	0.348895167478025	255	37	     0.62052	    0.366084	    0.200754	    0.340257	 0.000878752	    0.999121	2
37	2.89679851433549	-0.831049476116646	256	37	     0.62052	    0.366084	    0.200754	    0.340257	 0.000878752	    0.999121	2
38	2.71902044093892	-1.86122586811978	257	38	    0.888285	    0.314319	   -0.437204	    0.307465	 2.04523e-05	     0.99998	2
38	1.24743137684771	-0.810514744257537	258	38	    0.888285	    0.314319	   -0.437204	    0.307465	 2.04523e-05	     0.99998	2
38	2.45952686083127	-0.349348792715537	259	38	    0.888285	    0.314319	   -0.437204	    0.307465	 2.04523e-05	     0.99998	2
38	2.83116382569888	-1.61667797521256	260	38	    0.888285	    0.314319	   -0.437204	    0.307465	 2.04523e-05	     0.99998	2
38	1.44901956815468	-1.10310353244569	261	38	    0.888285	    0.314319	   -0.437204	    0.307465	 2.04523e-05	     0.99998	2
38	1.49924388531529	-1.27311553380697	262	38	    0.888285	    0.314319	   -0.437204	    0.307465	 2.04523e-05	     0.99998	2
39	-0.576940359229826	-0.289949341940975	263	39	    0.226844	    0.506361	 -0.00359679	    0.347608	    0.913277	   0.0867233	1
39	0.867937625627954	-0.53238222364909	264	39	    0.226844	    0.506361	 -0.00359679	    0.347608	    0.913277	   0.0867233	1
39	-0.755289367763321	-0.0263275325314463	265	39	    0.226844	    0.506361	 -0.00359679	    0.347608	    0.913277	   0.0867233	1
39	0.0820703145726882	0.286745463772513	266	39	    0.226844	    0.506361	 -0.00359679	    0.347608	    0.913277	   0.0867233	1
39	-0.241682804971835	0.167675062550308	267	39	    0.226844	    0.506361	 -0.00359679	    0.347608	    0.913277	   0.0867233	1
39	0.127284509943809	2.30368535932974	268	39	    0.226844	    0.506361	 -0.00359679	    0.347608	    0.913277	   0.0867233	1
39	-2.71838024432403	1.61415339187341	269	39	    0.226844	    0.506361	 -0.00359679	    0.347608	    0.913277	   0.0867233	1
39	-1.05685434530914	-0.210928753337542	270	39	    0.226844	    0.506361	 -0.00359679	    0.347608	    0.913277	   0.0867233	1
40	-0.449430626964932	-0.156072593055393	271	40	  -0.0143137	    0.417031	    -0.35787	    0.317681	    0.953976	   0.0460241	1
40	-1.35981353340256	-0.279262621908531	272	40	  -0.0143137	    0.417031	    -0.35787	    0.317681	    0.953976	   0.0460241	1
40	-0.826227539080771	1.90803200742802	273	40	  -0.0143137	    0.417031	    -0.35787	    0.317681	    0.953976	   0.0460241	1
40	-0.754425049452823	-1.29240193165749	274	40	  -0.0143137	    0.417031	    -0.35787	    0.317681	    0.953976	   0.0460241	1
40	-0.139504754557734	-0.173734004159479	275	40	  -0.0143137	    0.417031	    -0.35787	    0.317681	    0.953976	   0.0460241	1
40	-1.47552378283212	-0.91475716268585	276	40	  -0.0143137	    0.417031	    -0.35787	    0.317681	    0.953976	   0.0460241	1
40	-1.008569829878	-0.659796419526695	277	40	  -0.0143137	    0.417031	    -0.35787	    0.317681	    0.953976	   0.0460241	1
40	-0.628163341078721	1.08940044569121	278	40	  -0.0143137	    0.417031	    -0.35787	    0.317681	    0.953976	   0.0460241	1
40	-0.579353028926873	0.751152675149026	279	40	  -0.0143137	    0.417031	    -0.35787	    0.317681	    0.953976	   0.0460241	1
40	-2.06423139463479	-0.273118527507553	280	40	  -0.0143137	    0.417031	    -0.35787	    0.317681	    0.953976	   0.0460241	1
41	-1.88387871965798	0.897197078746606	281	41	  -0.0601096	    0.357478	    0.472478	    0.403984	    0.994962	   0.0050382	1
41	-0.960455801379974	1.89358979229675	282	41	  -0.0601096	    0.357478	    0.472478	    0.403984	    0.994962	   0.0050382	1
41	-0.0440748382855864	-0.204213129143366	283	41	  -0.0601096	    0.357478	    0.472478	    0.403984	    0.994962	   0.0050382	1
41	-1.46554153445392	2.32740336847857	284	41	  -0.0601096	    0.357478	    0.472478	    0.403984	    0.994962	   0.0050382	1
42	0.566508062154658	-1.41111329146247	285	42	    -0.32593	    0.373236	   -0.627289	    0.330259	   0.0222842	    0.977716	2
42	-1.28308309632273	-1.93419799761676	286	42	    -0.32593	    0.373236	   -0.627289	    0.330259	   0.0222842	    0.977716	2
42	0.90030939580938	-2.02323679982596	287	42	    -0.32593	    0.373236	   -0.627289	    0.330259	   0.0222842	    0.977716	2
42	1.44893074961076	-1.68654045163359	288	42	    -0.32593	    0.373236	   -0.627289	    0.330259	   0.0222842	    0.977716	2
42	0.610828685904717	-0.139409919780705	289	42	    -0.32593	    0.373236	   -0.627289	    0.330259	   0.0222842	    0.977716	2
42	0.2816727281418	-1.71283387258695	290	42	    -0.32593	    0.373236	   -0.627289	    0.330259	   0.0222842	    0.977716	2
43	-0.697450268851661	1.17733594053199	291	43	    0.298208	    0.315321	    0.473693	    0.319383	    0.988691	   0.0113088	1
43	0.695248537350836	1.06049780602814	292	43	    0.298208	    0.315321	    0.473693	    0.319383	    0.988691	   0.0113088	1
43	-2.11642487933213	1.99795310618584	293	43	    0.298208	    0.315321	    0.473693	    0.319383	    0.988691	   0.0113088	1
43	-0.531952716954027	0.887793682452009	294	43	    0.298208	    0.315321	    0.473693	    0.319383	    0.988691	   0.0113088	1
43	0.623960549052291	0.511140367505178	295	43	    0.298208	    0.315321	    0.473693	    0.319383	    0.988691	   0.0113088	1
43	-0.0187464136767699	-0.973202825041721	296	43	    0.298208	    0.315321	    0.473693	    0.319383	    0.988691	   0.0113088	1
43	-0.692804760299164	2.35354131033351	297	43	    0.298208	    0.315321	    0.473693	    0.319383	    0.988691	   0.0113088	1
43	-1.98367119316778	1.67296145787843	298	43	    0.298208	    0.315321	    0.473693	    0.319383	    0.988691	   0.0113088	1
44	-0.544993790154568	0.826055464660768	299	44	   -0.318672	    0.262004	   0.0249687	    0.291224	    0.997353	  0.00264677	1
44	-2.58472061925645	0.181114522115708	300	44	   -0.318672	    0.262004	   0.0249687	    0.291224	    0.997353	  0.00264677	1
44	-1.5511811208069	-0.0795699039549964	301	44	   -0.318672	    0.262004	   0.0249687	    0.291224	    0.997353	  0.00264677	1
44	-0.743002213788772	0.120096980190689	302	44	   -0.318672	    0.262004	   0.0249687	    0.291224	    0.997353	  0.00264677	1
44	-1.39092998593815	1.09687962593386	303	44	   -0.318672	    0.262004	   0.0249687	    0.291224	    0.997353	  0.00264677	1
44	-1.30957725514242	1.09964593915945	304	44	   -0.318672	    0.262004	   0.0249687	    0.291224	    0.997353	  0.00264677	1
44	-0.910391868517899	1.69791212794609	305	44	   -0.318672	    0.262004	   0.0249687	    0.291224	    0.997353	  0.00264677	1
44	-1.64673955308	0.141384105711753	306	44	   -0.318672	    0.262004	   0.0249687	    0.291224	    0.997353	  0.00264677	1
44	-1.10264181576825	0.455798500067713	307	44	   -0.318672	    0.262004	   0.0249687	    0.291224	    0.997353	  0.00264677	1
44	-2.15203212526745	-0.46419141111146	308	44	   -0.318672	    0.262004	   0.0249687	    0.291224	    0.997353	  0.00264677	1
45	0.84564995142559	-0.000801849861417792	309	45	   -0.254063	    0.492841	  -0.0787501	    0.377194	   0.0833176	    0.916682	2
45	0.536271258130969	0.241934642412043	310	45	   -0.254063	    0.492841	  -0.0787501	    0.377194	   0.0833176	    0.916682	2
45	-0.627752612829901	-0.824697850913523	311	45	   -0.254063	    0.492841	  -0.0787501	    0.377194	   0.0833176	    0.916682	2
45	0.728771362832191	-1.18891023407683	312	45	   -0.254063	    0.492841	  -0.0787501	    0.377194	   0.0833176	    0.916682	2
46	-0.902871587107874	-0.110525999990951	313	46	   -0.119676	    0.302117	     1.02385	    0.352355	    0.999831	 0.000169265	1
46	0.048946266907701	1.94580832864316	314	46	   -0.119676	    0.302117	     1.02385	    0.352355	    0.999831	 0.000169265	1
46	-0.593932832514019	3.22410816096208	315	46	   -0.119676	    0.302117	     1.02385	    0.352355	    0.999831	 0.000169265	1
46	-1.85784047049401	2.61101083144917	316	46	   -0.119676	    0.302117	     1.02385	    0.352355	    0.999831	 0.000169265	1
46	-0.973170932698396	2.10310450341235	317	46	   -0.119676	    0.302117	     1.02385	    0.352355	    0.999831	 0.000169265	1
46	-2.74357274932461	1.66243842076851	318	46	   -0.119676	    0.302117	     1.02385	    0.352355	    0.999831	 0.000169265	1
47	-0.887031094632265	0.155615128123857	319	47	   -0.248772	    0.439633	    0.155697	    0.317439	   0.0568328	    0.943167	2
47	0.500389959093037	-2.60893734699363	320	47	   -0.248772	    0.439633	    0.155697	    0.317439	   0.0568328	    0.943167	2
47	0.936251825979907	0.334006526281444	321	47	   -0.248772	    0.439633	    0.155697	    0.317439	   0.0568328	    0.943167	2
47	0.126752274614381	-0.408970429602583	322	47	   -0.248772	    0.439633	    0.155697	    0.317439	   0.0568328	    0.943167	2
47	0.188206145841886	0.95920340194859	323	47	   -0.248772	    0.439633	    0.155697	    0.317439	   0.0568328	    0.943167	2
47	0.468499248623563	0.923429617286342	324	47	   -0.248772	    0.439633	    0.155697	    0.317439	   0.0568328	    0.943167	2
47	0.836481883988347	-0.406900308496494	325	47	   -0.248772	    0.439633	    0.155697	    0.317439	   0.0568328	    0.943167	2
47	1.64673407053506	0.574883708353621	326	47	   -0.248772	    0.439633	    0.155697	    0.317439	   0.0568328	    0.943167	2
48	-1.02870313899023	-1.17984269538571	327	48	   -0.255432	    0.645435	    0.229476	    0.357032	    0.180489	    0.819511	2
48	-0.687716787493789	0.791710701240492	328	48	   -0.255432	    0.645435	    0.229476	    0.357032	    0.180489	    0.819511	2
48	0.262775196906984	-1.42584424803762	329	48	   -0.255432	    0.645435	    0.229476	    0.357032	    0.180489	    0.819511	2
48	-0.0191902446844354	-0.0372247739374583	330	48	   -0.255432	    0.645435	    0.229476	    0.357032	    0.180489	    0.819511	2
48	0.13880355064538	-0.177757107113652	331	48	   -0.255432	    0.645435	    0.229476	    0.357032	    0.180489	    0.819511	2
48	0.247590720103393	0.773874476133202	332	48	   -0.255432	    0.645435	    0.229476	    0.357032	    0.180489	    0.819511	2
48	1.38538482336039	2.9355810426593	333	48	   -0.255432	    0.645435	    0.229476	    0.357032	    0.180489	    0.819511	2
48	0.0447681556804852	0.139031226442162	334	48	   -0.255432	    0.645435	    0.229476	    0.357032	    0.180489	    0.819511	2
48	1.45120344795649	0.187720947791874	335	48	   -0.255432	    0.645435	    0.229476	    0.357032	    0.180489	    0.819511	2
48	0.745924787634233	-0.593925677222832	336	48	   -0.255432	    0.645435	    0.229476	    0.357032	    0.180489	    0.819511	2
49	1.63659366153201	1.08897475590738	337	49	     1.17918	     0.36467	    0.140162	    0.339944	 2.37652e-05	    0.999976	2
49	1.60602746833609	1.06819283636155	338	49	     1.17918	     0.36467	    0.140162	    0.339944	 2.37652e-05	    0.999976	2
49	2.9486766659593	-1.74823158747232	339	49	     1.17918	     0.36467	    0.140162	    0.339944	 2.37652e-05	    0.999976	2
49	4.15257709492382	-0.6224481640212	340	49	     1.17918	     0.36467	    0.140162	    0.339944	 2.37652e-05	    0.999976	2
50	0.424574200124911	0.933500010224314	341	50	   -0.300635	     0.65974	  -0.0219239	    0.398771	    0.227418	    0.772582	2
50	-1.53084036072766	1.16730936225427	342	50	   -0.300635	     0.65974	  -0.0219239	    0.398771	    0.227418	    0.772582	2
50	0.893076523309434	-1.28110595979899	343	50	   -0.300635	     0.65974	  -0.0219239	    0.398771	    0.227418	    0.772582	2
50	0.403329139280985	-1.16952489485878	344	50	   -0.300635	     0.65974	  -0.0219239	    0.398771	    0.227418	    0.772582	2
50	0.451267907192575	-0.373755626636396	345	50	   -0.300635	     0.65974	  -0.0219239	    0.398771	    0.227418	    0.772582	2
50	-0.136864459762389	-0.29468586288405	346	50	   -0.300635	     0.65974	  -0.0219239	    0.398771	    0.227418	    0.772582	2
51	0.714029975465984	-1.39037269382861	347	51	   -0.185512	     0.79535	   -0.124696	    0.427476	    0.451918	    0.548082	2
51	0.0228807461762806	0.442827868138273	348	51	   -0.185512	     0.79535	   -0.124696	    0.427476	    0.451918	    0.548082	2
51	-1.0193045542911	-1.70523637490022	349	51	   -0.185512	     0.79535	   -0.124696	    0.427476	    0.451918	    0.548082	2
51	0.0161124165427319	0.735934408709178	350	51	   -0.185512	     0.79535	   -0.124696	    0.427476	    0.451918	    0.548082	2
51	-1.02301996962091	-0.587672994919255	351	51	   -0.185512	     0.79535	   -0.124696	    0.427476	    0.451918	    0.548082	2
51	0.536127990042277	0.825450552139262	352	51	   -0.185512	     0.79535	   -0.124696	    0.427476	    0.451918	    0.548082	2
51	0.213508825721275	0.947496022419035	353	51	   -0.185512	     0.79535	   -0.124696	    0.427476	    0.451918	    0.548082	2
51	-0.83325076596545	-0.226097794588401	354	51	   -0.185512	     0.79535	   -0.124696	    0.427476	    0.451918	    0.548082	2
52	-1.51987726330995	-0.592236529511047	355	52	  -0.0690315	    0.747816	   -0.461193	    0.414054	    0.726065	    0.273935	1
52	0.206578850595363	0.336494745958141	356	52	  -0.0690315	    0.747816	   -0.461193	    0.414054	    0.726065	    0.273935	1
52	-1.44122877424523	0.441819461209868	357	52	  -0.0690315	    0.747816	   -0.461193	    0.414054	    0.726065	    0.273935	1
52	-1.37826198713759	-1.14196385174021	358	52	  -0.0690315	    0.747816	   -0.461193	    0.414054	    0.726065	    0.273935	1
52	-1.34033713043513	-2.32467765974054	359	52	  -0.0690315	    0.747816	   -0.461193	    0.414054	    0.726065	    0.273935	1
52	-0.601179930002663	-0.67207704477015	360	52	  -0.0690315	    0.747816	   -0.461193	    0.414054	    0.726065	    0.273935	1
52	0.333306602427838	0.0734214395410032	361	52	  -0.0690315	    0.747816	   -0.461193	    0.414054	    0.726065	    0.273935	1
52	-0.241041978402895	-0.132604614175152	362	52	  -0.0690315	    0.747816	   -0.461193	    0.414054	    0.726065	    0.273935	1
52	-0.246988688999457	0.0247961141949893	363	52	  -0.0690315	    0.747816	   -0.461193	    0.414054	    0.726065	    0.273935	1
52	0.735975627319527	0.771242040785716	364	52	  -0.0690315	    0.747816	   -0.461193	    0.414054	    0.726065	    0.273935	1
53	0.564353697780205	0.885992049662612	365	53	    0.180419	    0.373305	  -0.0759812	    0.342538	  0.00490597	    0.995094	2
53	2.29134922677533	-0.167664754325155	366	53	    0.180419	    0.373305	  -0.0759812	    0.342538	  0.00490597	    0.995094	2
53	0.694039803032806	-0.642189160120324	367	53	    0.180419	    0.373305	  -0.0759812	    0.342538	  0.00490597	    0.995094	2
53	0.991333565532788	-2.20767671526901	368	53	    0.180419	    0.373305	  -0.0759812	    0.342538	  0.00490597	    0.995094	2
54	0.912226210606383	-0.508088623933431	369	54	   -0.360659	    0.708188	   -0.235633	    0.428596	    0.291995	    0.708005	2
54	-0.980144266556936	0.34652595469579	370	54	   -0.360659	    0.708188	   -0.235633	    0.428596	    0.291995	    0.708005	2
54	-0.405675961089349	-1.25504762121947	371	54	   -0.360659	    0.708188	   -0.235633	    0.428596	    0.291995	    0.708005	2
54	-1.35700154678642	1.16642238463382	372	54	   -0.360659	    0.708188	   -0.235633	    0.428596	    0.291995	    0.708005	2
54	-0.205840313787513	-1.74802069879518	373	54	   -0.360659	    0.708188	   -0.235633	    0.428596	    0.291995	    0.708005	2
54	1.34959418483757	-0.798685176026842	374	54	   -0.360659	    0.708188	   -0.235633	    0.428596	    0.291995	    0.708005	2
55	-2.90995303914137	2.10997840702342	375	55	    -1.23683	    0.271355	    0.207188	    0.316548	    0.999955	 4.49437e-05	1
55	-2.44015203458078	-1.26644910450811	376	55	    -1.23683	    0.271355	    0.207188	    0.316548	    0.999955	 4.49437e-05	1
55	-1.33714260627473	1.69613922083953	377	55	    -1.23683	    0.271355	    0.207188	    0.316548	    0.999955	 4.49437e-05	1
55	-2.95364346449017	0.837923921348713	378	55	    -1.23683	    0.271355	    0.207188	    0.316548	    0.999955	 4.49437e-05	1
55	-2.30611874716677	0.22406618483587	379	55	    -1.23683	    0.271355	    0.207188	    0.316548	    0.999955	 4.49437e-05	1
55	-2.98230293995446	1.02567968948162	380	55	    -1.23683	    0.271355	    0.207188	    0.316548	    0.999955	 4.49437e-05	1
55	-2.83238574599793	0.89812178633082	381	55	    -1.23683	    0.271355	    0.207188	    0.316548	    0.999955	 4.49437e-05	1
55	-3.1798657093608	0.449865494489212	382	55	    -1.23683	    0.271355	    0.207188	    0.316548	    0.999955	 4.49437e-05	1
56	-0.415553895392107	-1.19231435890744	383	56	    0.182539	    0.442226	  -0.0727033	    0.318234	    0.943611	    0.056389	1
56	-1.91079491928928	1.30184101425685	384	56	    0.182539	    0.442226	  -0.0727033	    0.318234	    0.943611	    0.056389	1
56	-1.03013950080365	0.296547796669308	385	56	    0.182539	    0.442226	  -0.0727033	    0.318234	    0.943611	    0.056389	1
56	-2.48540907626938	1.40147441168431	386	56	    0.182539	    0.442226	  -0.0727033	    0.318234	    0.943611	    0.056389	1
56	0.644115795001435	0.0425166049102487	387	56	    0.182539	    0.442226	  -0.0727033	    0.318234	    0.943611	    0.056389	1
56	0.489926872242221	-0.338423701234707	388	56	    0.182539	    0.442226	  -0.0727033	    0.318234	    0.943611	    0.056389	1
56	-0.429744148621212	1.25078570874295	389	56	    0.182539	    0.442226	  -0.0727033	    0.318234	    0.943611	    0.056389	1
56	-0.665503260261983	0.913577757841318	390	56	    0.182539	    0.442226	  -0.0727033	    0.318234	    0.943611	    0.056389	1
56	-0.407861358506389	-1.13516770916932	391	56	    0.182539	    0.442226	  -0.0727033	    0.318234	    0.943611	    0.056389	1
56	-0.425830805173691	0.938338358813909	392	56	    0.182539	    0.442226	  -0.0727033	    0.318234	    0.943611	    0.056389	1
57	1.29975476126783	0.745480013132804	393	57	    0.371021	    0.375026	    0.326952	    0.341762	  0.00611042	     0.99389	2
57	1.9678955500939	0.0636084024855718	394	57	    0.371021	    0.375026	    0.326952	    0.341762	  0.00611042	     0.99389	2
57	0.231161150818443	-0.358007054131357	395	57	    0.371021	    0.375026	    0.326952	    0.341762	  0.00611042	     0.99389	2
57	2.13615194178978	1.0359711330698	396	57	    0.371021	    0.375026	    0.326952	    0.341762	  0.00611042	     0.99389	2
58	0.733011796782275	0.967637892407353	397	58	    0.129952	    0.625284	  -0.0907763	    0.395802	    0.819472	    0.180528	1
58	-0.348262189580088	-0.0175561526574498	398	58	    0.129952	    0.625284	  -0.0907763	    0.395802	    0.819472	    0.180528	1
58	0.219110775069148	1.03901475843081	399	58	    0.129952	    0.625284	  -0.0907763	    0.395802	    0.819472	    0.180528	1
58	-1.52800303672677	0.494312884973395	400	58	    0.129952	    0.625284	  -0.0907763	    0.395802	    0.819472	    0.180528	1
58	-1.41612399920307	-0.272004173334655	401	58	    0.129952	    0.625284	  -0.0907763	    0.395802	    0.819472	    0.180528	1
58	-0.407624021458209	-0.863927671485789	402	58	    0.129952	    0.625284	  -0.0907763	    0.395802	    0.819472	    0.180528	1
59	1.30350343802955	-0.52732963670803	403	59	    0.040527	    0.307308	    0.164798	    0.288049	  0.00769936	    0.992301	2
59	-0.169414129488165	0.422042464032867	404	59	    0.040527	    0.307308	    0.164798	    0.288049	  0.00769936	    0.992301	2
59	2.3097617018342	-0.55026992336005	405	59	    0.040527	    0.307308	    0.164798	    0.288049	  0.00769936	    0.992301	2
59	0.356108359543774	-0.456727421509551	406	59	    0.040527	    0.307308	    0.164798	    0.288049	  0.00769936	    0.992301	2
59	1.30740827624736	0.813858356998425	407	59	    0.040527	    0.307308	    0.164798	    0.288049	  0.00769936	    0.992301	2
59	0.743836857671903	0.0594983219301203	408	59	    0.040527	    0.307308	    0.164798	    0.288049	  0.00769936	    0.992301	2
59	0.955428625897794	-0.624578393114359	409	59	    0.040527	    0.307308	    0.164798	    0.288049	  0.00769936	    0.992301	2
59	0.543599526367333	0.118180981197244	410	59	    0.040527	    0.307308	    0.164798	    0.288049	  0.00769936	    0.992301	2
60	-2.01964635206162	-2.19135106208098	411	60	  -0.0976433	    0.660099	   -0.689454	    0.394252	    0.819687	    0.180313	1
60	-0.468727628132823	0.452727788379524	412	60	  -0.0976433	    0.660099	   -0.689454	    0.394252	    0.819687	    0.180313	1
60	-1.52573060336062	0.192182221878592	413	60	  -0.0976433	    0.660099	   -0.689454	    0.394252	    0.819687	    0.180313	1
60	-0.159983922118043	-1.12552161710129	414	60	  -0.0976433	    0.660099	   -0.689454	    0.394252	    0.819687	    0.180313	1
60	0.404235163495959	-0.577204151826183	415	60	  -0.0976433	    0.660099	   -0.689454	    0.394252	    0.819687	    0.180313	1
60	-0.868791773659258	-0.662595472718741	416	60	  -0.0976433	    0.660099	   -0.689454	    0.394252	    0.819687	    0.180313	1
60	-1.17822591693646	-1.77982624636001	417	60	  -0.0976433	    0.660099	   -0.689454	    0.394252	    0.819687	    0.180313	1
60	-0.93649591396466	0.510129320480344	418	60	  -0.0976433	    0.660099	   -0.689454	    0.394252	    0.819687	    0.180313	1
60	-0.565462670703365	0.75235641053598	419	60	  -0.0976433	    0.660099	   -0.689454	    0.394252	    0.819687	    0.180313	1
60	-0.350765855461048	-0.890070064948254	420	60	  -0.0976433	    0.660099	   -0.689454	    0.394252	    0.819687	    0.180313	1
61	2.05122940089278	0.8970506114284	421	61	    0.275143	    0.376295	    0.205769	    0.342362	  0.00675125	    0.993249	2
61	1.5117828058562	0.37585741837994	422	61	    0.275143	    0.376295	    0.205769	    0.342362	  0.00675125	    0.993249	2
61	0.686359899361815	-0.248094517082411	423	61	    0.275143	    0.376295	    0.205769	    0.342362	  0.00675125	    0.993249	2
61	0.827077514226139	-0.621675794598862	424	61	    0.275143	    0.376295	    0.205769	    0.342362	  0.00675125	    0.993249	2
62	0.669773233867397	2.14160121737368	425	62	    0.446503	    0.493525	     0.39929	    0.363953	    0.915993	   0.0840073	1
62	-0.183739074031048	0.30641668628149	426	62	    0.446503	    0.493525	     0.39929	    0.363953	    0.915993	   0.0840073	1
62	-0.550724370734088	0.526640754064078	427	62	    0.446503	    0.493525	     0.39929	    0.363953	    0.915993	   0.0840073	1
62	-0.300129456339717	2.41230804889095	428	62	    0.446503	    0.493525	     0.39929	    0.363953	    0.915993	   0.0840073	1
62	0.670635997956533	-0.0200273527280972	429	62	    0.446503	    0.493525	     0.39929	    0.363953	    0.915993	   0.0840073	1
62	-1.54866114314622	0.581067508629604	430	62	    0.446503	    0.493525	     0.39929	    0.363953	    0.915993	   0.0840073	1
63	-0.420833585632512	3.52589072145426	431	63	   -0.851004	    0.271354	    0.547376	    0.316543	    0.999952	 4.76799e-05	1
63	-1.16229348076619	1.76624758502749	432	63	   -0.851004	    0.271354	    0.547376	    0.316543	    0.999952	 4.76799e-05	1
63	-2.89541986641607	-0.00801308795874278	433	63	   -0.851004	    0.271354	    0.547376	    0.316543	    0.999952	 4.76799e-05	1
63	-3.33497995402269	1.63877104588471	434	63	   -0.851004	    0.271354	    0.547376	    0.316543	    0.999952	 4.76799e-05	1
63	-1.62506091826159	0.83544470563474	435	63	   -0.851004	    0.271354	    0.547376	    0.316543	    0.999952	 4.76799e-05	1
63	-2.56451826188404	0.974347169681357	436	63	   -0.851004	    0.271354	    0.547376	    0.316543	    0.999952	 4.76799e-05	1
63	-1.46120457669866	1.1389143138491	437	63	   -0.851004	    0.271354	    0.547376	    0.316543	    0.999952	 4.76799e-05	1
63	-3.44541934664658	-0.369928017922063	438	63	   -0.851004	    0.271354	    0.547376	    0.316543	    0.999952	 4.76799e-05	1
64	-1.70378346954352	-2.27637604538177	439	64	  -0.0670693	    0.460604	   -0.535629	    0.330307	    0.937318	   0.0626824	1
64	-0.824408510163025	0.124809367603677	440	64	  -0.0670693	    0.460604	   -0.535629	    0.330307	    0.937318	   0.0626824	1
64	-1.13868822189854	-0.604255397206581	441	64	  -0.0670693	    0.460604	   -0.535629	    0.330307	    0.937318	   0.0626824	1
64	-1.12626411906746	1.06788927341305	442	64	  -0.0670693	    0.460604	   -0.535629	    0.330307	    0.937318	   0.0626824	1
64	-2.09368542318059	0.758553961321813	443	64	  -0.0670693	    0.460604	   -0.535629	    0.330307	    0.937318	   0.0626824	1
64	0.0414401599264921	-0.808333271105047	444	64	  -0.0670693	    0.460604	   -0.535629	    0.330307	    0.937318	   0.0626824	1
64	-0.399194688312748	-1.39976287783711	445	64	  -0.0670693	    0.460604	   -0.535629	    0.330307	    0.937318	   0.0626824	1
64	-0.336163823132594	0.694807510697799	446	64	  -0.0670693	    0.460604	   -0.535629	    0.330307	    0.937318	   0.0626824	1
64	-1.80698428453918	0.522348200668124	447	64	  -0.0670693	    0.460604	   -0.535629	    0.330307	    0.937318	   0.0626824	1
64	-0.221744095102025	-0.434697274296241	448	64	  -0.0670693	    0.460604	   -0.535629	    0.330307	    0.937318	   0.0626824	1
65	-1.29666963799183	0.476727065719478	449	65	   -0.245716	    0.349239	    0.537941	    0.403927	    0.998397	  0.00160269	1
65	-2.40342311177673	2.19789362500776	450	65	   -0.245716	    0.349239	    0.537941	    0.403927	    0.998397	  0.00160269	1
65	0.113659579780336	1.21036440377546	451	65	   -0.245716	    0.349239	    0.537941	    0.403927	    0.998397	  0.00160269	1
65	-1.99345354347621	1.45115672396394	452	65	   -0.245716	    0.349239	    0.537941	    0.403927	    0.998397	  0.00160269	1
66	-0.738260598497576	1.55233245723844	453	66	   0.0631723	    0.603427	   -0.224108	    0.397157	    0.841847	    0.158153	1
66	-0.884661263865926	0.629228168702843	454	66	   0.0631723	    0.603427	   -0.224108	    0.397157	    0.841847	    0.158153	1
66	-1.29723187037524	-1.2056605162616	455	66	   0.0631723	    0.603427	   -0.224108	    0.397157	    0.841847	    0.158153	1
66	0.0517601572291947	-1.78818777543739	456	66	   0.0631723	    0.603427	   -0.224108	    0.397157	    0.841847	    0.158153	1
66	0.641088090235334	0.78730432055346	457	66	   0.0631723	    0.603427	   -0.224108	    0.397157	    0.841847	    0.158153	1
66	-1.34224673780796	0.311681230882233	458	66	   0.0631723	    0.603427	   -0.224108	    0.397157	    0.841847	    0.158153	1
67	2.58111952169661	0.345869939156681	459	67	    0.863607	     0.28042	    0.163516	    0.282821	 5.15486e-05	    0.999948	2
67	1.60466504388464	-0.747560942726548	460	67	    0.863607	     0.28042	    0.163516	    0.282821	 5.15486e-05	    0.999948	2
67	0.213892813543105	-0.182665174583862	461	67	    0.863607	     0.28042	    0.163516	    0.282821	 5.15486e-05	    0.999948	2
67	3.41615264523114	-0.427681468668317	462	67	    0.863607	     0.28042	    0.163516	    0.282821	 5.15486e-05	    0.999948	2
67	3.1608326734999	-1.3219619782437	463	67	    0.863607	     0.28042	    0.163516	    0.282821	 5.15486e-05	    0.999948	2
67	0.948678015057444	0.797243181291523	464	67	    0.863607	     0.28042	    0.163516	    0.282821	 5.15486e-05	    0.999948	2
67	1.89531815595911	1.72583806330027	465	67	    0.863607	     0.28042	    0.163516	    0.282821	 5.15486e-05	    0.999948	2
67	1.68483953334181	-1.01171458534832	466	67	    0.863607	     0.28042	    0.163516	    0.282821	 5.15486e-05	    0.999948	2
68	0.668215323454944	1.73994164359214	467	68	   -0.170515	    0.248387	     1.47235	    0.289889	    0.999996	 4.03924e-06	1
68	-2.06473254920443	2.03740879907057	468	68	   -0.170515	    0.248387	     1.47235	    0.289889	    0.999996	 4.03924e-06	1
68	-2.04575468624389	2.13787850884728	469	68	   -0.170515	    0.248387	     1.47235	    0.289889	    0.999996	 4.03924e-06	1
68	-1.07815590168447	3.89352176396101	470	68	   -0.170515	    0.248387	     1.47235	    0.289889	    0.999996	 4.03924e-06	1
68	-0.63280992648455	2.589694002067	471	68	   -0.170515	    0.248387	     1.47235	    0.289889	    0.999996	 4.03924e-06	1
68	-1.57577511750338	1.95641058699664	472	68	   -0.170515	    0.248387	     1.47235	    0.289889	    0.999996	 4.03924e-06	1
68	-1.82982847021911	2.47648408186685	473	68	   -0.170515	    0.248387	     1.47235	    0.289889	    0.999996	 4.03924e-06	1
68	-2.59309073426075	2.70073420051855	474	68	   -0.170515	    0.248387	     1.47235	    0.289889	    0.999996	 4.03924e-06	1
68	-0.290675876220285	1.79392774473411	475	68	   -0.170515	    0.248387	     1.47235	    0.289889	    0.999996	 4.03924e-06	1
68	-0.702399226328879	1.66586406957166	476	68	   -0.170515	    0.248387	     1.47235	    0.289889	    0.999996	 4.03924e-06	1
69	1.7513672590123	-0.837767436633099	477	69	    0.294389	    0.367647	   -0.259451	    0.341085	  0.00172243	    0.998278	2
69	1.36773471555604	-2.12283256963022	478	69	    0.294389	    0.367647	   -0.259451	    0.341085	  0.00172243	    0.998278	2
69	1.75742788521132	-0.88635888143248	479	69	    0.294389	    0.367647	   -0.259451	    0.341085	  0.00172243	    0.998278	2
69	0.34429525733547	0.0514666045913955	480	69	    0.294389	    0.367647	   -0.259451	    0.341085	  0.00172243	    0.998278	2
70	0.449376720249626	0.832644948307424	481	70	  -0.0736467	    0.494669	     0.38497	    0.339217	   0.0876836	    0.912316	2
70	0.502829171407543	-0.742145583242297	482	70	  -0.0736467	    0.494669	     0.38497	    0.339217	   0.0876836	    0.912316	2
70	0.360299454535655	0.849562258591655	483	70	  -0.0736467	    0.494669	     0.38497	    0.339217	   0.0876836	    0.912316	2
70	0.421181048012086	0.31702240374265	484	70	  -0.0736467	    0.494669	     0.38497	    0.339217	   0.0876836	    0.912316	2
70	0.900909224157886	1.13220056231968	485	70	  -0.0736467	    0.494669	     0.38497	    0.339217	   0.0876836	    0.912316	2
70	1.1663369191048	0.0870670785675195	486	70	  -0.0736467	    0.494669	     0.38497	    0.339217	   0.0876836	    0.912316	2
71	-2.31090849724806	-2.04728726595537	487	71	   -0.663102	    0.319861	    -1.69058	    0.329387	    0.988451	   0.0115489	1
71	-2.02513413195473	-2.333140314536	488	71	   -0.663102	    0.319861	    -1.69058	    0.329387	    0.988451	   0.0115489	1
71	-2.53963386667334	-1.79731356197932	489	71	   -0.663102	    0.319861	    -1.69058	    0.329387	    0.988451	   0.0115489	1
71	-2.45112648359073	-1.69115856693972	490	71	   -0.663102	    0.319861	    -1.69058	    0.329387	    0.988451	   0.0115489	1
71	-1.02094419989203	-1.18282249566446	491	71	   -0.663102	    0.319861	    -1.69058	    0.329387	    0.988451	   0.0115489	1
71	-1.6667699724943	-2.16198547876367	492	71	   -0.663102	    0.319861	    -1.69058	    0.329387	    0.988451	   0.0115489	1
71	-0.702028743092199	-1.17602271106938	493	71	   -0.663102	    0.319861	    -1.69058	    0.329387	    0.988451	   0.0115489	1
71	-2.03894365853909	-1.41031201243798	494	71	   -0.663102	    0.319861	    -1.69058	    0.329387	    0.988451	   0.0115489	1
72	-1.81046767833365	-0.884835765674437	495	72	   -0.841865	    0.266895	    -1.01361	    0.293037	    0.996478	  0.00352191	1
72	0.035311359869957	0.833087717622099	496	72	   -0.841865	    0.266895	    -1.01361	    0.293037	    0.996478	  0.00352191	1
72	-3.92904488239126	-0.508864984460223	497	72	   -0.841865	    0.266895	    -1.01361	    0.293037	    0.996478	  0.00352191	1
72	-2.25548470567454	-0.591188125083652	498	72	   -0.841865	    0.266895	    -1.01361	    0.293037	    0.996478	  0.00352191	1
72	-1.67448460127701	-1.75265809080257	499	72	   -0.841865	    0.266895	    -1.01361	    0.293037	    0.996478	  0.00352191	1
72	-1.64183578717094	-1.26403606618628	500	72	   -0.841865	    0.266895	    -1.01361	    0.293037	    0.996478	  0.00352191	1
72	-3.32377434125281	-0.139682801771189	501	72	   -0.841865	    0.266895	    -1.01361	    0.293037	    0.996478	  0.00352191	1
72	-2.98021467447867	-2.29379281059068	502	72	   -0.841865	    0.266895	    -1.01361	    0.293037	    0.996478	  0.00352191	1
72	-1.87405229207405	-0.226288020265875	503	72	   -0.841865	    0.266895	    -1.01361	    0.293037	    0.996478	  0.00352191	1
72	-0.977035935085971	-0.953739095288483	504	72	   -0.841865	    0.266895	    -1.01361	    0.293037	    0.996478	  0.00352191	1
73	0.0757929241871986	1.55800899739674	505	73	    0.263619	    0.379649	    0.256118	    0.342833	   0.0087276	    0.991272	2
73	1.15725203631158	-1.11293014627723	506	73	    0.263619	    0.379649	    0.256118	    0.342833	   0.0087276	    0.991272	2
73	2.2546830041944	0.330106555165647	507	73	    0.263619	    0.379649	    0.256118	    0.342833	   0.0087276	    0.991272	2
73	1.50903960884331	0.0867771139487715	508	73	    0.263619	    0.379649	    0.256118	    0.342833	   0.0087276	    0.991272	2
74	-1.42287658047784	-0.167090780877702	509	74	   -0.197036	    0.381897	   -0.377969	    0.362259	    0.973922	   0.0260782	1
74	-0.888362087188692	-1.15644388266939	510	74	   -0.197036	    0.381897	   -0.377969	    0.362259	    0.973922	   0.0260782	1
74	-0.94475390828092	0.290841622049568	511	74	   -0.197036	    0.381897	   -0.377969	    0.362259	    0.973922	   0.0260782	1
74	-1.3437886949332	-0.462372426311329	512	74	   -0.197036	    0.381897	   -0.377969	    0.362259	    0.973922	   0.0260782	1
74	-1.36807575917514	0.304587368533136	513	74	   -0.197036	    0.381897	   -0.377969	    0.362259	    0.973922	   0.0260782	1
74	-1.38687833803124	0.778028569329395	514	74	   -0.197036	    0.381897	   -0.377969	    0.362259	    0.973922	   0.0260782	1
75	-0.223072096805778	0.293989116149081	515	75	   -0.137364	     0.40687	   -0.494397	    0.338281	    0.960063	   0.0399373	1
75	-1.518878005785	0.481337586465255	516	75	   -0.137364	     0.40687	   -0.494397	    0.338281	    0.960063	   0.0399373	1
75	-1.9555970797975	-0.185508843454256	517	75	   -0.137364	     0.40687	   -0.494397	    0.338281	    0.960063	   0.0399373	1
75	-0.400941394854021	0.673103753550949	518	75	   -0.137364	     0.40687	   -0.494397	    0.338281	    0.960063	   0.0399373	1
75	-0.548958363843666	-1.11139221453098	519	75	   -0.137364	     0.40687	   -0.494397	    0.338281	    0.960063	   0.0399373	1
75	-1.60176373537664	0.425498613396102	520	75	   -0.137364	     0.40687	   -0.494397	    0.338281	    0.960063	   0.0399373	1
75	-2.22103875341529	0.0125728835493628	521	75	   -0.137364	     0.40687	   -0.494397	    0.338281	    0.960063	   0.0399373	1
75	-0.337034567798525	-2.14592578607835	522	75	   -0.137364	     0.40687	   -0.494397	    0.338281	    0.960063	   0.0399373	1
76	2.35925062753231	0.880564692836972	523	76	    0.303841	    0.264942	    0.354691	    0.264836	  0.00218418	    0.997816	2
76	0.027938159163599	0.284748532104525	524	76	    0.303841	    0.264942	    0.354691	    0.264836	  0.00218418	    0.997816	2
76	1.5740870020445	0.706586082394252	525	76	    0.303841	    0.264942	    0.354691	    0.264836	  0.00218418	    0.997816	2
76	2.6342333917937	1.64296991347689	526	76	    0.303841	    0.264942	    0.354691	    0.264836	  0.00218418	    0.997816	2
76	0.303135392791744	0.65107000269465	527	76	    0.303841	    0.264942	    0.354691	    0.264836	  0.00218418	    0.997816	2
76	0.57902853278182	0.407743040211296	528	76	    0.303841	    0.264942	    0.354691	    0.264836	  0.00218418	    0.997816	2
76	0.827397474170176	-1.28849924319782	529	76	    0.303841	    0.264942	    0.354691	    0.264836	  0.00218418	    0.997816	2
76	1.58910647839446	0.367779564932433	530	76	    0.303841	    0.264942	    0.354691	    0.264836	  0.00218418	    0.997816	2
76	1.81994469169869	-1.49957908643828	531	76	    0.303841	    0.264942	    0.354691	    0.264836	  0.00218418	    0.997816	2
76	0.656459642017964	-0.500794781962968	532	76	    0.303841	    0.264942	    0.354691	    0.264836	  0.00218418	    0.997816	2
77	0.180240351104307	1.80258723085974	533	77	    0.096949	    0.705786	     0.18648	    0.419475	    0.562823	    0.437177	1
77	0.0989706525957214	-0.566393087376479	534	77	    0.096949	    0.705786	     0.18648	    0.419475	    0.562823	    0.437177	1
77	-0.232639207608162	0.698687604515801	535	77	    0.096949	    0.705786	     0.18648	    0.419475	    0.562823	    0.437177	1
77	0.0414050142657316	0.137545394850038	536	77	    0.096949	    0.705786	     0.18648	    0.419475	    0.562823	    0.437177	1
78	2.04888862557325	2.83512234771057	537	78	     1.12868	    0.314346	    0.319105	    0.307458	 2.60708e-05	    0.999974	2
78	3.26947899360364	-0.864238163150898	538	78	     1.12868	    0.314346	    0.319105	    0.307458	 2.60708e-05	    0.999974	2
78	1.45858580851452	-1.27045660144871	539	78	     1.12868	    0.314346	    0.319105	    0.307458	 2.60708e-05	    0.999974	2
78	1.40048191784104	0.391554044807322	540	78	     1.12868	    0.314346	    0.319105	    0.307458	 2.60708e-05	    0.999974	2
78	2.81696107013399	-1.3822712071221	541	78	     1.12868	    0.314346	    0.319105	    0.307458	 2.60708e-05	    0.999974	2
78	3.08063362899036	1.58668676121131	542	78	     1.12868	    0.314346	    0.319105	    0.307458	 2.60708e-05	    0.999974	2
79	0.0414493744261968	0.220629107783575	543	79	   0.0485413	    0.445938	    0.610148	    0.308462	   0.0614614	    0.938539	2
79	1.75798697062695	0.317815782320189	544	79	   0.0485413	    0.445938	    0.610148	    0.308462	   0.0614614	    0.938539	2
79	-0.641208603779394	0.688003348453931	545	79	   0.0485413	    0.445938	    0.610148	    0.308462	   0.0614614	    0.938539	2
79	-0.0424619139494328	0.249588196917484	546	79	   0.0485413	    0.445938	    0.610148	    0.308462	   0.0614614	    0.938539	2
79	0.762355104488263	2.07063623362431	547	79	   0.0485413	    0.445938	    0.610148	    0.308462	   0.0614614	    0.938539	2
79	2.51393617088958	0.159179716812829	548	79	   0.0485413	    0.445938	    0.610148	    0.308462	   0.0614614	    0.938539	2
79	0.919458720059653	0.724267644610799	549	79	   0.0485413	    0.445938	    0.610148	    0.308462	   0.0614614	    0.938539	2
79	1.35716493218165	0.940145642877882	550	79	   0.0485413	    0.445938	    0.610148	    0.308462	   0.0614614	    0.938539	2
80	0.209138573812282	0.300201257024301	551	80	  -0.0936369	    0.310991	   -0.149832	    0.297544	     0.98623	   0.0137699	1
80	-1.98008741169581	0.198214238397433	552	80	  -0.0936369	    0.310991	   -0.149832	    0.297544	     0.98623	   0.0137699	1
80	-1.53585201873276	-0.542769172881987	553	80	  -0.0936369	    0.310991	   -0.149832	    0.297544	     0.98623	   0.0137699	1
80	-1.02495692541795	0.708353136868019	554	80	  -0.0936369	    0.310991	   -0.149832	    0.297544	     0.98623	   0.0137699	1
80	0.508967195246364	0.0358514776225586	555	80	  -0.0936369	    0.310991	   -0.149832	    0.297544	     0.98623	   0.0137699	1
80	-0.863982194567873	0.129790525376501	556	80	  -0.0936369	    0.310991	   -0.149832	    0.297544	     0.98623	   0.0137699	1
80	-0.637054153823469	-0.461173661454969	557	80	  -0.0936369	    0.310991	   -0.149832	    0.297544	     0.98623	   0.0137699	1
80	-0.932019831202779	2.53230348477641	558	80	  -0.0936369	    0.310991	   -0.149832	    0.297544	     0.98623	   0.0137699	1
80	-1.94447331066414	-0.160293240538169	559	80	  -0.0936369	    0.310991	   -0.149832	    0.297544	     0.98623	   0.0137699	1
80	-2.7123611922148	0.0907569686953166	560	80	  -0.0936369	    0.310991	   -0.149832	    0.297544	     0.98623	   0.0137699	1
81	-1.3735731571761	2.22232838503765	561	81	   -0.405331	     0.35235	    0.180486	    0.404121	     0.99725	  0.00274985	1
81	-1.05000266812101	0.222678133188663	562	81	   -0.405331	     0.35235	    0.180486	    0.404121	     0.99725	  0.00274985	1
81	-2.4724030025016	-1.35564468704155	563	81	   -0.405331	     0.35235	    0.180486	    0.404121	     0.99725	  0.00274985	1
81	-1.70318904733144	1.96783471846203	564	81	   -0.405331	     0.35235	    0.180486	    0.404121	     0.99725	  0.00274985	1
82	-1.82002979700786	-0.30335200422485	565	82	   0.0156996	    0.462338	   -0.223889	    0.371975	    0.937501	    0.062499	1
82	-2.29602842952686	0.611407667162095	566	82	   0.0156996	    0.462338	   -0.223889	    0.371975	    0.937501	    0.062499	1
82	-1.37065239549444	-0.0413381297729728	567	82	   0.0156996	    0.462338	   -0.223889	    0.371975	    0.937501	    0.062499	1
82	-0.122324147274852	1.47899453018215	568	82	   0.0156996	    0.462338	   -0.223889	    0.371975	    0.937501	    0.062499	1
82	-0.102120309914305	-1.22170072181593	569	82	   0.0156996	    0.462338	   -0.223889	    0.371975	    0.937501	    0.062499	1
82	0.593645359409915	0.200065430918094	570	82	   0.0156996	    0.462338	   -0.223889	    0.371975	    0.937501	    0.062499	1
83	-1.56145964847129	1.24868408218179	571	83	  -0.0277067	     0.28255	    0.429505	    0.317249	    0.997347	  0.00265315	1
83	-1.15738440946077	0.358534317701533	572	83	  -0.0277067	     0.28255	    0.429505	    0.317249	    0.997347	  0.00265315	1
83	-0.666066959342689	-0.360868770641782	573	83	  -0.0277067	     0.28255	    0.429505	    0.317249	    0.997347	  0.00265315	1
83	-0.855772296965677	0.615012749592422	574	83	  -0.0277067	     0.28255	    0.429505	    0.317249	    0.997347	  0.00265315	1
83	-1.11246429305842	2.54615467248582	575	83	  -0.0277067	     0.28255	    0.429505	    0.317249	    0.997347	  0.00265315	1
83	-0.347756306393013	0.989518690288497	576	83	  -0.0277067	     0.28255	    0.429505	    0.317249	    0.997347	  0.00265315	1
83	-1.34442543804704	0.452214063128992	577	83	  -0.0277067	     0.28255	    0.429505	    0.317249	    0.997347	  0.00265315	1
83	-1.21912555851574	2.41880538200092	578	83	  -0.0277067	     0.28255	    0.429505	    0.317249	    0.997347	  0.00265315	1
84	-2.01100166574979	-0.725494118789072	579	84	   -0.203322	    0.327678	   -0.412362	    0.301558	    0.982082	   0.0179183	1
84	-0.158233384093517	0.937171703427705	580	84	   -0.203322	    0.327678	   -0.412362	    0.301558	    0.982082	   0.0179183	1
84	-0.621027588249484	1.72494461577385	581	84	   -0.203322	    0.327678	   -0.412362	    0.301558	    0.982082	   0.0179183	1
84	-0.409304053059873	-0.7455179454547	582	84	   -0.203322	    0.327678	   -0.412362	    0.301558	    0.982082	   0.0179183	1
84	-1.2340697364833	0.1888386650562	583	84	   -0.203322	    0.327678	   -0.412362	    0.301558	    0.982082	   0.0179183	1
84	-0.999553503148659	-0.685050033362853	584	84	   -0.203322	    0.327678	   -0.412362	    0.301558	    0.982082	   0.0179183	1
84	-2.11647930681554	-0.0805053792054004	585	84	   -0.203322	    0.327678	   -0.412362	    0.301558	    0.982082	   0.0179183	1
84	-2.75523501864868	0.833815477730029	586	84	   -0.203322	    0.327678	   -0.412362	    0.301558	    0.982082	   0.0179183	1
84	-1.33630868827995	0.273343906021004	587	84	   -0.203322	    0.327678	   -0.412362	    0.301558	    0.982082	   0.0179183	1
84	-0.553142500776523	-2.17734071860314	588	84	   -0.203322	    0.327678	   -0.412362	    0.301558	    0.982082	   0.0179183	1
85	1.00881886000831	-1.41053646200611	589	85	   0.0712912	    0.371497	   -0.792046	    0.344256	  0.00379353	    0.996206	2
85	0.177655298999773	-1.04605846218932	590	85	   0.0712912	    0.371497	   -0.792046	    0.344256	  0.00379353	    0.996206	2
85	1.47394471978814	-2.61206068984675	591	85	   0.0712912	    0.371497	   -0.792046	    0.344256	  0.00379353	    0.996206	2
85	1.25732001385059	-3.49453137540212	592	85	   0.0712912	    0.371497	   -0.792046	    0.344256	  0.00379353	    0.996206	2
86	-0.801481243813104	-0.674606866461765	593	86	    0.123141	    0.533702	   -0.108668	      0.3804	    0.894517	    0.105483	1
86	-1.3685414764546	0.117995817897081	594	86	    0.123141	    0.533702	   -0.108668	      0.3804	    0.894517	    0.105483	1
86	0.685679103477967	1.07423001958725	595	86	    0.123141	    0.533702	   -0.108668	      0.3804	    0.894517	    0.105483	1
86	-0.167656043587049	-0.977590633148952	596	86	    0.123141	    0.533702	   -0.108668	      0.3804	    0.894517	    0.105483	1
86	-0.0393338336433895	0.08563281975727	597	86	    0.123141	    0.533702	   -0.108668	      0.3804	    0.894517	    0.105483	1
86	-2.00640920300669	1.89406582276448	598	86	    0.123141	    0.533702	   -0.108668	      0.3804	    0.894517	    0.105483	1
87	1.61676836046357	0.327990829679416	599	87	    0.665592	    0.280616	    -0.14411	    0.282859	 8.36934e-05	    0.999916	2
87	1.12894356318671	0.337127118493754	600	87	    0.665592	    0.280616	    -0.14411	    0.282859	 8.36934e-05	    0.999916	2
87	1.68472886202541	0.42577871066173	601	87	    0.665592	    0.280616	    -0.14411	    0.282859	 8.36934e-05	    0.999916	2
87	2.49217052083185	-3.09402129002143	602	87	    0.665592	    0.280616	    -0.14411	    0.282859	 8.36934e-05	    0.999916	2
87	1.7998894983762	-1.50298493025824	603	87	    0.665592	    0.280616	    -0.14411	    0.282859	 8.36934e-05	    0.999916	2
87	1.49594879393607	-0.787221133491454	604	87	    0.665592	    0.280616	    -0.14411	    0.282859	 8.36934e-05	    0.999916	2
87	1.95375612080224	-0.508174377843671	605	87	    0.665592	    0.280616	    -0.14411	    0.282859	 8.36934e-05	    0.999916	2
87	1.39749008956759	-0.0162707888530629	606	87	    0.665592	    0.280616	    -0.14411	    0.282859	 8.36934e-05	    0.999916	2
88	-0.116280498567519	0.0824159498715298	607	88	   -0.188943	     0.28821	   -0.305714	    0.271605	  0.00784155	    0.992158	2
88	0.762907673065354	-0.179728121670957	608	88	   -0.188943	     0.28821	   -0.305714	    0.271605	  0.00784155	    0.992158	2
88	0.611129385674013	-2.3069039916311	609	88	   -0.188943	     0.28821	   -0.305714	    0.271605	  0.00784155	    0.992158	2
88	1.2543151999218	-0.914324376288571	610	88	   -0.188943	     0.28821	   -0.305714	    0.271605	  0.00784155	    0.992158	2
88	-0.99158409345765	-0.446632611220275	611	88	   -0.188943	     0.28821	   -0.305714	    0.271605	  0.00784155	    0.992158	2
88	1.46919693451466	-1.77878092434072	612	88	   -0.188943	     0.28821	   -0.305714	    0.271605	  0.00784155	    0.992158	2
88	0.60774060100597	1.58355266586632	613	88	   -0.188943	     0.28821	   -0.305714	    0.271605	  0.00784155	    0.992158	2
88	0.934872857996864	-1.09631650480951	614	88	   -0.188943	     0.28821	   -0.305714	    0.271605	  0.00784155	    0.992158	2
88	0.219644212264721	-0.920088045845644	615	88	   -0.188943	     0.28821	   -0.305714	    0.271605	  0.00784155	    0.992158	2
88	1.70960510773631	-2.20082790201461	616	88	   -0.188943	     0.28821	   -0.305714	    0.271605	  0.00784155	    0.992158	2
89	1.21412900132502	0.130042499754702	617	89	   -0.193194	    0.563513	   0.0875662	      0.3881	    0.150556	    0.849444	2
89	0.439275936832464	0.0793390649425221	618	89	   -0.193194	    0.563513	   0.0875662	      0.3881	    0.150556	    0.849444	2
89	0.559734492718092	0.0868679634313818	619	89	   -0.193194	    0.563513	   0.0875662	      0.3881	    0.150556	    0.849444	2
89	-0.848895014499044	-0.350549845836496	620	89	   -0.193194	    0.563513	   0.0875662	      0.3881	    0.150556	    0.849444	2
90	-0.44392212134962	-0.255534684723637	621	90	   -0.258147	    0.771069	   -0.373048	      0.4556	    0.488621	    0.511379	2
90	-0.564620113484085	-0.126482121187721	622	90	   -0.258147	    0.771069	   -0.373048	      0.4556	    0.488621	    0.511379	2
90	-0.233496369522528	-1.79335623060438	623	90	   -0.258147	    0.771069	   -0.373048	      0.4556	    0.488621	    0.511379	2
90	-0.789522779880555	-1.13700766709238	624	90	   -0.258147	    0.771069	   -0.373048	      0.4556	    0.488621	    0.511379	2
90	-0.0400506854616124	-1.06865465255402	625	90	   -0.258147	    0.771069	   -0.373048	      0.4556	    0.488621	    0.511379	2
90	-0.0128680186272556	1.44404160623233	626	90	   -0.258147	    0.771069	   -0.373048	      0.4556	    0.488621	    0.511379	2
91	1.46047176226119	-1.11806757122809	627	91	   0.0201878	    0.293027	   -0.200078	    0.285952	  0.00350803	    0.996492	2
91	0.75259034317631	-1.37766403472206	628	91	   0.0201878	    0.293027	   -0.200078	    0.285952	  0.00350803	    0.996492	2
91	1.36810511587806	0.43582482688839	629	91	   0.0201878	    0.293027	   -0.200078	    0.285952	  0.00350803	    0.996492	2
91	1.37803771034997	-0.828949721035693	630	91	   0.0201878	    0.293027	   -0.200078	    0.285952	  0.00350803	    0.996492	2
91	0.644350700907412	0.0524979260742502	631	91	   0.0201878	    0.293027	   -0.200078	    0.285952	  0.00350803	    0.996492	2
91	0.575517538225397	-0.00543729649772617	632	91	   0.0201878	    0.293027	   -0.200078	    0.285952	  0.00350803	    0.996492	2
91	0.877825252994973	-1.54436763742821	633	91	   0.0201878	    0.293027	   -0.200078	    0.285952	  0.00350803	    0.996492	2
91	0.153579227032885	-1.1272265240721	634	91	   0.0201878	    0.293027	   -0.200078	    0.285952	  0.00350803	    0.996492	2
92	0.415943804622358	-0.414627437821628	635	92	    0.449886	    0.256261	   -0.330731	    0.263437	  0.00017545	    0.999825	2
92	2.45239639190151	-0.944004713855638	636	92	    0.449886	    0.256261	   -0.330731	    0.263437	  0.00017545	    0.999825	2
92	0.568827244774175	-0.519177775257047	637	92	    0.449886	    0.256261	   -0.330731	    0.263437	  0.00017545	    0.999825	2
92	1.18792624976306	-2.4347648646015	638	92	    0.449886	    0.256261	   -0.330731	    0.263437	  0.00017545	    0.999825	2
92	1.99995983653641	0.114925061953962	639	92	    0.449886	    0.256261	   -0.330731	    0.263437	  0.00017545	    0.999825	2
92	1.49447638411212	-0.897586293992582	640	92	    0.449886	    0.256261	   -0.330731	    0.263437	  0.00017545	    0.999825	2
92	0.984798879903558	-2.03099796246269	641	92	    0.449886	    0.256261	   -0.330731	    0.263437	  0.00017545	    0.999825	2
92	2.28790516578604	1.08575158699816	642	92	    0.449886	    0.256261	   -0.330731	    0.263437	  0.00017545	    0.999825	2
92	0.507832093970721	-0.777523157784423	643	92	    0.449886	    0.256261	   -0.330731	    0.263437	  0.00017545	    0.999825	2
92	2.22121006073821	-1.82055687128113	644	92	    0.449886	    0.256261	   -0.330731	    0.263437	  0.00017545	    0.999825	2
93	-0.0923118406223807	1.67534912440923	645	93	    0.056067	    0.535583	    0.443374	    0.366072	    0.128498	    0.871502	2
93	1.56451985982997	0.100767309839918	646	93	    0.056067	    0.535583	    0.443374	    0.366072	    0.128498	    0.871502	2
93	0.4387743893513	-0.626366936941493	647	93	    0.056067	    0.535583	    0.443374	    0.366072	    0.128498	    0.871502	2
93	1.06896871406672	1.7452829731142	648	93	    0.056067	    0.535583	    0.443374	    0.366072	    0.128498	    0.871502	2
94	-0.166297273104417	0.766456426144499	649	94	   -0.352415	    0.671798	   -0.141568	    0.410748	    0.240379	    0.759621	2
94	-0.141862207669191	-1.4905544721576	650	94	   -0.352415	    0.671798	   -0.141568	    0.410748	    0.240379	    0.759621	2
94	0.777586586998081	-0.0799104746816116	651	94	   -0.352415	    0.671798	   -0.141568	    0.410748	    0.240379	    0.759621	2
94	-1.30915818471037	-0.505005927698494	652	94	   -0.352415	    0.671798	   -0.141568	    0.410748	    0.240379	    0.759621	2
94	0.46796487615376	0.122595147329093	653	94	   -0.352415	    0.671798	   -0.141568	    0.410748	    0.240379	    0.759621	2
94	0.323146443333824	-0.978465371304357	654	94	   -0.352415	    0.671798	   -0.141568	    0.410748	    0.240379	    0.759621	2
95	0.536425742548353	0.944301369106752	655	95	    0.129047	    0.529563	   -0.174068	    0.356244	    0.901279	   0.0987206	1
95	-0.424560818555523	-1.14391025895828	656	95	    0.129047	    0.529563	   -0.174068	    0.356244	    0.901279	   0.0987206	1
95	-0.0142888612732109	1.05889510276054	657	95	    0.129047	    0.529563	   -0.174068	    0.356244	    0.901279	   0.0987206	1
95	-1.10133222648924	-0.694039633418461	658	95	    0.129047	    0.529563	   -0.174068	    0.356244	    0.901279	   0.0987206	1
95	-0.567697768490232	0.932527864779359	659	95	    0.129047	    0.529563	   -0.174068	    0.356244	    0.901279	   0.0987206	1
95	-0.385485495291297	0.228930823152868	660	95	    0.129047	    0.529563	   -0.174068	    0.356244	    0.901279	   0.0987206	1
95	-1.43217191575196	-0.769245407169365	661	95	    0.129047	    0.529563	   -0.174068	    0.356244	    0.901279	   0.0987206	1
95	-1.70879260568318	0.884701907795674	662	95	    0.129047	    0.529563	   -0.174068	    0.356244	    0.901279	   0.0987206	1
96	-1.63695055283038	0.858096521704073	663	96	   -0.323446	    0.292564	   -0.382727	     0.29586	    0.990814	  0.00918589	1
96	-2.18721895756457	0.387105140249551	664	96	   -0.323446	    0.292564	   -0.382727	     0.29586	    0.990814	  0.00918589	1
96	-1.47481314149857	0.150488045792788	665	96	   -0.323446	    0.292564	   -0.382727	     0.29586	    0.990814	  0.00918589	1
96	-1.23657691506618	-1.13669851846825	666	96	   -0.323446	    0.292564	   -0.382727	     0.29586	    0.990814	  0.00918589	1
96	-0.8613471593735	-0.0684255800667765	667	96	   -0.323446	    0.292564	   -0.382727	     0.29586	    0.990814	  0.00918589	1
96	-0.602590994549872	0.920125126669677	668	96	   -0.323446	    0.292564	   -0.382727	     0.29586	    0.990814	  0.00918589	1
96	-0.169986637439268	0.378739231687568	669	96	   -0.323446	    0.292564	   -0.382727	     0.29586	    0.990814	  0.00918589	1
96	-2.57209957438529	-0.932378066479615	670	96	   -0.323446	    0.292564	   -0.382727	     0.29586	    0.990814	  0.00918589	1
96	-1.59901953686345	-0.653719376785055	671	96	   -0.323446	    0.292564	   -0.382727	     0.29586	    0.990814	  0.00918589	1
96	-1.52331161413257	0.0769266608574145	672	96	   -0.323446	    0.292564	   -0.382727	     0.29586	    0.990814	  0.00918589	1
97	-0.294750854059982	-0.274296259155508	673	97	   -0.307352	    0.509101	   -0.168812	    0.386198	   0.0958442	    0.904156	2
97	0.406723141351317	-0.076638525880049	674	97	   -0.307352	    0.509101	   -0.168812	    0.386198	   0.0958442	    0.904156	2
97	0.303913561741321	-2.29237851936286	675	97	   -0.307352	    0.509101	   -0.168812	    0.386198	   0.0958442	    0.904156	2
97	0.667902366871405	0.151220478486305	676	97	   -0.307352	    0.509101	   -0.168812	    0.386198	   0.0958442	    0.904156	2
98	0.702576205516486	1.59202224875715	677	98	    0.129203	    0.463508	    0.630385	     0.32728	   0.0703068	    0.929693	2
98	0.812741754792661	0.38473291048616	678	98	    0.129203	    0.463508	    0.630385	     0.32728	   0.0703068	    0.929693	2
98	1.12696352911391	0.643752803072646	679	98	    0.129203	    0.463508	    0.630385	     0.32728	   0.0703068	    0.929693	2
98	0.897722543056619	0.898715022395724	680	98	    0.129203	    0.463508	    0.630385	     0.32728	   0.0703068	    0.929693	2
98	1.47495109692293	0.91480615475118	681	98	    0.129203	    0.463508	    0.630385	     0.32728	   0.0703068	    0.929693	2
98	0.556501351588754	0.592332241290764	682	98	    0.129203	    0.463508	    0.630385	     0.32728	   0.0703068	    0.929693	2
99	1.54575892399944	0.208085028301821	683	99	    0.347591	    0.281957	   -0.296215	    0.283214	 0.000441075	    0.999559	2
99	1.04223349463817	-1.16672458998847	684	99	    0.347591	    0.281957	   -0.296215	    0.283214	 0.000441075	    0.999559	2
99	1.36056049112053	-0.0107337645531401	685	99	    0.347591	    0.281957	   -0.296215	    0.283214	 0.000441075	    0.999559	2
99	1.93448889955067	-2.2499477920154	686	99	    0.347591	    0.281957	   -0.296215	    0.283214	 0.000441075	    0.999559	2
99	1.2200928473777	-1.91804272491064	687	99	    0.347591	    0.281957	   -0.296215	    0.283214	 0.000441075	    0.999559	2
99	0.599849937420264	-1.51661254841366	688	99	    0.347591	    0.281957	   -0.296215	    0.283214	 0.000441075	    0.999559	2
99	1.43180508748717	-0.22704041411148	689	99	    0.347591	    0.281957	   -0.296215	    0.283214	 0.000441075	    0.999559	2
99	1.32043793446057	0.0911104302336949	690	99	    0.347591	    0.281957	   -0.296215	    0.283214	 0.000441075	    0.999559	2
100	0.127190365197178	-0.843213276230363	691	100	   0.0707185	    0.687116	   -0.277211	    0.384235	    0.792393	    0.207607	1
100	-2.19009922865718	-2.23623522844806	692	100	   0.0707185	    0.687116	   -0.277211	    0.384235	    0.792393	    0.207607	1
100	-1.14103440529651	0.114583233326372	693	100	   0.0707185	    0.687116	   -0.277211	    0.384235	    0.792393	    0.207607	1
100	-0.762975446874547	1.76806187331685	694	100	   0.0707185	    0.687116	   -0.277211	    0.384235	    0.792393	    0.207607	1
100	-0.489497934654872	-1.26749688498676	695	100	   0.0707185	    0.687116	   -0.277211	    0.384235	    0.792393	    0.207607	1
100	-0.0340258458532574	2.10147988493098	696	100	   0.0707185	    0.687116	   -0.277211	    0.384235	    0.792393	    0.207607	1
100	-0.713501595832192	-2.85160562277314	697	100	   0.0707185	    0.687116	   -0.277211	    0.384235	    0.792393	    0.207607	1
100	0.0256462973567603	1.81937192688107	698	100	   0.0707185	    0.687116	   -0.277211	    0.384235	    0.792393	    0.207607	1
100	-0.260892428557994	1.28423292745743	699	100	   0.0707185	    0.687116	   -0.277211	    0.384235	    0.792393	    0.207607	1
100	0.37599944162132	-0.166536762694954	700	100	   0.0707185	    0.687116	   -0.277211	    0.384235	    0.792393	    0.207607	1
101	-2.01607384319038	0.110245136897746	701	101	    -0.10645	    0.482107	   -0.344738	    0.418835	    0.929191	   0.0708086	1
101	0.334738601694307	-0.749440940824443	702	101	    -0.10645	    0.482107	   -0.344738	    0.418835	    0.929191	   0.0708086	1
101	-1.66595826195648	-0.400632867309758	703	101	    -0.10645	    0.482107	   -0.344738	    0.418835	    0.929191	   0.0708086	1
101	-0.751375992041797	0.539458438460397	704	101	    -0.10645	    0.482107	   -0.344738	    0.418835	    0.929191	   0.0708086	1
102	0.00125222110224232	0.337591206074756	705	102	    0.126368	    0.311921	    0.661709	    0.352624	    0.996936	  0.00306428	1
102	-2.94307060944889	1.52036764869433	706	102	    0.126368	    0.311921	    0.661709	    0.352624	    0.996936	  0.00306428	1
102	-0.343505607206912	2.08901123608223	707	102	    0.126368	    0.311921	    0.661709	    0.352624	    0.996936	  0.00306428	1
102	0.827381195585706	1.94432649946715	708	102	    0.126368	    0.311921	    0.661709	    0.352624	    0.996936	  0.00306428	1
102	-1.3206299954683	0.501508626565152	709	102	    0.126368	    0.311921	    0.661709	    0.352624	    0.996936	  0.00306428	1
102	-1.1296017799429	2.00604339162096	710	102	    0.126368	    0.311921	    0.661709	    0.352624	    0.996936	  0.00306428	1
103	-1.4570579004994	-0.139261559239952	711	103	    0.139915	    0.344426	    0.149535	    0.323226	    0.980399	   0.0196013	1
103	-1.54550864858503	1.64752369415359	712	103	    0.139915	    0.344426	    0.149535	    0.323226	    0.980399	   0.0196013	1
103	-0.293760747477119	0.27700278010028	713	103	    0.139915	    0.344426	    0.149535	    0.323226	    0.980399	   0.0196013	1
103	-0.639393232046655	0.403098202514576	714	103	    0.139915	    0.344426	    0.149535	    0.323226	    0.980399	   0.0196013	1
103	-0.0441278224151936	-0.360068403626111	715	103	    0.139915	    0.344426	    0.149535	    0.323226	    0.980399	   0.0196013	1
103	-1.65216045021529	-1.53635473547748	716	103	    0.139915	    0.344426	    0.149535	    0.323226	    0.980399	   0.0196013	1
103	-0.106272865036117	4.32165791813172	717	103	    0.139915	    0.344426	    0.149535	    0.323226	    0.980399	   0.0196013	1
103	-0.503864564365155	0.664063698458138	718	103	    0.139915	    0.344426	    0.149535	    0.323226	    0.980399	   0.0196013	1
104	-0.594560264583273	-0.748331230199916	719	104	   -0.333006	    0.323383	    -0.63627	    0.302098	    0.983383	   0.0166167	1
104	-3.01496620456056	-1.01038037519044	720	104	   -0.333006	    0.323383	    -0.63627	    0.302098	    0.983383	   0.0166167	1
104	-1.37185555243657	-1.38865131482916	721	104	   -0.333006	    0.323383	    -0.63627	    0.302098	    0.983383	   0.0166167	1
104	-1.22703991438686	-1.54832230337341	722	104	   -0.333006	    0.323383	    -0.63627	    0.302098	    0.983383	   0.0166167	1
104	-0.311324799181562	1.4442836176688	723	104	   -0.333006	    0.323383	    -0.63627	    0.302098	    0.983383	   0.0166167	1
104	-0.95091451750135	1.0345545900106	724	104	   -0.333006	    0.323383	    -0.63627	    0.302098	    0.983383	   0.0166167	1
104	-2.19757725633329	-2.82075000412837	725	104	   -0.333006	    0.323383	    -0.63627	    0.302098	    0.983383	   0.0166167	1
104	-1.38300047444822	0.757231599605406	726	104	   -0.333006	    0.323383	    -0.63627	    0.302098	    0.983383	   0.0166167	1
104	-1.32015287915963	1.36245689458205	727	104	   -0.333006	    0.323383	    -0.63627	    0.302098	    0.983383	   0.0166167	1
104	-1.46186107155265	-0.304946175595639	728	104	   -0.333006	    0.323383	    -0.63627	    0.302098	    0.983383	   0.0166167	1
105	0.85138571345144	-0.782838374711546	729	105	   -0.411677	    0.542946	   -0.408435	    0.411852	    0.123815	    0.876185	2
105	0.848205902567006	-1.48710236460241	730	105	   -0.411677	    0.542946	   -0.408435	    0.411852	    0.123815	    0.876185	2
105	-1.52443080746457	0.82864351066802	731	105	   -0.411677	    0.542946	   -0.408435	    0.411852	    0.123815	    0.876185	2
105	0.0993880981344959	-2.96159125372398	732	105	   -0.411677	    0.542946	   -0.408435	    0.411852	    0.123815	    0.876185	2
106	0.476628463173687	-0.0418671424014279	733	106	     0.32534	      0.3166	   -0.207972	    0.308114	 0.000854291	    0.999146	2
106	0.835671528986911	-1.74721923769954	734	106	     0.32534	      0.3166	   -0.207972	    0.308114	 0.000854291	    0.999146	2
106	1.79614080172338	-0.69208943670809	735	106	     0.32534	      0.3166	   -0.207972	    0.308114	 0.000854291	    0.999146	2
106	0.987651024265453	-2.17868760338216	736	106	     0.32534	      0.3166	   -0.207972	    0.308114	 0.000854291	    0.999146	2
106	1.10456596590104	1.68091373517098	737	106	     0.32534	      0.3166	   -0.207972	    0.308114	 0.000854291	    0.999146	2
106	2.61795220761056	-1.51006912854647	738	106	     0.32534	      0.3166	   -0.207972	    0.308114	 0.000854291	    0.999146	2
107	-2.15377028020832	-0.437771574340562	739	107	   -0.123328	    0.295566	     0.11469	    0.318608	    0.994215	  0.00578459	1
107	-1.02848116091109	-0.158772945682931	740	107	   -0.123328	    0.295566	     0.11469	    0.318608	    0.994215	  0.00578459	1
107	-1.16660684420877	1.45598329059266	741	107	   -0.123328	    0.295566	     0.11469	    0.318608	    0.994215	  0.00578459	1
107	-1.96775796925952	-1.50159455539874	742	107	   -0.123328	    0.295566	     0.11469	    0.318608	    0.994215	  0.00578459	1
107	-0.36143430290268	2.08270714348424	743	107	   -0.123328	    0.295566	     0.11469	    0.318608	    0.994215	  0.00578459	1
107	-0.339987252207314	0.713315361170415	744	107	   -0.123328	    0.295566	     0.11469	    0.318608	    0.994215	  0.00578459	1
107	-0.922901506271252	0.82773646973215	745	107	   -0.123328	    0.295566	     0.11469	    0.318608	    0.994215	  0.00578459	1
107	-1.27183251973717	2.005169152394	746	107	   -0.123328	    0.295566	     0.11469	    0.318608	    0.994215	  0.00578459	1
108	-0.179546120830579	1.27415395507877	747	108	    0.417975	    0.713442	    0.314452	    0.364379	    0.755746	    0.244254	1
108	-0.460736158445926	2.03089588213437	748	108	    0.417975	    0.713442	    0.314452	    0.364379	    0.755746	    0.244254	1
108	1.04387389178366	0.556617215622142	749	108	    0.417975	    0.713442	    0.314452	    0.364379	    0.755746	    0.244254	1
108	-0.0502502279943408	2.43415856866169	750	108	    0.417975	    0.713442	    0.314452	    0.364379	    0.755746	    0.244254	1
108	-0.0305047643118345	0.983174860761792	751	108	    0.417975	    0.713442	    0.314452	    0.364379	    0.755746	    0.244254	1
108	1.39307380950945	-0.288489735854737	752	108	    0.417975	    0.713442	    0.314452	    0.364379	    0.755746	    0.244254	1
108	-0.876548257280629	-0.625189814186171	753	108	    0.417975	    0.713442	    0.314452	    0.364379	    0.755746	    0.244254	1
108	1.03616112010907	0.232940773791135	754	108	    0.417975	    0.713442	    0.314452	    0.364379	    0.755746	    0.244254	1
108	-1.25990237902712	1.11072154022814	755	108	    0.417975	    0.713442	    0.314452	    0.364379	    0.755746	    0.244254	1
108	-0.705274839759505	-0.644827968756148	756	108	    0.417975	    0.713442	    0.314452	    0.364379	    0.755746	    0.244254	1
109	1.41525346405101	-1.05653672391755	757	109	    0.661581	    0.365345	   0.0553088	     0.34013	 0.000433154	    0.999567	2
109	0.67847796383314	0.0629473183272347	758	109	    0.661581	    0.365345	   0.0553088	     0.34013	 0.000433154	    0.999567	2
109	2.00005507354866	0.328804931412891	759	109	    0.661581	    0.365345	   0.0553088	     0.34013	 0.000433154	    0.999567	2
109	3.25706374475512	-0.309515876352118	760	109	    0.661581	    0.365345	   0.0553088	     0.34013	 0.000433154	    0.999567	2
110	1.62327724323232	-1.36067418505591	761	110	    0.696271	    0.315296	    0.317148	    0.307628	 0.000390479	     0.99961	2
110	0.355546473365616	0.969346830197231	762	110	    0.696271	    0.315296	    0.317148	    0.307628	 0.000390479	     0.99961	2
110	1.56828246217202	0.353099869496317	763	110	    0.696271	    0.315296	    0.317148	    0.307628	 0.000390479	     0.99961	2
110	3.49308545595916	0.663095898862089	764	110	    0.696271	    0.315296	    0.317148	    0.307628	 0.000390479	     0.99961	2
110	1.25950295710593	-0.517365456569806	765	110	    0.696271	    0.315296	    0.317148	    0.307628	 0.000390479	     0.99961	2
110	2.40864829554685	1.16942906172875	766	110	    0.696271	    0.315296	    0.317148	    0.307628	 0.000390479	     0.99961	2
111	-1.48846635048796	0.217930665119391	767	111	    -0.34245	    0.284595	   0.0085714	    0.317748	    0.996945	  0.00305513	1
111	-1.96391808624068	0.57379496989898	768	111	    -0.34245	    0.284595	   0.0085714	    0.317748	    0.996945	  0.00305513	1
111	-2.42290519607254	2.87868252269171	769	111	    -0.34245	    0.284595	   0.0085714	    0.317748	    0.996945	  0.00305513	1
111	-2.19664254178281	1.78307818844471	770	111	    -0.34245	    0.284595	   0.0085714	    0.317748	    0.996945	  0.00305513	1
111	-1.82726694440607	-0.213165785625323	771	111	    -0.34245	    0.284595	   0.0085714	    0.317748	    0.996945	  0.00305513	1
111	-1.04472136054129	0.567261016963133	772	111	    -0.34245	    0.284595	   0.0085714	    0.317748	    0.996945	  0.00305513	1
111	-0.490692485242619	-0.493655728709421	773	111	    -0.34245	    0.284595	   0.0085714	    0.317748	    0.996945	  0.00305513	1
111	-0.111645880396278	-1.41369181929059	774	111	    -0.34245	    0.284595	   0.0085714	    0.317748	    0.996945	  0.00305513	1
112	0.170319587446946	0.0917377258723722	775	112	   -0.345245	    0.385738	  -0.0606968	    0.294622	   0.0367473	    0.963253	2
112	-0.19186773205552	-0.774493987859447	776	112	   -0.345245	    0.385738	  -0.0606968	    0.294622	   0.0367473	    0.963253	2
112	0.785190269790953	0.191026993586295	777	112	   -0.345245	    0.385738	  -0.0606968	    0.294622	   0.0367473	    0.963253	2
112	-0.297598298469075	-1.52875497996362	778	112	   -0.345245	    0.385738	  -0.0606968	    0.294622	   0.0367473	    0.963253	2
112	1.9491879163355	0.233012956848292	779	112	   -0.345245	    0.385738	  -0.0606968	    0.294622	   0.0367473	    0.963253	2
112	1.71293427279662	-0.764389423402726	780	112	   -0.345245	    0.385738	  -0.0606968	    0.294622	   0.0367473	    0.963253	2
112	0.0667632703990471	0.0649114620836931	781	112	   -0.345245	    0.385738	  -0.0606968	    0.294622	   0.0367473	    0.963253	2
112	1.98243387053647	-1.31416364745963	782	112	   -0.345245	    0.385738	  -0.0606968	    0.294622	   0.0367473	    0.963253	2
112	-1.14054336215952	0.0735465709267309	783	112	   -0.345245	    0.385738	  -0.0606968	    0.294622	   0.0367473	    0.963253	2
112	-0.938087521241485	-0.484383043501296	784	112	   -0.345245	    0.385738	  -0.0606968	    0.294622	   0.0367473	    0.963253	2
113	-0.547795621436851	-1.53625334917867	785	113	    -0.44614	    0.517465	    -0.63228	    0.415472	    0.100324	    0.899676	2
113	0.335973517982168	-2.13800335707716	786	113	    -0.44614	    0.517465	    -0.63228	    0.415472	    0.100324	    0.899676	2
113	0.803688643693966	-2.46545327956994	787	113	    -0.44614	    0.517465	    -0.63228	    0.415472	    0.100324	    0.899676	2
113	-0.350123055406132	-0.330397637624636	788	113	    -0.44614	    0.517465	    -0.63228	    0.415472	    0.100324	    0.899676	2
114	-0.35178613803273	0.886927161866844	789	114	    0.482617	    0.406954	    0.550231	    0.356632	    0.960935	   0.0390645	1
114	-0.0678891555389407	1.06663844024912	790	114	    0.482617	    0.406954	    0.550231	    0.356632	    0.960935	   0.0390645	1
114	-0.302006822415401	1.43604825369122	791	114	    0.482617	    0.406954	    0.550231	    0.356632	    0.960935	   0.0390645	1
114	0.207689115896553	2.31401612541039	792	114	    0.482617	    0.406954	    0.550231	    0.356632	    0.960935	   0.0390645	1
114	-0.118728933836236	1.99982761951581	793	114	    0.482617	    0.406954	    0.550231	    0.356632	    0.960935	   0.0390645	1
114	-0.837917654917793	-0.338635829737141	794	114	    0.482617	    0.406954	    0.550231	    0.356632	    0.960935	   0.0390645	1
115	-0.648962913558766	0.0594894636319258	795	115	    0.186391	    0.325812	    0.286988	    0.320823	    0.985849	   0.0141509	1
115	1.80700404168147	0.773518205610226	796	115	    0.186391	    0.325812	    0.286988	    0.320823	    0.985849	   0.0141509	1
115	-1.28315693944748	0.667060341092514	797	115	    0.186391	    0.325812	    0.286988	    0.320823	    0.985849	   0.0141509	1
115	-1.87989083897668	1.22952921106772	798	115	    0.186391	    0.325812	    0.286988	    0.320823	    0.985849	   0.0141509	1
115	-1.57155437750136	-0.204543353967003	799	115	    0.186391	    0.325812	    0.286988	    0.320823	    0.985849	   0.0141509	1
115	-0.28331488602702	1.72150791662083	800	115	    0.186391	    0.325812	    0.286988	    0.320823	    0.985849	   0.0141509	1
115	-0.430960138643026	1.56498093227161	801	115	    0.186391	    0.325812	    0.286988	    0.320823	    0.985849	   0.0141509	1
115	-1.55320182367073	0.923017526833164	802	115	    0.186391	    0.325812	    0.286988	    0.320823	    0.985849	   0.0141509	1
116	-0.933192960301499	1.11495377766979	803	116	    0.364711	    0.398916	    0.237046	    0.307009	    0.959173	   0.0408266	1
116	-0.627978023566664	0.681753256276111	804	116	    0.364711	    0.398916	    0.237046	    0.307009	    0.959173	   0.0408266	1
116	0.735375220800393	0.113301693768046	805	116	    0.364711	    0.398916	    0.237046	    0.307009	    0.959173	   0.0408266	1
116	0.40572097068998	0.259259002048587	806	116	    0.364711	    0.398916	    0.237046	    0.307009	    0.959173	   0.0408266	1
116	-1.60878413370839	0.181126097717445	807	116	    0.364711	    0.398916	    0.237046	    0.307009	    0.959173	   0.0408266	1
116	-1.24355620734346	1.45915172456594	808	116	    0.364711	    0.398916	    0.237046	    0.307009	    0.959173	   0.0408266	1
116	1.01484872321446	1.05270445062852	809	116	    0.364711	    0.398916	    0.237046	    0.307009	    0.959173	   0.0408266	1
116	0.144160042907832	-0.053308760444549	810	116	    0.364711	    0.398916	    0.237046	    0.307009	    0.959173	   0.0408266	1
116	-1.29026116485723	1.57082808925135	811	116	    0.364711	    0.398916	    0.237046	    0.307009	    0.959173	   0.0408266	1
116	-1.27692881257115	1.07025084870983	812	116	    0.364711	    0.398916	    0.237046	    0.307009	    0.959173	   0.0408266	1
117	-0.846106542144851	0.713912480258699	813	117	   -0.559281	    0.370017	   -0.559143	     0.40678	    0.990471	  0.00952906	1
117	-2.17716797772005	-0.540300817962824	814	117	   -0.559281	    0.370017	   -0.559143	     0.40678	    0.990471	  0.00952906	1
117	-2.45577194135924	-0.372063832481763	815	117	   -0.559281	    0.370017	   -0.559143	     0.40678	    0.990471	  0.00952906	1
117	-2.05291668426609	-1.47988535203139	816	117	   -0.559281	    0.370017	   -0.559143	     0.40678	    0.990471	  0.00952906	1
118	0.671857521128799	1.47298026642317	817	118	    0.393671	    0.618096	    0.320719	    0.378005	    0.819123	    0.180877	1
118	-0.986398737193575	0.337660703596167	818	118	    0.393671	    0.618096	    0.320719	    0.378005	    0.819123	    0.180877	1
118	0.469673086421707	0.793434874703479	819	118	    0.393671	    0.618096	    0.320719	    0.378005	    0.819123	    0.180877	1
118	-0.0546773843514998	1.35451681553607	820	118	    0.393671	    0.618096	    0.320719	    0.378005	    0.819123	    0.180877	1
118	0.0786414478825304	0.3536502725087	821	118	    0.393671	    0.618096	    0.320719	    0.378005	    0.819123	    0.180877	1
118	-0.728803537287623	0.631507394781782	822	118	    0.393671	    0.618096	    0.320719	    0.378005	    0.819123	    0.180877	1
119	-0.90859031908685	2.11577076642659	823	119	    0.133096	    0.271417	     1.31227	    0.316534	    0.999933	  6.7089e-05	1
119	0.543005778278716	3.58502604416373	824	119	    0.133096	    0.271417	     1.31227	    0.316534	    0.999933	  6.7089e-05	1
119	-1.2560777474615	2.19190710421443	825	119	    0.133096	    0.271417	     1.31227	    0.316534	    0.999933	  6.7089e-05	1
119	-1.38957334195604	1.62774712315378	826	119	    0.133096	    0.271417	     1.31227	    0.316534	    0.999933	  6.7089e-05	1
119	0.228402029098802	3.57792376626135	827	119	    0.133096	    0.271417	     1.31227	    0.316534	    0.999933	  6.7089e-05	1
119	0.146025443962475	1.98226634858377	828	119	    0.133096	    0.271417	     1.31227	    0.316534	    0.999933	  6.7089e-05	1
119	-0.430653012145139	0.638930086800202	829	119	    0.133096	    0.271417	     1.31227	    0.316534	    0.999933	  6.7089e-05	1
119	-3.55839709511213	1.71088051205474	830	119	    0.133096	    0.271417	     1.31227	    0.316534	    0.999933	  6.7089e-05	1
120	2.00522608466609	-2.27336457368916	831	120	   -0.239232	    0.287414	   -0.661563	     0.27295	  0.00756313	    0.992437	2
120	1.38962317346461	-0.974745116945424	832	120	   -0.239232	    0.287414	   -0.661563	     0.27295	  0.00756313	    0.992437	2
120	0.0477148639811279	-0.886480052712721	833	120	   -0.239232	    0.287414	   -0.661563	     0.27295	  0.00756313	    0.992437	2
120	0.216688395316297	-2.78877768886036	834	120	   -0.239232	    0.287414	   -0.661563	     0.27295	  0.00756313	    0.992437	2
120	-0.886963245511135	0.279356107746656	835	120	   -0.239232	    0.287414	   -0.661563	     0.27295	  0.00756313	    0.992437	2
120	0.530436991328303	-0.631348395129222	836	120	   -0.239232	    0.287414	   -0.661563	     0.27295	  0.00756313	    0.992437	2
120	-0.204295307436312	-1.11971633325746	837	120	   -0.239232	    0.287414	   -0.661563	     0.27295	  0.00756313	    0.992437	2
120	1.16174932752972	-1.56979000571562	838	120	   -0.239232	    0.287414	   -0.661563	     0.27295	  0.00756313	    0.992437	2
120	0.825727151143207	-1.59377177715947	839	120	   -0.239232	    0.287414	   -0.661563	     0.27295	  0.00756313	    0.992437	2
120	0.786546425618402	-1.9470807290409	840	120	   -0.239232	    0.287414	   -0.661563	     0.27295	  0.00756313	    0.992437	2
121	-0.519958545600096	0.058557660466157	841	121	   -0.139477	    0.654081	    0.110375	    0.408814	    0.278698	    0.721302	2
121	0.0610822784592797	-0.271048030844155	842	121	   -0.139477	    0.654081	    0.110375	    0.408814	    0.278698	    0.721302	2
121	0.769447916544298	0.603677652789789	843	121	   -0.139477	    0.654081	    0.110375	    0.408814	    0.278698	    0.721302	2
121	0.452094633484743	0.220959010355207	844	121	   -0.139477	    0.654081	    0.110375	    0.408814	    0.278698	    0.721302	2
122	0.813231367267471	0.525960058375769	845	122	   -0.304548	    0.558946	   0.0329119	    0.368283	    0.130154	    0.869846	2
122	1.09249795232405	-1.08577055411053	846	122	   -0.304548	    0.558946	   0.0329119	    0.368283	    0.130154	    0.869846	2
122	0.697420079204782	-0.842080428534257	847	122	   -0.304548	    0.558946	   0.0329119	    0.368283	    0.130154	    0.869846	2
122	0.985043804131595	0.404685737410611	848	122	   -0.304548	    0.558946	   0.0329119	    0.368283	    0.130154	    0.869846	2
122	-1.10368750305497	-0.00905826819101652	849	122	   -0.304548	    0.558946	   0.0329119	    0.368283	    0.130154	    0.869846	2
122	-0.950046757552393	-0.0218258518072022	850	122	   -0.304548	    0.558946	   0.0329119	    0.368283	    0.130154	    0.869846	2
123	-1.06432979075611	2.75522069665207	851	123	    0.569956	    0.302468	    0.844599	    0.317831	     0.99199	  0.00801018	1
123	-1.63296678175684	1.02796861120017	852	123	    0.569956	    0.302468	    0.844599	    0.317831	     0.99199	  0.00801018	1
123	0.290950999818843	2.02162283650339	853	123	    0.569956	    0.302468	    0.844599	    0.317831	     0.99199	  0.00801018	1
123	1.42529220583323	1.70110351811641	854	123	    0.569956	    0.302468	    0.844599	    0.317831	     0.99199	  0.00801018	1
123	-0.996587100293152	0.305789931555848	855	123	    0.569956	    0.302468	    0.844599	    0.317831	     0.99199	  0.00801018	1
123	0.10754555954615	0.566983924319275	856	123	    0.569956	    0.302468	    0.844599	    0.317831	     0.99199	  0.00801018	1
123	0.403910325463097	2.47838211997625	857	123	    0.569956	    0.302468	    0.844599	    0.317831	     0.99199	  0.00801018	1
123	-0.469904792685401	1.69654920745609	858	123	    0.569956	    0.302468	    0.844599	    0.317831	     0.99199	  0.00801018	1
124	0.226539768708244	0.535240511159814	859	124	   -0.401604	    0.732613	   -0.168774	     0.40466	    0.264474	    0.735526	2
124	0.439845028887476	-0.0773441889998035	860	124	   -0.401604	    0.732613	   -0.168774	     0.40466	    0.264474	    0.735526	2
124	1.10858414852803	-0.87723870481219	861	124	   -0.401604	    0.732613	   -0.168774	     0.40466	    0.264474	    0.735526	2
124	-0.941607000231454	-0.0244444819830152	862	124	   -0.401604	    0.732613	   -0.168774	     0.40466	    0.264474	    0.735526	2
124	-1.08109363872223	0.257678702581334	863	124	   -0.401604	    0.732613	   -0.168774	     0.40466	    0.264474	    0.735526	2
124	0.600788851861695	-1.43786684807679	864	124	   -0.401604	    0.732613	   -0.168774	     0.40466	    0.264474	    0.735526	2
124	-1.11292076272589	-0.8379477419586	865	124	   -0.401604	    0.732613	   -0.168774	     0.40466	    0.264474	    0.735526	2
124	0.232572859069209	-0.328928973628334	866	124	   -0.401604	    0.732613	   -0.168774	     0.40466	    0.264474	    0.735526	2
124	0.0758685096629556	-0.217944652140872	867	124	   -0.401604	    0.732613	   -0.168774	     0.40466	    0.264474	    0.735526	2
124	-0.301395635722698	-0.499639880383941	868	124	   -0.401604	    0.732613	   -0.168774	     0.40466	    0.264474	    0.735526	2
125	1.73774133288441	-0.319584841792166	869	125	    0.398816	    0.369227	    0.147629	    0.340994	   0.0026859	    0.997314	2
125	0.0605615355355889	-0.598575395419691	870	125	    0.398816	    0.369227	    0.147629	    0.340994	   0.0026859	    0.997314	2
125	2.09457799792432	-0.350906100217297	871	125	    0.398816	    0.369227	    0.147629	    0.340994	   0.0026859	    0.997314	2
125	1.92509622256657	1.1339330836327	872	125	    0.398816	    0.369227	    0.147629	    0.340994	   0.0026859	    0.997314	2
126	0.484719874328922	-1.98615285091454	873	126	    0.192083	    0.317681	   -0.498464	    0.308675	  0.00123877	    0.998761	2
126	1.38991526778092	-4.04272533226652	874	126	    0.192083	    0.317681	   -0.498464	    0.308675	  0.00123877	    0.998761	2
126	1.33698328396287	0.073794944148772	875	126	    0.192083	    0.317681	   -0.498464	    0.308675	  0.00123877	    0.998761	2
126	1.62587693925031	0.502845792604101	876	126	    0.192083	    0.317681	   -0.498464	    0.308675	  0.00123877	    0.998761	2
126	2.75072561414698	-1.70339603352167	877	126	    0.192083	    0.317681	   -0.498464	    0.308675	  0.00123877	    0.998761	2
126	-0.8100556709856	-0.521267019944283	878	126	    0.192083	    0.317681	   -0.498464	    0.308675	  0.00123877	    0.998761	2
127	-0.0206502507464639	-1.9739976515399	879	127	   -0.491327	    0.713095	   -0.454201	    0.430058	    0.258646	    0.741354	2
127	-0.425143909152886	-0.270272978328959	880	127	   -0.491327	    0.713095	   -0.454201	    0.430058	    0.258646	    0.741354	2
127	-1.58325302345268	-1.15063735563974	881	127	   -0.491327	    0.713095	   -0.454201	    0.430058	    0.258646	    0.741354	2
127	-1.08400783985986	-0.934450152257163	882	127	   -0.491327	    0.713095	   -0.454201	    0.430058	    0.258646	    0.741354	2
127	0.171260938947464	-0.816218877972101	883	127	   -0.491327	    0.713095	   -0.454201	    0.430058	    0.258646	    0.741354	2
127	-0.785781765027729	-0.322512199157726	884	127	   -0.491327	    0.713095	   -0.454201	    0.430058	    0.258646	    0.741354	2
127	1.30359249209657	0.114471590417331	885	127	   -0.491327	    0.713095	   -0.454201	    0.430058	    0.258646	    0.741354	2
127	0.890299631772735	-1.06945685741758	886	127	   -0.491327	    0.713095	   -0.454201	    0.430058	    0.258646	    0.741354	2
128	0.686804231876458	-0.835945619366623	887	128	    0.833869	    0.255476	   -0.356989	     0.26326	 1.55586e-05	    0.999984	2
128	1.2560539312551	-1.54741035406159	888	128	    0.833869	    0.255476	   -0.356989	     0.26326	 1.55586e-05	    0.999984	2
128	1.42625503155333	-1.72452528141347	889	128	    0.833869	    0.255476	   -0.356989	     0.26326	 1.55586e-05	    0.999984	2
128	2.25043698335928	-0.0970465405705503	890	128	    0.833869	    0.255476	   -0.356989	     0.26326	 1.55586e-05	    0.999984	2
128	1.29397853254498	-1.64885083040485	891	128	    0.833869	    0.255476	   -0.356989	     0.26326	 1.55586e-05	    0.999984	2
128	1.9075908933645	-1.55397827450995	892	128	    0.833869	    0.255476	   -0.356989	     0.26326	 1.55586e-05	    0.999984	2
128	2.64633962627281	-0.413400653662807	893	128	    0.833869	    0.255476	   -0.356989	     0.26326	 1.55586e-05	    0.999984	2
128	1.45986432942882	-1.12707760430296	894	128	    0.833869	    0.255476	   -0.356989	     0.26326	 1.55586e-05	    0.999984	2
128	2.52101807913189	-0.165904968746708	895	128	    0.833869	    0.255476	   -0.356989	     0.26326	 1.55586e-05	    0.999984	2
128	3.19781650473024	0.0802108806377994	896	128	    0.833869	    0.255476	   -0.356989	     0.26326	 1.55586e-05	    0.999984	2
129	0.955016527164568	0.183760304121216	897	129	    0.354152	    0.472246	    0.435725	    0.405044	    0.929533	   0.0704673	1
129	-1.18820710258929	2.12488899205211	898	129	    0.354152	    0.472246	    0.435725	    0.405044	    0.929533	   0.0704673	1
129	-0.246690793628855	0.792738583949081	899	129	    0.354152	    0.472246	    0.435725	    0.405044	    0.929533	   0.0704673	1
129	-0.675045245608292	1.47191789244616	900	129	    0.354152	    0.472246	    0.435725	    0.405044	    0.929533	   0.0704673	1
130	1.45275631107444	-0.274668744013841	901	130	   0.0857674	    0.323456	   -0.221748	    0.310059	  0.00332531	    0.996675	2
130	1.41989208992478	-2.25750655440256	902	130	   0.0857674	    0.323456	   -0.221748	    0.310059	  0.00332531	    0.996675	2
130	1.29470612819158	-0.0748693485197044	903	130	   0.0857674	    0.323456	   -0.221748	    0.310059	  0.00332531	    0.996675	2
130	-0.784999148126995	-0.0431269974036963	904	130	   0.0857674	    0.323456	   -0.221748	    0.310059	  0.00332531	    0.996675	2
130	1.60978465025192	0.111808937259556	905	130	   0.0857674	    0.323456	   -0.221748	    0.310059	  0.00332531	    0.996675	2
130	0.937432742665572	-2.0836353915922	906	130	   0.0857674	    0.323456	   -0.221748	    0.310059	  0.00332531	    0.996675	2
131	2.43415662514952	-1.64234971621261	907	131	    0.677394	    0.280491	   -0.681606	    0.282838	 4.28107e-05	    0.999957	2
131	1.86618194550055	-1.19019658011941	908	131	    0.677394	    0.280491	   -0.681606	    0.282838	 4.28107e-05	    0.999957	2
131	3.73076409596745	-2.47943275866798	909	131	    0.677394	    0.280491	   -0.681606	    0.282838	 4.28107e-05	    0.999957	2
131	1.28412664526338	-0.0380635109186707	910	131	    0.677394	    0.280491	   -0.681606	    0.282838	 4.28107e-05	    0.999957	2
131	1.51805694872243	-2.23062707946315	911	131	    0.677394	    0.280491	   -0.681606	    0.282838	 4.28107e-05	    0.999957	2
131	1.47086658068928	-1.24879437121229	912	131	    0.677394	    0.280491	   -0.681606	    0.282838	 4.28107e-05	    0.999957	2
131	1.88048398032799	-2.66575804039578	913	131	    0.677394	    0.280491	   -0.681606	    0.282838	 4.28107e-05	    0.999957	2
131	-0.499019124084977	-0.303909027767072	914	131	    0.677394	    0.280491	   -0.681606	    0.282838	 4.28107e-05	    0.999957	2
132	1.7984601633213	-1.53503321775484	915	132	    0.502822	    0.256449	    0.115523	     0.26351	 0.000312002	    0.999688	2
132	1.79754542843111	-1.87117114617477	916	132	    0.502822	    0.256449	    0.115523	     0.26351	 0.000312002	    0.999688	2
132	0.828428731942897	0.0368879528523571	917	132	    0.502822	    0.256449	    0.115523	     0.26351	 0.000312002	    0.999688	2
132	3.2711683067356	0.404836044535463	918	132	    0.502822	    0.256449	    0.115523	     0.26351	 0.000312002	    0.999688	2
132	0.101902514488675	1.82350668363248	919	132	    0.502822	    0.256449	    0.115523	     0.26351	 0.000312002	    0.999688	2
132	1.97403872406952	-1.13973283548809	920	132	    0.502822	    0.256449	    0.115523	     0.26351	 0.000312002	    0.999688	2
132	1.89299624020074	0.207401871383843	921	132	    0.502822	    0.256449	    0.115523	     0.26351	 0.000312002	    0.999688	2
132	0.942717462832434	-0.347578251753985	922	132	    0.502822	    0.256449	    0.115523	     0.26351	 0.000312002	    0.999688	2
132	1.68868683055889	0.711032569570098	923	132	    0.502822	    0.256449	    0.115523	     0.26351	 0.000312002	    0.999688	2
132	0.446852169287566	-0.239099703112669	924	132	    0.502822	    0.256449	    0.115523	     0.26351	 0.000312002	    0.999688	2
133	-1.22621515028186	-0.280972615828342	925	133	   -0.436084	    0.372115	   -0.345719	    0.406274	    0.989405	   0.0105945	1
133	-2.23971532628405	-0.698045041867751	926	133	   -0.436084	    0.372115	   -0.345719	    0.406274	    0.989405	   0.0105945	1
133	-1.10383874125134	-0.421889721964258	927	133	   -0.436084	    0.372115	   -0.345719	    0.406274	    0.989405	   0.0105945	1
133	-2.15919130554015	1.08172032463888	928	133	   -0.436084	    0.372115	   -0.345719	    0.406274	    0.989405	   0.0105945	1
134	-0.0454897020943024	1.61790885616632	929	134	  -0.0148234	    0.399248	    0.339652	    0.322245	   0.0349663	    0.965034	2
134	0.913659253913756	0.959442996738078	930	134	  -0.0148234	    0.399248	    0.339652	    0.322245	   0.0349663	    0.965034	2
134	-0.150956317097565	0.870215418938253	931	134	  -0.0148234	    0.399248	    0.339652	    0.322245	   0.0349663	    0.965034	2
134	1.0079890977452	0.281624722728926	932	134	  -0.0148234	    0.399248	    0.339652	    0.322245	   0.0349663	    0.965034	2
134	1.31585903831438	0.479529709536169	933	134	  -0.0148234	    0.399248	    0.339652	    0.322245	   0.0349663	    0.965034	2
134	1.77529918875716	-2.49633338590795	934	134	  -0.0148234	    0.399248	    0.339652	    0.322245	   0.0349663	    0.965034	2
135	-0.959724048728556	-1.03583770456939	935	135	   0.0530519	    0.376844	  -0.0785511	    0.328737	    0.970119	   0.0298811	1
135	-1.84609356374415	0.516970775010812	936	135	   0.0530519	    0.376844	  -0.0785511	    0.328737	    0.970119	   0.0298811	1
135	-0.439420695787516	1.78632751836523	937	135	   0.0530519	    0.376844	  -0.0785511	    0.328737	    0.970119	   0.0298811	1
135	-0.997300210794638	1.30440041442428	938	135	   0.0530519	    0.376844	  -0.0785511	    0.328737	    0.970119	   0.0298811	1
135	-1.61643353404012	0.0358019368179965	939	135	   0.0530519	    0.376844	  -0.0785511	    0.328737	    0.970119	   0.0298811	1
135	-1.11235913902804	-0.863530170825635	940	135	   0.0530519	    0.376844	  -0.0785511	    0.328737	    0.970119	   0.0298811	1
135	-1.17917954535436	0.747609501296471	941	135	   0.0530519	    0.376844	  -0.0785511	    0.328737	    0.970119	   0.0298811	1
135	1.16659599484329	0.354408225021791	942	135	   0.0530519	    0.376844	  -0.0785511	    0.328737	    0.970119	   0.0298811	1
136	1.08688005638636	0.235144743349084	943	136	    0.485501	    0.255979	   -0.191926	    0.263422	 0.000174949	    0.999825	2
136	1.84351003047686	-2.75886741473379	944	136	    0.485501	    0.255979	   -0.191926	    0.263422	 0.000174949	    0.999825	2
136	2.33865860562591	-3.34652540528333	945	136	    0.485501	    0.255979	   -0.191926	    0.263422	 0.000174949	    0.999825	2
136	1.11020374757157	-1.07781967040436	946	136	    0.485501	    0.255979	   -0.191926	    0.263422	 0.000174949	    0.999825	2
136	1.81886365738789	1.30098595987025	947	136	    0.485501	    0.255979	   -0.191926	    0.263422	 0.000174949	    0.999825	2
136	0.741300473319082	0.113303392011272	948	136	    0.485501	    0.255979	   -0.191926	    0.263422	 0.000174949	    0.999825	2
136	1.21649551067776	-0.462017585137285	949	136	    0.485501	    0.255979	   -0.191926	    0.263422	 0.000174949	    0.999825	2
136	1.58060546206108	-0.450479812258056	950	136	    0.485501	    0.255979	   -0.191926	    0.263422	 0.000174949	    0.999825	2
136	1.75874166404887	-0.876526731206835	951	136	    0.485501	    0.255979	   -0.191926	    0.263422	 0.000174949	    0.999825	2
136	1.04558117267416	0.764582534922479	952	136	    0.485501	    0.255979	   -0.191926	    0.263422	 0.000174949	    0.999825	2
137	-1.97223771640227	-0.0877382524488028	953	137	  -0.0747441	    0.435207	   -0.146843	    0.410482	    0.957394	   0.0426057	1
137	-1.77498837455242	0.560750916093968	954	137	  -0.0747441	    0.435207	   -0.146843	    0.410482	    0.957394	   0.0426057	1
137	-0.222014463822923	1.27507208195119	955	137	  -0.0747441	    0.435207	   -0.146843	    0.410482	    0.957394	   0.0426057	1
137	-0.162466479222592	-0.884200538768737	956	137	  -0.0747441	    0.435207	   -0.146843	    0.410482	    0.957394	   0.0426057	1
138	-1.93757722700573	-0.802143791317725	957	138	   -0.312344	    0.439244	   -0.106323	    0.340787	   0.0532923	    0.946708	2
138	1.51576766804224	1.49702907171847	958	138	   -0.312344	    0.439244	   -0.106323	    0.340787	   0.0532923	    0.946708	2
138	0.886397827450813	-0.728648311494148	959	138	   -0.312344	    0.439244	   -0.106323	    0.340787	   0.0532923	    0.946708	2
138	1.08268351423597	-0.536159475514563	960	138	   -0.312344	    0.439244	   -0.106323	    0.340787	   0.0532923	    0.946708	2
138	0.508048299605237	-2.86125720168893	961	138	   -0.312344	    0.439244	   -0.106323	    0.340787	   0.0532923	    0.946708	2
138	0.244914575113549	0.421782779333593	962	138	   -0.312344	    0.439244	   -0.106323	    0.340787	   0.0532923	    0.946708	2
139	1.83605669820941	-2.0869135450205	963	139	    0.729299	    0.280561	   -0.217721	    0.282831	 4.92324e-05	    0.999951	2
139	1.48431521104653	-0.457662870527971	964	139	    0.729299	    0.280561	   -0.217721	    0.282831	 4.92324e-05	    0.999951	2
139	2.68941498129562	-0.212678161682621	965	139	    0.729299	    0.280561	   -0.217721	    0.282831	 4.92324e-05	    0.999951	2
139	0.737304831728964	-1.62141909646743	966	139	    0.729299	    0.280561	   -0.217721	    0.282831	 4.92324e-05	    0.999951	2
139	1.46845855637993	-0.943466361055175	967	139	    0.729299	    0.280561	   -0.217721	    0.282831	 4.92324e-05	    0.999951	2
139	1.64602768745378	-0.531255845340211	968	139	    0.729299	    0.280561	   -0.217721	    0.282831	 4.92324e-05	    0.999951	2
139	2.3227557540887	1.04696240864729	969	139	    0.729299	    0.280561	   -0.217721	    0.282831	 4.92324e-05	    0.999951	2
139	2.00842303072497	-0.967702646263343	970	139	    0.729299	    0.280561	   -0.217721	    0.282831	 4.92324e-05	    0.999951	2
140	-1.15763042787753	1.67569041191759	971	140	   -0.466344	    0.252734	    0.171539	    0.290149	    0.999173	 0.000827206	1
140	-3.63725884013241	1.36442655589054	972	140	   -0.466344	    0.252734	    0.171539	    0.290149	    0.999173	 0.000827206	1
140	-0.811969538152987	0.246453179234901	973	140	   -0.466344	    0.252734	    0.171539	    0.290149	    0.999173	 0.000827206	1
140	-2.07838044979357	-0.605021307520803	974	140	   -0.466344	    0.252734	    0.171539	    0.290149	    0.999173	 0.000827206	1
140	-2.52151608539815	0.0862602516453101	975	140	   -0.466344	    0.252734	    0.171539	    0.290149	    0.999173	 0.000827206	1
140	-1.3010303308302	-0.152200942964724	976	140	   -0.466344	    0.252734	    0.171539	    0.290149	    0.999173	 0.000827206	1
140	-1.6256635834096	0.920685044385773	977	140	   -0.466344	    0.252734	    0.171539	    0.290149	    0.999173	 0.000827206	1
140	-1.16255782392395	1.36300410254036	978	140	   -0.466344	    0.252734	    0.171539	    0.290149	    0.999173	 0.000827206	1
140	-1.18904823766031	1.30014598476815	979	140	   -0.466344	    0.252734	    0.171539	    0.290149	    0.999173	 0.000827206	1
140	-0.326209527442009	0.701068267436514	980	140	   -0.466344	    0.252734	    0.171539	    0.290149	    0.999173	 0.000827206	1
141	-0.972875124433231	0.203914284154807	981	141	   -0.345551	    0.360673	   0.0163864	    0.404605	    0.993932	  0.00606802	1
141	-2.36604548683515	0.13723716922286	982	141	   -0.345551	    0.360673	   0.0163864	    0.404605	    0.993932	  0.00606802	1
141	-2.72543284247951	-0.912810614640355	983	141	   -0.345551	    0.360673	   0.0163864	    0.404605	    0.993932	  0.00606802	1
141	-0.120613419446754	2.57550465038208	984	141	   -0.345551	    0.360673	   0.0163864	    0.404605	    0.993932	  0.00606802	1
142	-1.73059918507468	2.30811291845849	985	142	   -0.541541	    0.301612	     1.02286	    0.352351	    0.999974	 2.62831e-05	1
142	-1.60104867703628	2.23472479522909	986	142	   -0.541541	    0.301612	     1.02286	    0.352351	    0.999974	 2.62831e-05	1
142	-2.03361798686755	1.97487002884322	987	142	   -0.541541	    0.301612	     1.02286	    0.352351	    0.999974	 2.62831e-05	1
142	-2.10842109955864	0.423113290271858	988	142	   -0.541541	    0.301612	     1.02286	    0.352351	    0.999974	 2.62831e-05	1
142	-2.18808905708319	2.06498840649434	989	142	   -0.541541	    0.301612	     1.02286	    0.352351	    0.999974	 2.62831e-05	1
142	-0.927073594167848	2.42210313663893	990	142	   -0.541541	    0.301612	     1.02286	    0.352351	    0.999974	 2.62831e-05	1
143	0.370502591289876	0.834015517708884	991	143	   -0.417871	    0.542892	   -0.102115	    0.354112	    0.111264	    0.888736	2
143	2.49624906624831	-1.33865694523575	992	143	   -0.417871	    0.542892	   -0.102115	    0.354112	    0.111264	    0.888736	2
143	-0.109080813617673	-0.131092403374754	993	143	   -0.417871	    0.542892	   -0.102115	    0.354112	    0.111264	    0.888736	2
143	0.995323291309789	0.464041661389534	994	143	   -0.417871	    0.542892	   -0.102115	    0.354112	    0.111264	    0.888736	2
143	-0.72611412107616	-0.898362246894338	995	143	   -0.417871	    0.542892	   -0.102115	    0.354112	    0.111264	    0.888736	2
143	-0.739050066244176	-0.233426921274835	996	143	   -0.417871	    0.542892	   -0.102115	    0.354112	    0.111264	    0.888736	2
143	-0.658005643107743	-1.73102678366868	997	143	   -0.417871	    0.542892	   -0.102115	    0.354112	    0.111264	    0.888736	2
143	-0.263798267113695	-0.283669144806197	998	143	   -0.417871	    0.542892	   -0.102115	    0.354112	    0.111264	    0.888736	2
144	1.35661827858151	-1.48380239656354	999	144	    0.660194	    0.255636	   -0.589906	    0.263291	 3.77121e-05	    0.999962	2
144	0.979592470834709	-1.96361422216061	1000	144	    0.660194	    0.255636	   -0.589906	    0.263291	 3.77121e-05	    0.999962	2
144	0.794715344239818	-1.76964616754708	1001	144	    0.660194	    0.255636	   -0.589906	    0.263291	 3.77121e-05	    0.999962	2
144	0.412426573314606	-2.22698514221683	1002	144	    0.660194	    0.255636	   -0.589906	    0.263291	 3.77121e-05	    0.999962	2
144	1.31706586560385	-1.23849927330631	1003	144	    0.660194	    0.255636	   -0.589906	    0.263291	 3.77121e-05	    0.999962	2
144	1.38742418626431	-0.654223742038767	1004	144	    0.660194	    0.255636	   -0.589906	    0.263291	 3.77121e-05	    0.999962	2
144	3.03346221914865	-0.651023564028127	1005	144	    0.660194	    0.255636	   -0.589906	    0.263291	 3.77121e-05	    0.999962	2
144	2.31352726697088	-1.54995736709572	1006	144	    0.660194	    0.255636	   -0.589906	    0.263291	 3.77121e-05	    0.999962	2
144	2.30649032211791	-0.582945202197884	1007	144	    0.660194	    0.255636	   -0.589906	    0.263291	 3.77121e-05	    0.999962	2
144	2.70437090398675	-0.403930434911056	1008	144	    0.660194	    0.255636	   -0.589906	    0.263291	 3.77121e-05	    0.999962	2
145	-0.480472406715819	-0.401655544110712	1009	145	   -0.243231	    0.716424	   -0.563587	    0.483642	    0.603796	    0.396204	1
145	-0.547554312875948	0.543997983506879	1010	145	   -0.243231	    0.716424	   -0.563587	    0.483642	    0.603796	    0.396204	1
145	-0.312333472230335	-2.7087046745226	1011	145	   -0.243231	    0.716424	   -0.563587	    0.483642	    0.603796	    0.396204	1
145	-0.980061828279715	-0.651097284780795	1012	145	   -0.243231	    0.716424	   -0.563587	    0.483642	    0.603796	    0.396204	1
146	1.46970955407848	-1.17608969011102	1013	146	  -0.0906834	    0.346041	    -0.11032	    0.315628	     0.01175	     0.98825	2
146	1.26746742808338	-0.207954817266639	1014	146	  -0.0906834	    0.346041	    -0.11032	    0.315628	     0.01175	     0.98825	2
146	-0.221444646693421	-1.78679665450607	1015	146	  -0.0906834	    0.346041	    -0.11032	    0.315628	     0.01175	     0.98825	2
146	-0.251600097230713	0.0534320620701259	1016	146	  -0.0906834	    0.346041	    -0.11032	    0.315628	     0.01175	     0.98825	2
146	1.84917903071382	-0.0397522108260114	1017	146	  -0.0906834	    0.346041	    -0.11032	    0.315628	     0.01175	     0.98825	2
146	0.35530577143487	-0.18257408513569	1018	146	  -0.0906834	    0.346041	    -0.11032	    0.315628	     0.01175	     0.98825	2
147	-2.73096251544294	-0.331927712456407	1019	147	   -0.690541	    0.274008	   0.0454989	    0.316781	     0.99938	 0.000619933	1
147	-2.66301332108875	1.33052291354339	1020	147	   -0.690541	    0.274008	   0.0454989	    0.316781	     0.99938	 0.000619933	1
147	-2.00074672876512	1.68944240162912	1021	147	   -0.690541	    0.274008	   0.0454989	    0.316781	     0.99938	 0.000619933	1
147	-0.323117432361899	-1.12610253007641	1022	147	   -0.690541	    0.274008	   0.0454989	    0.316781	     0.99938	 0.000619933	1
147	-2.91691562801339	0.998306692305524	1023	147	   -0.690541	    0.274008	   0.0454989	    0.316781	     0.99938	 0.000619933	1
147	-0.344831462714287	1.06995133445235	1024	147	   -0.690541	    0.274008	   0.0454989	    0.316781	     0.99938	 0.000619933	1
147	-1.69482968578923	0.276108280937669	1025	147	   -0.690541	    0.274008	   0.0454989	    0.316781	     0.99938	 0.000619933	1
147	-2.54898032502896	0.389883922207203	1026	147	   -0.690541	    0.274008	   0.0454989	    0.316781	     0.99938	 0.000619933	1
148	0.75708222064937	1.3596372845146	1027	148	   -0.245101	    0.368693	    0.111985	    0.287744	   0.0312137	    0.968786	2
148	0.867140627156013	-0.851595896118093	1028	148	   -0.245101	    0.368693	    0.111985	    0.287744	   0.0312137	    0.968786	2
148	-0.740878982482191	-0.426722865857223	1029	148	   -0.245101	    0.368693	    0.111985	    0.287744	   0.0312137	    0.968786	2
148	-0.667706168284714	-0.00782944918168238	1030	148	   -0.245101	    0.368693	    0.111985	    0.287744	   0.0312137	    0.968786	2
148	1.03568238253611	-0.332293211778561	1031	148	   -0.245101	    0.368693	    0.111985	    0.287744	   0.0312137	    0.968786	2
148	1.07519685481615	-0.537946565711534	1032	148	   -0.245101	    0.368693	    0.111985	    0.287744	   0.0312137	    0.968786	2
148	0.852339453587274	-0.171077655904369	1033	148	   -0.245101	    0.368693	    0.111985	    0.287744	   0.0312137	    0.968786	2
148	0.989806582619124	0.077110741847417	1034	148	   -0.245101	    0.368693	    0.111985	    0.287744	   0.0312137	    0.968786	2
148	0.687684990865509	-0.545858905687472	1035	148	   -0.245101	    0.368693	    0.111985	    0.287744	   0.0312137	    0.968786	2
148	0.520509613474498	-0.261243706012845	1036	148	   -0.245101	    0.368693	    0.111985	    0.287744	   0.0312137	    0.968786	2
149	-1.14835023421371	-0.314568131147358	1037	149	   -0.333219	    0.588411	   -0.181645	    0.412138	    0.173643	    0.826357	2
149	1.44375930378142	-0.235854497341684	1038	149	   -0.333219	    0.588411	   -0.181645	    0.412138	    0.173643	    0.826357	2
149	-0.0613333776939483	0.224302556031496	1039	149	   -0.333219	    0.588411	   -0.181645	    0.412138	    0.173643	    0.826357	2
149	0.142140961722784	-1.89590886501263	1040	149	   -0.333219	    0.588411	   -0.181645	    0.412138	    0.173643	    0.826357	2
150	1.44548577186964	1.99869347630334	1041	150	    0.276073	    0.741321	    0.368346	    0.391367	    0.609784	    0.390216	1
150	-0.000848745682054064	1.68103562585889	1042	150	    0.276073	    0.741321	    0.368346	    0.391367	    0.609784	    0.390216	1
150	0.761279883787601	-1.31388170073552	1043	150	    0.276073	    0.741321	    0.368346	    0.391367	    0.609784	    0.390216	1
150	-1.27165881763746	0.884867217963113	1044	150	    0.276073	    0.741321	    0.368346	    0.391367	    0.609784	    0.390216	1
150	-0.317118759808036	1.04652044540836	1045	150	    0.276073	    0.741321	    0.368346	    0.391367	    0.609784	    0.390216	1
150	0.264663018016531	0.307084734610778	1046	150	    0.276073	    0.741321	    0.368346	    0.391367	    0.609784	    0.390216	1
