g	y1	y2	y3	id	g	GClass#1	GClass#2	GClass#	Cluster#1	Cluster#2	Cluster#	joint2_1_1	joint2_1_2	joint2_2_1	joint2_2_2
1	1.77557717506449	2.05758909744307	0.784001444778665	1	1	    0.998227	  0.00177278	1	    0.997529	  0.00247147	1	    0.997643	  0.00235711	    0.933133	   0.0668666
1	1.56260214409994	2.78723986183483	1.08362800532413	2	1	    0.998227	  0.00177278	1	    0.998993	  0.00100705	1	    0.999041	 0.000958615	    0.971721	    0.028279
1	1.32776845840738	0.249122281330722	-2.48184320500485	3	1	    0.998227	  0.00177278	1	    0.526469	    0.473531	1	    0.527341	    0.472659	   0.0354807	    0.964519
1	1.53152212697455	1.33538046354476	1.09529009741748	4	1	    0.998227	  0.00177278	1	    0.990359	  0.00964054	1	    0.990735	  0.00926525	    0.779037	    0.220963
1	0.660042273715528	1.87593032332565	2.61216218943337	5	1	    0.998227	  0.00177278	1	    0.992081	  0.00791933	1	    0.992401	   0.0075987	    0.811538	    0.188462
1	1.66543272776861	-0.795117587763548	0.238961185229975	6	1	    0.998227	  0.00177278	1	    0.814483	    0.185517	1	    0.815703	    0.184297	    0.127348	    0.872652
1	0.538949952138077	-0.137800929733305	0.839704393991894	7	1	    0.998227	  0.00177278	1	    0.565509	    0.434491	1	     0.56644	     0.43356	   0.0412977	    0.958702
1	0.999384763413126	1.88560944553046	-1.08461906907179	8	1	    0.998227	  0.00177278	1	    0.929879	   0.0701209	1	    0.930984	   0.0690162	    0.307845	    0.692155
1	2.34148932892614	0.565185522123232	-0.152629517644084	9	1	    0.998227	  0.00177278	1	    0.988622	    0.011378	1	    0.989048	   0.0109517	    0.748595	    0.251405
1	0.941372668697316	2.76122751202516	-1.04627067832703	10	1	    0.998227	  0.00177278	1	    0.978801	   0.0211993	1	    0.979454	   0.0205464	    0.611161	    0.388839
2	-0.0415993014090398	-1.41431078108456	-2.06910956617001	11	2	   0.0108456	    0.989154	2	 0.000434667	    0.999565	2	  0.00992943	    0.990071	 0.000330562	    0.999669
2	0.70717232317503	1.34302084580317	1.67683640493348	12	2	   0.0108456	    0.989154	2	    0.488147	    0.511853	2	    0.965899	   0.0341013	    0.482909	    0.517091
2	-0.893863996540352	-0.3156018612983	-1.32793614648867	13	2	   0.0108456	    0.989154	2	 0.000473876	    0.999526	2	    0.010818	    0.989182	 0.000360457	     0.99964
2	2.5419091980679	2.17970067327498	1.45411991131624	14	2	   0.0108456	    0.989154	2	    0.994639	  0.00536079	1	     0.99982	 0.000179567	    0.994582	   0.0054176
2	2.96963598454945	0.984866180340332	1.68502054635281	15	2	   0.0108456	    0.989154	2	    0.991214	  0.00878598	1	    0.999705	 0.000295292	    0.991121	  0.00887908
2	-0.244988917948808	1.24719131721444	-1.17098379827154	16	2	   0.0108456	    0.989154	2	   0.0143118	    0.985688	2	    0.262373	    0.737627	    0.011592	    0.988408
2	0.860180084424709	-0.314646516836174	-0.821140032892981	17	2	   0.0108456	    0.989154	2	   0.0226374	    0.977363	2	    0.368152	    0.631848	    0.018849	    0.981151
2	-0.675843952185185	-1.57180403556226	-1.26479622634489	18	2	   0.0108456	    0.989154	2	 0.000174838	    0.999825	2	   0.0040113	    0.995989	 0.000132773	    0.999867
2	-0.500043688364124	-1.26594149641929	-1.04917271853916	19	2	   0.0108456	    0.989154	2	 0.000403839	    0.999596	2	  0.00922994	     0.99077	 0.000307065	    0.999693
2	3.83203289065985	3.64420594228033	1.29275434918373	20	2	   0.0108456	    0.989154	2	    0.999978	 2.17037e-05	1	    0.999999	 7.23202e-07	    0.999978	 2.19337e-05
3	1.67072773662179	1.65161488678851	0.951523444190324	21	3	    0.999352	 0.000648482	1	    0.995117	  0.00488319	1	    0.995197	   0.0048035	    0.872304	    0.127696
3	2.26130788662471	2.23762745343473	2.59323665876186	22	3	    0.999352	 0.000648482	1	    0.999881	 0.000118741	1	    0.999883	 0.000116533	    0.996478	  0.00352231
3	0.887839468579346	3.66849377749542	1.70916726210542	23	3	    0.999352	 0.000648482	1	    0.999401	 0.000599208	1	    0.999412	 0.000588217	    0.982462	   0.0175376
3	3.06221046113754	1.18437307277593	2.36704470006789	24	3	    0.999352	 0.000648482	1	    0.999902	 9.76654e-05	1	    0.999904	 9.58477e-05	    0.997101	  0.00289884
3	0.205000244171687	0.242388611930577	-0.63720887876017	25	3	    0.999352	 0.000648482	1	     0.24961	     0.75039	2	    0.249765	    0.750235	   0.0108575	    0.989142
3	-0.0243277151700445	2.35847628372796	1.72649874732411	26	3	    0.999352	 0.000648482	1	    0.966256	    0.033744	1	    0.966566	   0.0334336	    0.488021	    0.511979
3	3.22737475432954	-0.188297386842709	0.27824340265465	27	3	    0.999352	 0.000648482	1	    0.997602	  0.00239795	1	    0.997644	  0.00235614	    0.933159	   0.0668409
3	3.1953441304346	0.591820039671599	-0.233130589368981	28	3	    0.999352	 0.000648482	1	    0.998602	   0.0013978	1	    0.998627	  0.00137274	    0.959977	   0.0400228
3	0.772515546839223	1.52012038441352	0.378507791889889	29	3	    0.999352	 0.000648482	1	    0.934127	   0.0658726	1	    0.934526	   0.0654741	    0.320009	    0.679991
3	-1.40953802636953	-0.311665019266125	-1.50268376667482	30	3	    0.999352	 0.000648482	1	  0.00365511	    0.996345	2	  0.00365741	    0.996343	 0.000121018	    0.999879
4	-0.43242997230287	1.13073595116948	-0.42803350065468	31	4	   0.0519696	     0.94803	2	   0.0244795	     0.97552	2	    0.261026	    0.738974	   0.0115124	    0.988488
4	1.55771188860058	0.20093549877407	1.63997036454076	32	4	   0.0519696	     0.94803	2	    0.578947	    0.421053	1	    0.974473	   0.0255265	    0.557264	    0.442736
4	1.34899226158638	0.636805499368148	-0.254145767841719	33	4	   0.0519696	     0.94803	2	    0.264849	    0.735151	2	     0.90059	   0.0994102	    0.229999	    0.770001
4	-1.07463159377551	0.240755749368654	0.544845801484191	34	4	   0.0519696	     0.94803	2	  0.00509963	      0.9949	2	   0.0598906	    0.940109	  0.00209608	    0.997904
4	-0.335082418815194	2.15752474248753	-1.58941652122607	35	4	   0.0519696	     0.94803	2	   0.0501016	    0.949898	2	    0.461924	    0.538076	    0.027526	    0.972474
4	2.75083241261864	3.41951325355953	2.07253166481527	36	4	   0.0519696	     0.94803	2	    0.999757	  0.00024289	1	    0.999992	  8.4343e-06	    0.999744	 0.000255743
4	1.99720657393103	0.894498077628106	0.790684499232722	37	4	   0.0519696	     0.94803	2	    0.821924	    0.178076	1	    0.992452	  0.00754762	    0.812576	    0.187424
4	1.79190783602721	0.818826353705481	-0.0721034823742581	38	4	   0.0519696	     0.94803	2	     0.57096	     0.42904	1	    0.973617	   0.0263832	    0.548887	    0.451113
4	-1.23297630910884	-0.0408471905190615	-1.11465739715198	39	4	   0.0519696	     0.94803	2	 0.000776758	    0.999223	2	  0.00930124	    0.990699	 0.000309459	    0.999691
4	-3.17720974034715	0.683770623222954	-0.170369420241046	40	4	   0.0519696	     0.94803	2	 0.000137623	    0.999862	2	  0.00165258	    0.998347	 5.45752e-05	    0.999945
5	-1.08484173165399	-1.32029922281639	-0.149698778805238	41	5	 0.000354106	    0.999646	2	 0.000180834	    0.999819	2	  0.00540015	      0.9946	 0.000178986	    0.999821
5	0.0607634334966003	-1.8213365235324	-0.348365580376372	42	5	 0.000354106	    0.999646	2	 0.000877757	    0.999122	2	      0.0257	      0.9743	 0.000868964	    0.999131
5	-0.181766151621347	1.53499112750139	-1.60484123644795	43	5	 0.000354106	    0.999646	2	   0.0149033	    0.985097	2	    0.312972	    0.687028	   0.0147977	    0.985202
5	2.34131101358464	0.930467609475238	2.07951283669029	44	5	 0.000354106	    0.999646	2	    0.969132	    0.030868	1	    0.998951	  0.00104945	    0.969121	   0.0308786
5	1.10679158982067	-1.03928839310685	0.483529923595307	45	5	 0.000354106	    0.999646	2	   0.0362972	    0.963703	2	    0.531966	    0.468034	   0.0361217	    0.963878
5	0.688816160126333	1.03367865674845	0.54835850890245	46	5	 0.000354106	    0.999646	2	    0.183193	    0.816807	2	    0.871649	    0.128351	    0.182949	    0.817051
5	0.470991750342963	0.408282309790019	-1.05875404675908	47	5	 0.000354106	    0.999646	2	   0.0175183	    0.982482	2	    0.349422	    0.650578	   0.0174007	    0.982599
5	-1.64006703209326	1.40024589133753	0.408089884272555	48	5	 0.000354106	    0.999646	2	  0.00326274	    0.996737	2	   0.0895414	    0.910459	  0.00323218	    0.996768
5	-0.679023165379527	-0.541398989448632	-0.27511926478174	49	5	 0.000354106	    0.999646	2	 0.000895835	    0.999104	2	   0.0262161	    0.973784	 0.000886866	    0.999113
5	2.48630805749224	2.2174277252155	0.538815317540643	50	5	 0.000354106	    0.999646	2	    0.987545	   0.0124548	1	    0.999584	 0.000415804	    0.987541	   0.0124591
6	0.226175395529003	0.0911611433361456	-0.00866588101768003	51	6	   0.0260797	     0.97392	2	   0.0227014	    0.977299	2	    0.314353	    0.685647	   0.0148915	    0.985108
6	-0.646680736793556	-0.0140877034395557	-1.75647114533299	52	6	   0.0260797	     0.97392	2	  0.00111854	    0.998881	2	   0.0190251	    0.980975	 0.000639041	    0.999361
6	-0.113285802208356	-1.01555115057266	-1.16441541881917	53	6	   0.0260797	     0.97392	2	  0.00143755	    0.998562	2	    0.024379	    0.975621	 0.000823218	    0.999177
6	2.52052365969698	0.84526208884273	1.93320707762059	54	6	   0.0260797	     0.97392	2	    0.974854	    0.025146	1	    0.999128	 0.000872294	    0.974204	   0.0257961
6	4.58674304062644	0.01272614956247	0.254311323537238	55	6	   0.0260797	     0.97392	2	    0.998481	  0.00151899	1	    0.999949	 5.14564e-05	    0.998442	  0.00155828
6	2.54219234347339	4.67848928192999	0.904021702038139	56	6	   0.0260797	     0.97392	2	    0.999876	 0.000124125	1	    0.999996	   4.199e-06	    0.999873	 0.000127337
6	3.06520387801695	-0.0537770737804641	1.14779443469172	57	6	   0.0260797	     0.97392	2	    0.958209	   0.0417905	1	    0.998525	  0.00147462	     0.95713	   0.0428701
6	-0.7501478658908	-1.15492645299432	0.62949618252157	58	6	   0.0260797	     0.97392	2	  0.00132721	    0.998673	2	   0.0225309	    0.977469	 0.000759422	    0.999241
6	0.793791101470642	0.065042317502296	-0.820709556096283	59	6	   0.0260797	     0.97392	2	   0.0372005	    0.962799	2	    0.449065	    0.550935	   0.0261716	    0.973828
6	-0.74976285868803	-0.749742117830888	0.160136186303752	60	6	   0.0260797	     0.97392	2	  0.00146534	    0.998535	2	    0.024844	    0.975156	 0.000839306	    0.999161
7	2.30630226832838	2.52293685936462	0.615299605187488	61	7	    0.996218	  0.00378213	1	    0.999584	 0.000415897	1	    0.999625	  0.00037479	    0.988756	   0.0112435
7	1.31836986941428	0.372746709336929	1.33891857489866	62	7	    0.996218	  0.00378213	1	    0.953295	    0.046705	1	    0.955344	   0.0446561	    0.413617	    0.586383
7	-0.266540210545316	0.742245141643024	-0.346152326872133	63	7	    0.996218	  0.00378213	1	     0.23308	     0.76692	2	    0.233927	    0.766073	  0.00996775	    0.990032
7	2.26580617368516	1.4230052914806	1.02284596073643	64	7	    0.996218	  0.00378213	1	    0.998272	  0.00172819	1	    0.998437	   0.0015627	    0.954681	   0.0453185
7	3.13983841288017	1.7453393551113	-0.744898618976015	65	7	    0.996218	  0.00378213	1	    0.999502	 0.000498472	1	    0.999551	 0.000449303	     0.98655	   0.0134498
7	1.01345517950139	1.24611312693478	1.10588415935816	66	7	    0.996218	  0.00378213	1	    0.965478	   0.0345216	1	     0.96727	   0.0327298	     0.49352	     0.50648
7	1.32633321216593	2.81737938491007	-0.779330818433155	67	7	    0.996218	  0.00378213	1	    0.992725	  0.00727468	1	    0.993339	   0.0066607	    0.831001	    0.168999
7	0.0952557274499024	0.395960534284114	2.3610811305649	68	7	    0.996218	  0.00378213	1	    0.791046	    0.208954	1	    0.793622	    0.206378	    0.112524	    0.887476
7	1.2820779121196	1.52945109339909	2.05206048475978	69	7	    0.996218	  0.00378213	1	    0.994101	  0.00589946	1	    0.994614	  0.00538627	    0.858925	    0.141075
7	-0.383542012478036	-0.834312855278951	1.15452322768418	70	7	    0.996218	  0.00378213	1	    0.096113	    0.903887	2	   0.0964646	    0.903535	   0.0035078	    0.996492
8	-0.320536946168522	0.503195813326394	-0.911738405244205	71	8	 6.51774e-06	    0.999993	2	  0.00429744	    0.995703	2	    0.115732	    0.884268	  0.00429671	    0.995703
8	-2.0919207780441	-2.09747067198796	-1.12009230670202	72	8	 6.51774e-06	    0.999993	2	 6.03053e-06	    0.999994	2	 0.000182834	    0.999817	 6.02938e-06	    0.999994
8	-1.85183190983504	-0.0944845798294065	1.74863924791231	73	8	 6.51774e-06	    0.999993	2	 0.000892783	    0.999107	2	   0.0263817	    0.973618	 0.000892617	    0.999107
8	0.439665272322799	1.01454241130906	-0.518216284412504	74	8	 6.51774e-06	    0.999993	2	   0.0530416	    0.946958	2	     0.62945	     0.37055	   0.0530378	    0.946962
8	0.141904835351357	-0.0794004506489604	-2.33233106649063	75	8	 6.51774e-06	    0.999993	2	  0.00200446	    0.997996	2	   0.0574085	    0.942592	   0.0020041	    0.997996
8	-0.825059120475535	-0.255128937044001	-0.564710247305162	76	8	 6.51774e-06	    0.999993	2	 0.000764971	    0.999235	2	   0.0226877	    0.977312	 0.000764828	    0.999235
8	-1.37117981596442	0.780950544195785	0.107859969486894	77	8	 6.51774e-06	    0.999993	2	  0.00175145	    0.998249	2	    0.050516	    0.949484	  0.00175113	    0.998249
8	2.02488144641279	2.70741265849372	0.907526968451758	78	8	 6.51774e-06	    0.999993	2	    0.987114	   0.0128861	1	     0.99957	 0.000430236	    0.987114	   0.0128861
8	1.58099249126551	-0.907852659628467	0.841766648789561	79	8	 6.51774e-06	    0.999993	2	    0.145936	    0.854064	2	    0.838247	    0.161753	    0.145932	    0.854068
8	-0.759716027054064	-1.40320784568114	-1.52847630579273	80	8	 6.51774e-06	    0.999993	2	   0.0001133	    0.999887	2	  0.00342428	    0.996576	 0.000113279	    0.999887
9	1.46145521587354	1.42861859049941	0.0162923367557192	81	9	  0.00517368	    0.994826	2	    0.592278	    0.407722	1	    0.977626	   0.0223744	    0.590274	    0.409726
9	-0.260291279435667	1.04739210062907	0.102608614930469	82	9	  0.00517368	    0.994826	2	     0.02342	     0.97658	2	    0.399497	    0.600503	   0.0214641	    0.978536
9	1.35539869324433	1.23323217988497	2.63078783023288	83	9	  0.00517368	    0.994826	2	    0.888958	    0.111042	1	    0.995875	   0.0041247	    0.888402	    0.111598
9	1.21525293567706	0.95795200493075	0.381796793289551	84	9	  0.00517368	    0.994826	2	    0.363129	    0.636871	2	    0.944653	   0.0553466	    0.360105	    0.639895
9	3.78200261661201	0.517193903245447	0.42572674104399	85	9	  0.00517368	    0.994826	2	    0.993984	  0.00601603	1	    0.999799	 0.000200527	    0.993954	  0.00604627
9	-0.0640374279297368	-0.81053528160856	0.120103259274226	86	9	  0.00517368	    0.994826	2	  0.00340118	    0.996599	2	   0.0832664	    0.916734	  0.00298584	    0.997014
9	0.624481143281806	-2.2816639541806	0.486999173113743	87	9	  0.00517368	    0.994826	2	  0.00385449	    0.996146	2	   0.0934778	    0.906522	   0.0033884	    0.996612
9	-0.938595151891697	1.57935272083815	-0.48197128138337	88	9	  0.00517368	    0.994826	2	  0.00880606	    0.991194	2	    0.193444	    0.806556	  0.00784583	    0.992154
9	-1.8326834165082	-0.972165435214201	0.870431054522862	89	9	  0.00517368	    0.994826	2	 0.000172934	    0.999827	2	  0.00453667	    0.995463	  0.00015024	     0.99985
9	-0.901485727138233	-1.02897471604725	0.879803885069601	90	9	  0.00517368	    0.994826	2	 0.000921814	    0.999078	2	   0.0237906	    0.976209	 0.000802883	    0.999197
10	-0.950902079388975	-0.604412458241648	1.37459853000102	91	10	    0.999145	 0.000855047	1	   0.0525582	    0.947442	2	   0.0526016	    0.947398	   0.0018273	    0.998173
10	1.1646966945203	2.22877074688592	0.378395792146759	92	10	    0.999145	 0.000855047	1	    0.989753	   0.0102474	1	    0.989945	   0.0100547	    0.764498	    0.235502
10	2.54609792845392	1.04936926832583	1.28081544471641	93	10	    0.999145	 0.000855047	1	    0.998885	  0.00111485	1	    0.998912	  0.00108842	     0.96801	   0.0319899
10	3.61253588475273	1.23060878312288	-0.41204254202729	94	10	    0.999145	 0.000855047	1	    0.999773	 0.000227395	1	    0.999778	 0.000221868	    0.993314	  0.00668559
10	-0.653114667017496	0.673621632397077	2.61439763396677	95	10	    0.999145	 0.000855047	1	     0.60785	     0.39215	1	    0.608329	    0.391671	   0.0487153	    0.951285
10	1.96335334724472	0.883368308996148	-0.0211473562705762	96	10	    0.999145	 0.000855047	1	    0.984032	   0.0159682	1	    0.984297	   0.0157028	    0.673922	    0.326078
10	1.88936730250191	2.21324714190571	1.90654977726152	97	10	    0.999145	 0.000855047	1	     0.99944	 0.000559553	1	    0.999454	 0.000546081	    0.983699	   0.0163012
10	3.24200543155469	1.2180438375402	0.734242977502558	98	10	    0.999145	 0.000855047	1	    0.999755	 0.000244973	1	    0.999761	 0.000239022	    0.992801	   0.0071989
10	1.30757635135915	2.32216413491563	0.625339939296257	99	10	    0.999145	 0.000855047	1	    0.994687	  0.00531333	1	    0.994799	  0.00520076	    0.863141	    0.136859
10	0.834557388211963	0.369447555986707	0.275851988193551	100	10	    0.999145	 0.000855047	1	    0.751502	    0.248498	1	    0.752067	    0.247933	   0.0909207	    0.909079
11	0.943906741764831	0.769948452609126	1.2609683545609	101	11	    0.350721	    0.649279	2	    0.541792	    0.458208	1	    0.936832	   0.0631684	    0.328404	    0.671596
11	0.723485112002042	1.09575807017862	0.911609249974026	102	11	    0.350721	    0.649279	2	    0.490772	    0.509228	2	    0.914889	   0.0851111	    0.261677	    0.738323
11	2.3602275116936	3.38730665710539	0.441627646456914	103	11	    0.350721	    0.649279	2	    0.998154	   0.0018459	1	    0.999908	 9.23425e-05	    0.997207	  0.00279311
11	0.256221180288194	-0.87418056451546	-1.87309310639109	104	11	    0.350721	    0.649279	2	   0.0140914	    0.985909	2	   0.0377846	    0.962215	  0.00129306	    0.998707
11	0.752887908098141	1.45835744288251	-0.107218869334768	105	11	    0.350721	    0.649279	2	    0.456909	    0.543091	2	    0.895372	    0.104628	    0.220065	    0.779935
11	1.00737563825678	3.75969584724276	0.168336254934028	106	11	    0.350721	    0.649279	2	     0.97329	   0.0267102	1	    0.998614	  0.00138583	     0.95961	   0.0403896
11	1.48632630711899	-1.49529438042122	0.303760200631701	107	11	    0.350721	    0.649279	2	    0.232058	    0.767942	2	    0.580789	    0.419211	   0.0436843	    0.956316
11	1.2733463464217	0.637985980889255	1.05753379717393	108	11	    0.350721	    0.649279	2	    0.606382	    0.393618	1	    0.956024	   0.0439761	    0.417517	    0.582483
11	0.0966503179347832	-0.243878362607998	-1.14414525128585	109	11	    0.350721	    0.649279	2	   0.0337358	    0.966264	2	   0.0901611	    0.909839	  0.00325669	    0.996743
11	0.214864061434575	1.4449739755708	-1.18722139951787	110	11	    0.350721	    0.649279	2	    0.216684	    0.783316	2	    0.546954	    0.453046	    0.038282	    0.961718
12	2.51847548546922	1.50814683161857	1.09949443212971	111	12	    0.999998	 2.21512e-06	1	    0.999296	 0.000703612	1	    0.999296	 0.000703567	    0.979093	   0.0209073
12	1.70369710525566	1.02685795018579	2.72672857225051	112	12	    0.999998	 2.21512e-06	1	    0.997722	    0.002278	1	    0.997722	  0.00227786	    0.935241	   0.0647594
12	1.64799913121421	2.58093861036147	2.49284392294287	113	12	    0.999998	 2.21512e-06	1	    0.999684	 0.000316178	1	    0.999684	 0.000316158	    0.990499	  0.00950074
12	2.13371962652923	0.160479195364623	0.19945095653551	114	12	    0.999998	 2.21512e-06	1	    0.976844	   0.0231562	1	    0.976845	   0.0231553	    0.581757	    0.418243
12	1.77313698693363	1.44865822318322	-0.16473602681753	115	12	    0.999998	 2.21512e-06	1	    0.987694	   0.0123059	1	    0.987695	   0.0123053	    0.725763	    0.274237
12	2.86307673100708	1.81776555516578	0.623455309851112	116	12	    0.999998	 2.21512e-06	1	    0.999718	 0.000282399	1	    0.999718	 0.000282381	    0.991506	  0.00849406
12	3.60421219913685	2.83818632699403	0.205792117205879	117	12	    0.999998	 2.21512e-06	1	    0.999988	 1.22245e-05	1	    0.999988	 1.22237e-05	    0.999629	 0.000370603
12	1.55416428192574	1.4102028301377	-0.550827179565488	118	12	    0.999998	 2.21512e-06	1	    0.971652	   0.0283485	1	    0.971652	   0.0283475	    0.530548	    0.469452
12	0.810428533700638	1.16399992494164	0.434455924261246	119	12	    0.999998	 2.21512e-06	1	    0.906593	   0.0934074	1	    0.906594	   0.0934059	    0.242436	    0.757564
12	2.24662155062858	1.47191885813582	1.58375852754989	120	12	    0.999998	 2.21512e-06	1	    0.999054	 0.000945512	1	    0.999055	 0.000945452	    0.972099	   0.0279012
13	1.23850897548453	2.02908031365483	-0.891219171406629	121	13	 9.92177e-07	    0.999999	2	    0.519352	    0.480648	1	    0.970389	   0.0296108	    0.519352	    0.480648
13	-0.393981667023994	1.22430795340343	0.280511012399283	122	13	 9.92177e-07	    0.999999	2	   0.0241409	    0.975859	2	    0.428661	    0.571339	   0.0241405	     0.97586
13	-1.72826292188549	0.755842400647379	-0.00121842922246968	123	13	 9.92177e-07	    0.999999	2	 0.000807859	    0.999192	2	    0.023934	    0.976066	 0.000807836	    0.999192
13	0.26293965828286	-0.465786902004346	-2.06260788530826	124	13	 9.92177e-07	    0.999999	2	   0.0018925	    0.998107	2	   0.0543783	    0.945622	  0.00189245	    0.998108
13	-1.61558979829955	-1.76632105547138	0.559793205235868	125	13	 9.92177e-07	    0.999999	2	 7.11258e-05	    0.999929	2	  0.00215264	    0.997847	 7.11237e-05	    0.999929
13	-0.117269628962947	0.0252991009560438	-0.925705226180167	126	13	 9.92177e-07	    0.999999	2	  0.00343797	    0.996562	2	   0.0947179	    0.905282	  0.00343788	    0.996562
13	0.325928044349314	0.222579604574569	-2.07640486096565	127	13	 9.92177e-07	    0.999999	2	  0.00510438	    0.994896	2	     0.13465	     0.86535	  0.00510425	    0.994896
13	-1.90093451424353	-1.41861801524378	1.07273406819358	128	13	 9.92177e-07	    0.999999	2	 9.46588e-05	    0.999905	2	   0.0028629	    0.997137	 9.46561e-05	    0.999905
13	-0.469805110693186	-0.245081626746495	-0.835241254227017	129	13	 9.92177e-07	    0.999999	2	  0.00127965	     0.99872	2	    0.037406	    0.962594	  0.00127962	     0.99872
13	0.12384558683103	-0.467971398370404	2.16243134523932	130	13	 9.92177e-07	    0.999999	2	   0.0359359	    0.964064	2	    0.530631	    0.469369	   0.0359354	    0.964065
14	0.872960222052016	2.6533099339711	0.393571974774977	131	14	    0.996333	  0.00366731	1	    0.989461	   0.0105389	1	    0.990268	  0.00973242	     0.77037	     0.22963
14	-0.40179926027606	0.569290525497297	-0.695015658436615	132	14	    0.996333	  0.00366731	1	    0.123929	    0.876071	2	    0.124368	    0.875632	   0.0046612	    0.995339
14	2.00515375780452	2.31312355389689	2.13961921666316	133	14	    0.996333	  0.00366731	1	     0.99968	 0.000319954	1	    0.999711	 0.000289126	    0.991305	  0.00869524
14	2.67254159356275	2.9424138739242	1.21586797507396	134	14	    0.996333	  0.00366731	1	    0.999947	   5.283e-05	1	    0.999952	 4.77062e-05	    0.998555	  0.00144487
14	0.553639201115428	2.50217152451073	1.08607994029488	135	14	    0.996333	  0.00366731	1	    0.984964	   0.0150363	1	    0.986015	   0.0139845	    0.699224	    0.300776
14	0.856379992511437	-0.48826014058337	1.06444785720697	136	14	    0.996333	  0.00366731	1	    0.667361	    0.332639	1	    0.669587	    0.330413	   0.0626322	    0.937368
14	1.69917503747926	1.86355021942745	1.38581998835303	137	14	    0.996333	  0.00366731	1	    0.997492	  0.00250847	1	    0.997721	   0.0022792	    0.935205	   0.0647952
14	0.611085734767199	0.793373813027418	-0.077876792868921	138	14	    0.996333	  0.00366731	1	    0.713025	    0.286975	1	    0.715368	    0.284632	   0.0765259	    0.923474
14	-0.0274797467634498	1.827060265992	0.681684772946934	139	14	    0.996333	  0.00366731	1	    0.837801	    0.162199	1	     0.84034	     0.15966	    0.147877	    0.852123
14	2.50521590650312	3.33021268948591	1.30539447306302	140	14	    0.996333	  0.00366731	1	    0.999961	 3.88243e-05	1	    0.999965	 3.50575e-05	    0.998938	  0.00106218
15	0.771499632311908	-0.546140569042446	0.190163934484088	141	15	  0.00395787	    0.996042	2	   0.0264639	    0.973536	2	     0.43582	     0.56418	   0.0248373	    0.975163
15	-1.61288294516713	0.195454679799926	-0.373478807514647	142	15	  0.00395787	    0.996042	2	 0.000395896	    0.999604	2	   0.0106593	    0.989341	 0.000355114	    0.999645
15	1.14242107325242	0.72502320050313	-0.0287497823749213	143	15	  0.00395787	    0.996042	2	    0.203592	    0.796408	2	    0.884051	    0.115949	    0.200888	    0.799112
15	2.09829328975597	0.230988517222347	-1.01890016250098	144	15	  0.00395787	    0.996042	2	    0.363278	    0.636722	2	    0.944849	   0.0551514	    0.360967	    0.639033
15	1.83263692504075	1.11845879023277	1.18016148918825	145	15	  0.00395787	    0.996042	2	     0.84851	     0.15149	1	    0.994122	  0.00587839	    0.847931	    0.152069
15	-0.266927381557538	0.248263240623375	1.9647131777949	146	15	  0.00395787	    0.996042	2	   0.0353948	    0.964605	2	    0.512484	    0.487516	    0.033499	    0.966501
15	2.79482172811092	0.814792766901992	0.928291085867832	147	15	  0.00395787	    0.996042	2	     0.96779	   0.0322096	1	      0.9989	  0.00110048	    0.967667	   0.0323332
15	-0.456845694234203	-1.07579452527709	-0.0943614337846335	148	15	  0.00395787	    0.996042	2	 0.000934104	    0.999066	2	   0.0248385	    0.975161	 0.000839117	    0.999161
15	-0.971702757548201	-1.3360584201516	0.251383867523242	149	15	  0.00395787	    0.996042	2	  0.00033212	    0.999668	2	  0.00895547	    0.991045	 0.000297854	    0.999702
15	-0.472534566018054	0.920189089342788	0.561766211823825	150	15	  0.00395787	    0.996042	2	   0.0182395	     0.98176	2	    0.343346	    0.656654	   0.0169477	    0.983052
16	2.94765504245465	1.61065370289726	-1.03304889486307	151	16	    0.999974	   2.628e-05	1	    0.998907	  0.00109294	1	    0.998908	  0.00109212	    0.967905	   0.0320953
16	3.01603959389946	0.827382687114028	-0.505989234513504	152	16	    0.999974	   2.628e-05	1	    0.998081	  0.00191939	1	    0.998082	  0.00191799	    0.944927	   0.0550732
16	3.75186717882185	1.71861626411182	-0.47386647798914	153	16	    0.999974	   2.628e-05	1	    0.999921	 7.94463e-05	1	    0.999921	 7.93852e-05	    0.997598	   0.0024021
16	3.04770237040486	1.62551345311558	1.6697415932481	154	16	    0.999974	   2.628e-05	1	    0.999902	  9.8158e-05	1	    0.999902	 9.80827e-05	    0.997034	  0.00296624
16	-0.377857303194348	1.62975641101744	1.15299647087347	155	16	    0.999974	   2.628e-05	1	    0.739792	    0.260208	1	    0.739809	    0.260191	   0.0857134	    0.914287
16	2.50810478267168	2.0958725589448	2.2329807080375	156	16	    0.999974	   2.628e-05	1	    0.999889	 0.000111333	1	    0.999889	 0.000111248	    0.996637	  0.00336309
16	0.929815412452144	3.86202282194684	1.34936012328506	157	16	    0.999974	   2.628e-05	1	    0.999475	 0.000524667	1	    0.999476	  0.00052427	     0.98434	   0.0156599
16	1.85577523778054	2.0744084053525	-1.37142292839237	158	16	    0.999974	   2.628e-05	1	    0.990403	  0.00959739	1	    0.990408	  0.00959167	    0.772961	    0.227039
16	0.988294584537913	3.1877165105041	0.99973311587031	159	16	    0.999974	   2.628e-05	1	    0.998053	  0.00194672	1	    0.998055	   0.0019453	    0.944185	   0.0558151
16	1.24302324833439	-0.430368268730682	-1.16038260389409	160	16	    0.999974	   2.628e-05	1	    0.481436	    0.518564	2	    0.481448	    0.518552	    0.029703	    0.970297
17	-0.0788894233080728	-1.25429225997553	0.989151532583701	161	17	 4.52831e-06	    0.999995	2	   0.0034889	    0.996511	2	   0.0959827	    0.904017	  0.00348849	    0.996512
17	-0.807295116986153	-1.7285124519146	1.43576889187546	162	17	 4.52831e-06	    0.999995	2	 0.000705489	    0.999295	2	   0.0209605	    0.979039	 0.000705397	    0.999295
17	-0.996201639682667	1.4215456684492	0.122653565872089	163	17	 4.52831e-06	    0.999995	2	  0.00882685	    0.991173	2	     0.21264	     0.78736	  0.00882593	    0.991174
17	-0.858331208674942	1.72380537594262	-1.2473017482383	164	17	 4.52831e-06	    0.999995	2	  0.00655686	    0.993443	2	    0.166774	    0.833226	  0.00655614	    0.993444
17	-0.95073827250376	0.233168323016641	-0.755010783579252	165	17	 4.52831e-06	    0.999995	2	 0.000974743	    0.999025	2	   0.0287379	    0.971262	 0.000974617	    0.999025
17	-1.12179377839042	-0.727001018143893	-0.899743812190683	166	17	 4.52831e-06	    0.999995	2	 0.000190643	    0.999809	2	  0.00574915	    0.994251	 0.000190618	    0.999809
17	1.86492378724225	1.90226495243696	2.36692752414388	167	17	 4.52831e-06	    0.999995	2	     0.98174	   0.0182597	1	    0.999387	 0.000612873	     0.98174	   0.0182598
17	-0.874073743405184	0.585961782997166	-0.164920421466188	168	17	 4.52831e-06	    0.999995	2	  0.00279517	    0.997205	2	   0.0783433	    0.921657	  0.00279483	    0.997205
17	0.258678991135885	-0.544374179905052	0.783275861048595	169	17	 4.52831e-06	    0.999995	2	   0.0135153	    0.986485	2	    0.293529	    0.706471	   0.0135141	    0.986486
17	0.254858699461153	0.409050332840719	2.12254506838344	170	17	 4.52831e-06	    0.999995	2	    0.126602	    0.873398	2	    0.814685	    0.185315	    0.126599	    0.873401
18	0.727641866150229	0.746362696888084	1.56293881385894	171	18	    0.999996	 4.17891e-06	1	    0.920603	   0.0793974	1	    0.920605	   0.0793947	    0.276575	    0.723425
18	1.33692841621577	2.07009791912472	0.579989547295889	172	18	    0.999996	 4.17891e-06	1	    0.992569	  0.00743123	1	     0.99257	  0.00743049	    0.814964	    0.185036
18	1.70345687017646	0.710780721743715	0.352921046890718	173	18	    0.999996	 4.17891e-06	1	    0.973043	    0.026957	1	    0.973045	   0.0269552	    0.543426	    0.456574
18	1.42603357314221	0.696924175585761	1.07518369943682	174	18	    0.999996	 4.17891e-06	1	    0.971242	   0.0287583	1	    0.971244	   0.0287565	    0.526874	    0.473126
18	1.97382591801084	0.436007228008016	2.94562907808029	175	18	    0.999996	 4.17891e-06	1	     0.99779	  0.00221026	1	     0.99779	  0.00221001	    0.937052	   0.0629477
18	2.25972722385861	0.862860397141603	0.0522982112994601	176	18	    0.999996	 4.17891e-06	1	    0.992389	  0.00761096	1	     0.99239	   0.0076102	    0.811305	    0.188695
18	2.53341757156472	2.60721245296224	3.3190402158657	177	18	    0.999996	 4.17891e-06	1	    0.999983	 1.69034e-05	1	    0.999983	 1.69014e-05	    0.999488	 0.000512352
18	1.45793139597107	1.29076985023883	0.990352107756962	178	18	    0.999996	 4.17891e-06	1	    0.987284	   0.0127161	1	    0.987285	    0.012715	    0.719112	    0.280888
18	2.33766844659759	1.13646608487061	-0.14111850769508	179	18	    0.999996	 4.17891e-06	1	    0.994994	  0.00500594	1	    0.994995	  0.00500541	    0.867623	    0.132377
18	1.76208713976363	1.31835069247815	0.711891100259523	180	18	    0.999996	 4.17891e-06	1	    0.992327	  0.00767291	1	    0.992328	  0.00767215	    0.810051	    0.189949
19	1.12569776459416	0.480430382658912	-0.132985168861337	181	19	 2.00601e-05	     0.99998	2	    0.138404	    0.861596	2	    0.829684	    0.170316	     0.13839	     0.86161
19	2.20468789818532	0.496829489124653	1.84548535118944	182	19	 2.00601e-05	     0.99998	2	    0.910301	    0.089699	1	    0.996762	  0.00323848	    0.910299	   0.0897008
19	-0.0158696557762988	0.534279327053123	0.369850103286845	183	19	 2.00601e-05	     0.99998	2	   0.0215639	    0.978436	2	    0.400548	    0.599452	   0.0215563	    0.978444
19	0.185196040701289	0.182908914223469	-0.260936649257345	184	19	 2.00601e-05	     0.99998	2	   0.0127311	    0.987269	2	    0.281059	    0.718941	   0.0127257	    0.987274
19	0.108231141887518	-0.0813525307257733	-0.123058151754665	185	19	 2.00601e-05	     0.99998	2	  0.00860559	    0.991394	2	    0.208324	    0.791676	  0.00860158	    0.991398
19	0.673992699568888	0.1384163564404	0.169713359729811	186	19	 2.00601e-05	     0.99998	2	   0.0457498	     0.95425	2	    0.592455	    0.407545	   0.0457389	    0.954261
19	-0.951967116015085	0.588899054635062	0.789256800804347	187	19	 2.00601e-05	     0.99998	2	    0.005125	    0.994875	2	    0.135066	    0.864934	  0.00512239	    0.994878
19	-0.49847329238345	-1.0739409797129	1.96865213504576	188	19	 2.00601e-05	     0.99998	2	  0.00427252	    0.995727	2	    0.115099	    0.884901	   0.0042703	     0.99573
19	-0.653518730626198	0.457626789177041	-0.655033112503761	189	19	 2.00601e-05	     0.99998	2	  0.00251231	    0.997488	2	   0.0709313	    0.929069	  0.00251094	    0.997489
19	-0.126079083822503	0.0543110102029748	0.421352461850474	190	19	 2.00601e-05	     0.99998	2	  0.00964463	    0.990355	2	    0.227935	    0.772065	  0.00964025	     0.99036
20	-0.63786646305784	0.158470192979915	0.562481704412026	191	20	  0.00201652	    0.997983	2	  0.00467393	    0.995326	2	    0.119206	    0.880794	  0.00444251	    0.995557
20	0.337567398663831	-0.813342932895247	-0.606479489220191	192	20	  0.00201652	    0.997983	2	  0.00417343	    0.995827	2	    0.107709	    0.892291	  0.00396423	    0.996036
20	-0.0293290444389355	0.0356984708147624	1.39139341182056	193	20	  0.00201652	    0.997983	2	   0.0260565	    0.973944	2	    0.439687	    0.560313	   0.0252207	    0.974779
20	3.22872814344106	2.46158272381332	0.627369261228162	194	20	  0.00201652	    0.997983	2	    0.998736	  0.00126352	1	    0.999958	 4.17926e-05	    0.998734	  0.00126599
20	1.5852807887064	-1.45760980001734	0.328481174591335	195	20	  0.00201652	    0.997983	2	   0.0586146	    0.941385	2	    0.648835	    0.351165	    0.057422	    0.942578
20	-0.314372753193934	-0.778625248191587	0.899267296278749	196	20	  0.00201652	    0.997983	2	  0.00366621	    0.996334	2	   0.0957732	    0.904227	  0.00348009	     0.99652
20	2.97575265935204	0.193371673100535	2.2466838975188	197	20	  0.00201652	    0.997983	2	     0.98471	   0.0152896	1	    0.999487	 0.000512702	    0.984681	   0.0153195
20	0.742089703332306	-1.13747439742242	1.53657622213191	198	20	  0.00201652	    0.997983	2	   0.0358262	    0.964174	2	    0.522649	    0.477351	   0.0348425	    0.965158
20	2.22545763479131	-0.657669474390037	0.461103406878774	199	20	  0.00201652	    0.997983	2	    0.434614	    0.565386	2	    0.958701	   0.0412987	    0.433555	    0.566445
20	-1.49733966351932	-0.123637489032013	0.314646862690623	200	20	  0.00201652	    0.997983	2	 0.000523533	    0.999476	2	   0.0147895	     0.98521	 0.000494707	    0.999505
21	3.10607312374539	0.91052932803361	-1.31010816846516	201	21	    0.999993	 6.67066e-06	1	    0.997579	  0.00242145	1	    0.997579	  0.00242101	    0.931441	   0.0685592
21	1.47169339304655	1.81586646631854	2.67469876825725	202	21	    0.999993	 6.67066e-06	1	      0.9987	  0.00130049	1	      0.9987	  0.00130024	    0.962013	   0.0379868
21	3.37600858615402	1.01814870586042	2.08411743759588	203	21	    0.999993	 6.67066e-06	1	    0.999929	  7.0675e-05	1	    0.999929	 7.06612e-05	    0.997861	  0.00213867
21	1.09758167155414	1.70359630749665	2.05686574308177	204	21	    0.999993	 6.67066e-06	1	    0.993731	  0.00626888	1	    0.993732	  0.00626785	     0.83942	     0.16058
21	1.81222057537838	0.816917251662858	1.17214237922025	205	21	    0.999993	 6.67066e-06	1	    0.990577	  0.00942292	1	    0.990579	  0.00942149	    0.776118	    0.223882
21	1.12965314850037	0.124721427760624	1.10827098655939	206	21	    0.999993	 6.67066e-06	1	    0.892731	    0.107269	1	    0.892736	    0.107264	    0.215325	    0.784675
21	0.242566741570346	1.9553358883371	0.200671799797617	207	21	    0.999993	 6.67066e-06	1	    0.884061	    0.115939	1	    0.884066	    0.115934	    0.200912	    0.799088
21	3.21833015656087	2.47087547167979	0.18914221681036	208	21	    0.999993	 6.67066e-06	1	     0.99994	 5.99696e-05	1	     0.99994	 5.99579e-05	    0.998185	  0.00181529
21	1.01976914072545	0.871272616663824	2.27374872370615	209	21	    0.999993	 6.67066e-06	1	    0.980085	   0.0199149	1	    0.980088	   0.0199125	    0.618735	    0.381265
21	2.55959200346241	-0.406844673905326	2.11001434086661	210	21	    0.999993	 6.67066e-06	1	    0.996534	  0.00346641	1	    0.996534	   0.0034658	    0.904584	   0.0954161
22	0.720403503457711	0.430279699269625	-0.280981001124193	211	22	    0.999478	 0.000521703	1	    0.625027	    0.374973	1	    0.625326	    0.374674	   0.0521588	    0.947841
22	0.223362108737977	2.54751073690678	0.619737449311457	212	22	    0.999478	 0.000521703	1	    0.962127	   0.0378734	1	     0.96239	   0.0376101	    0.457611	    0.542389
22	2.22405602669843	2.40757767469965	0.803521898685057	213	22	    0.999478	 0.000521703	1	    0.999523	 0.000476574	1	    0.999531	 0.000469491	    0.985954	   0.0140459
22	0.860015380879042	1.47422289566106	2.40448062721728	214	22	    0.999478	 0.000521703	1	    0.989109	   0.0108912	1	    0.989233	   0.0107674	    0.751811	    0.248189
22	3.37689935228885	1.39584202840035	0.664456213387649	215	22	    0.999478	 0.000521703	1	    0.999859	 0.000141028	1	    0.999861	 0.000138911	    0.995804	  0.00419598
22	3.78010861285818	0.775470876432358	0.877920329964607	216	22	    0.999478	 0.000521703	1	      0.9999	 9.98265e-05	1	    0.999902	 9.83265e-05	    0.997026	  0.00297359
22	2.29405616608493	-0.122902377867849	0.154630315382301	217	22	    0.999478	 0.000521703	1	    0.976291	   0.0237093	1	    0.976499	   0.0235014	    0.578056	    0.421944
22	1.06835574916197	1.13745867636851	0.606654962382294	218	22	    0.999478	 0.000521703	1	    0.949579	   0.0504213	1	    0.949874	   0.0501263	    0.384538	    0.615462
22	2.63561573013303	1.86316134253455	2.11970875573138	219	22	    0.999478	 0.000521703	1	     0.99987	 0.000130418	1	    0.999872	  0.00012846	    0.996119	  0.00388148
22	-0.835824653377363	-0.312669862379037	-0.341897674345075	220	22	    0.999478	 0.000521703	1	    0.024351	    0.975649	2	   0.0243633	    0.975637	 0.000822676	    0.999177
23	-1.01989727087461	-0.718459587738167	0.0762608155127678	221	23	 2.21283e-06	    0.999998	2	 0.000484208	    0.999516	2	   0.0144791	    0.985521	 0.000484177	    0.999516
23	0.161469222777442	0.0184763208293739	1.0129384625626	222	23	 2.21283e-06	    0.999998	2	   0.0265711	    0.973429	2	    0.452909	    0.547091	   0.0265701	     0.97343
23	0.630325928930935	1.5608785746115	-1.20478643931236	223	23	 2.21283e-06	    0.999998	2	    0.101275	    0.898725	2	    0.773637	    0.226363	    0.101274	    0.898726
23	-0.0295000730129872	0.358970732772651	-0.832857293801954	224	23	 2.21283e-06	    0.999998	2	  0.00677534	    0.993225	2	    0.171418	    0.828582	  0.00677497	    0.993225
23	0.0123096815697504	0.3909250786151	1.23099762065948	225	23	 2.21283e-06	    0.999998	2	   0.0376343	    0.962366	2	    0.542548	    0.457452	   0.0376332	    0.962367
23	-0.291542071228928	-0.736088085427668	0.569575796658991	226	23	 2.21283e-06	    0.999998	2	   0.0029302	     0.99707	2	    0.081833	    0.918167	  0.00293002	     0.99707
23	1.70555685861385	-0.643125188297812	0.888007656876646	227	23	 2.21283e-06	    0.999998	2	    0.244755	    0.755245	2	    0.907654	   0.0923461	    0.244753	    0.755247
23	-1.4681797348409	-0.977764857434923	2.49371076285425	228	23	 2.21283e-06	    0.999998	2	  0.00120017	      0.9988	2	   0.0351605	    0.964839	   0.0012001	      0.9988
23	0.234854036923787	-1.92479318720243	0.711517175710277	229	23	 2.21283e-06	    0.999998	2	  0.00256329	    0.997437	2	   0.0723025	    0.927697	  0.00256313	    0.997437
23	-0.50907606118858	-1.42497492749134	-0.189154014170306	230	23	 2.21283e-06	    0.999998	2	    0.000474	    0.999526	2	    0.014178	    0.985822	 0.000473969	    0.999526
24	-0.11623551713465	2.26059691101895	0.412256687724039	231	24	    0.999996	  3.5092e-06	1	     0.87237	     0.12763	1	    0.872373	    0.127627	     0.18392	     0.81608
24	2.56393626201961	1.2373607519097	0.91041395702969	232	24	    0.999996	  3.5092e-06	1	     0.99891	  0.00108967	1	     0.99891	  0.00108956	    0.967978	   0.0320223
24	3.78903387677195	1.47503782798895	1.91576302258398	233	24	    0.999996	  3.5092e-06	1	    0.999985	  1.4658e-05	1	    0.999985	 1.46565e-05	    0.999556	 0.000444329
24	2.05319828720229	2.96739797311283	1.55519596969865	234	24	    0.999996	  3.5092e-06	1	    0.999847	 0.000152611	1	    0.999847	 0.000152596	    0.995393	  0.00460749
24	2.91289272204014	2.4554758404115	0.48814488610868	235	24	    0.999996	  3.5092e-06	1	    0.999895	 0.000104555	1	    0.999895	 0.000104544	    0.996839	  0.00316104
24	1.85349035226647	-0.164447024225058	1.39110732814837	236	24	    0.999996	  3.5092e-06	1	    0.974497	   0.0255025	1	    0.974499	   0.0255011	    0.557517	    0.442483
24	1.8238012982987	2.89007003168009	-0.584088425464124	237	24	    0.999996	  3.5092e-06	1	    0.998354	  0.00164636	1	    0.998354	   0.0016462	    0.952372	   0.0476284
24	0.944463256902326	1.0464049843747	0.75746825871334	238	24	    0.999996	  3.5092e-06	1	    0.934738	   0.0652622	1	     0.93474	   0.0652601	    0.320772	    0.679228
24	3.23906895247316	0.473428440261142	0.866240943501652	239	24	    0.999996	  3.5092e-06	1	    0.999396	 0.000604166	1	    0.999396	 0.000604105	    0.981997	   0.0180031
24	1.12782635671548	3.05834395978086	0.963869477938082	240	24	    0.999996	  3.5092e-06	1	    0.998179	  0.00182101	1	    0.998179	  0.00182084	    0.947575	   0.0524249
25	-0.685512759930939	-2.18025886406638	-2.16302792517267	241	25	 7.15603e-06	    0.999993	2	 3.76859e-05	    0.999962	2	  0.00114148	    0.998859	  3.7678e-05	    0.999962
25	1.75405541628753	0.154773029604536	0.448725193243326	242	25	 7.15603e-06	    0.999993	2	    0.407861	    0.592139	2	    0.954317	   0.0456825	    0.407857	    0.592143
25	0.285918893561696	0.676776971264683	-0.296717145190413	243	25	 7.15603e-06	    0.999993	2	   0.0290558	    0.970944	2	    0.475756	    0.524244	   0.0290526	    0.970947
25	-0.0962387387695353	-1.0270637908282	-1.78498387795703	244	25	 7.15603e-06	    0.999993	2	 0.000551889	    0.999448	2	   0.0164684	    0.983532	 0.000551775	    0.999448
25	0.5360352486976	0.28271686041698	-0.3205357323145	245	25	 7.15603e-06	    0.999993	2	   0.0286783	    0.971322	2	    0.472399	    0.527601	   0.0286751	    0.971325
25	-0.709831218060594	-1.6931570482701	0.381892582683205	246	25	 7.15603e-06	    0.999993	2	 0.000370664	    0.999629	2	   0.0111188	    0.988881	 0.000370587	    0.999629
25	0.276400851281746	0.371972778731193	-1.13687118918972	247	25	 7.15603e-06	    0.999993	2	   0.0104656	    0.989534	2	    0.242837	    0.757163	   0.0104639	    0.989536
25	0.307538741741893	1.33643652337677	1.08830456771062	248	25	 7.15603e-06	    0.999993	2	    0.191958	    0.808042	2	    0.878119	    0.121881	    0.191953	    0.808047
25	-0.826253016429561	-0.297441516166575	-0.487942694354744	249	25	 7.15603e-06	    0.999993	2	 0.000766211	    0.999234	2	   0.0227233	    0.977277	 0.000766054	    0.999234
25	0.445342810177667	-0.244721369311094	-0.00388018292343139	250	25	 7.15603e-06	    0.999993	2	   0.0154922	    0.984508	2	     0.32304	     0.67696	     0.01549	     0.98451
26	-0.54951846472008	-0.413637678802945	-0.73609748483155	251	26	 0.000169568	     0.99983	2	 0.000956512	    0.999043	2	   0.0280866	    0.971913	 0.000951911	    0.999048
26	0.557018043890101	2.10737646643977	0.154831001223563	252	26	 0.000169568	     0.99983	2	    0.373595	    0.626405	2	    0.947592	   0.0524076	    0.373498	    0.626502
26	-0.224787352050971	0.696859046720892	-0.0433811547784795	253	26	 0.000169568	     0.99983	2	   0.0128411	    0.987159	2	    0.282179	    0.717821	   0.0127954	    0.987205
26	0.301541205096059	-0.411334331051676	-1.04426012502585	254	26	 0.000169568	     0.99983	2	  0.00437282	    0.995627	2	    0.117093	    0.882907	   0.0043537	    0.995646
26	2.17455055116389	-0.647497727002397	1.17041592245195	255	26	 0.000169568	     0.99983	2	    0.551472	    0.448528	1	    0.973876	   0.0261237	      0.5514	      0.4486
26	-0.582841397247516	1.40632627376014	0.611681478405954	256	26	 0.000169568	     0.99983	2	   0.0280093	    0.971991	2	    0.465697	    0.534303	   0.0279351	    0.972065
26	-0.229003608218135	1.06877313516691	-0.140193748737236	257	26	 0.000169568	     0.99983	2	   0.0196468	    0.980353	2	    0.377296	    0.622704	   0.0195861	    0.980414
26	0.995383822650051	0.148383591663828	1.7063598962522	258	26	 0.000169568	     0.99983	2	    0.259894	    0.740106	2	    0.914121	   0.0858794	    0.259783	    0.740217
26	0.702549863325071	-0.564039533662913	0.386017585174254	259	26	 0.000169568	     0.99983	2	   0.0244978	    0.975502	2	    0.431644	    0.568356	   0.0244288	    0.975571
26	-1.06911765608834	-2.34613928398795	-1.49397022868185	260	26	 0.000169568	     0.99983	2	  2.3669e-05	    0.999976	2	  0.00071382	    0.999286	 2.35519e-05	    0.999976
27	-0.115622009338538	-1.36419896888708	-0.755194556491576	261	27	 5.46395e-05	    0.999945	2	 0.000738287	    0.999262	2	   0.0218835	    0.978116	 0.000737131	    0.999263
27	0.692424214921812	0.956998068886062	-2.19459413112319	262	27	 5.46395e-05	    0.999945	2	    0.027359	    0.972641	2	    0.460149	    0.539851	   0.0273354	    0.972665
27	-1.67194797365458	-1.76773984318153	0.830990502472002	263	27	 5.46395e-05	    0.999945	2	 8.00539e-05	     0.99992	2	  0.00241843	    0.997582	 7.99262e-05	     0.99992
27	0.160245362696853	0.224320507387706	-0.0930907466116409	264	27	 5.46395e-05	    0.999945	2	    0.014476	    0.985524	2	    0.307956	    0.692044	     0.01446	     0.98554
27	-0.774689485196757	0.780771497213218	-0.24478221374434	265	27	 5.46395e-05	    0.999945	2	  0.00416059	    0.995839	2	    0.112321	    0.887679	  0.00415468	    0.995845
27	2.1155306640967	2.11702228729531	-0.658123073448846	266	27	 5.46395e-05	    0.999945	2	    0.917442	   0.0825581	1	    0.997042	  0.00295841	    0.917438	   0.0825625
27	-1.03897772143373	1.84852941100212	-0.707517187171975	267	27	 5.46395e-05	    0.999945	2	   0.0081846	    0.991815	2	    0.199973	    0.800027	  0.00817412	    0.991826
27	0.177564889148007	-0.583950532115303	1.08991852088253	268	27	 5.46395e-05	    0.999945	2	   0.0140219	    0.985978	2	    0.301106	    0.698894	   0.0140062	    0.985994
27	1.68886362116128	-0.1623272532161	0.234556973188288	269	27	 5.46395e-05	    0.999945	2	    0.249841	    0.750159	2	    0.909904	   0.0900962	    0.249805	    0.750195
27	1.17859536149139	0.522778175036325	-0.97672798230835	270	27	 5.46395e-05	    0.999945	2	   0.0932002	      0.9068	2	    0.757039	    0.242961	   0.0931639	    0.906836
28	-0.389312673408208	1.17314878878531	-1.22448330948647	271	28	 5.97505e-07	    0.999999	2	  0.00754142	    0.992459	2	    0.187296	    0.812704	  0.00754131	    0.992459
28	-1.07264845556647	-0.512928554618491	0.546485651164496	272	28	 5.97505e-07	    0.999999	2	 0.000813476	    0.999187	2	   0.0240968	    0.975903	 0.000813462	    0.999187
28	-0.39534635863751	-0.000137571321359344	-0.873994161330058	273	28	 5.97505e-07	    0.999999	2	  0.00196819	    0.998032	2	   0.0564351	    0.943565	  0.00196816	    0.998032
28	-0.84498759833155	-0.639127325142142	-0.0292131435225772	274	28	 5.97505e-07	    0.999999	2	 0.000687457	    0.999313	2	   0.0204376	    0.979562	 0.000687445	    0.999313
28	-0.655940482090013	0.178497150503847	-0.556447545398077	275	28	 5.97505e-07	    0.999999	2	  0.00186061	    0.998139	2	   0.0535098	     0.94649	  0.00186057	    0.998139
28	-2.50699143903884	0.497458218916702	0.33313449065802	276	28	 5.97505e-07	    0.999999	2	 0.000188973	    0.999811	2	  0.00569971	      0.9943	  0.00018897	    0.999811
28	0.167839957700375	-0.163392869712998	-1.15511008369447	277	28	 5.97505e-07	    0.999999	2	  0.00414393	    0.995856	2	    0.112061	    0.887939	  0.00414386	    0.995856
28	1.21561048096742	0.414794373609588	0.840609543440712	278	28	 5.97505e-07	    0.999999	2	    0.280359	    0.719641	2	    0.921971	   0.0780291	    0.280359	    0.719641
28	0.255145945830071	-0.577372784950053	1.11407234456493	279	28	 5.97505e-07	    0.999999	2	   0.0169027	    0.983097	2	    0.342735	    0.657265	   0.0169026	    0.983097
28	1.61906288695254	-2.04667444820741	0.585076505157092	280	28	 5.97505e-07	    0.999999	2	   0.0412219	    0.958778	2	    0.565967	    0.434033	   0.0412216	    0.958778
29	1.99587869050023	-0.0485871311195276	2.86241145086029	281	29	    0.999119	 0.000881478	1	     0.99564	  0.00436002	1	    0.995738	  0.00426249	    0.885088	    0.114912
29	2.3148199956051	3.29963146692588	1.26615355161842	282	29	    0.999119	 0.000881478	1	    0.999938	 6.20441e-05	1	     0.99994	 6.04833e-05	    0.998169	  0.00183116
29	2.1648510186425	2.80944017885248	-1.46771238735828	283	29	    0.999119	 0.000881478	1	    0.998393	  0.00160717	1	    0.998432	  0.00156847	    0.954522	   0.0454783
29	-0.712664522447988	-1.70286263613771	0.29837045239462	284	29	    0.999119	 0.000881478	1	   0.0102415	    0.989759	2	   0.0102502	     0.98975	 0.000341348	    0.999659
29	0.723442409530465	2.33618670428393	1.61449779060585	285	29	    0.999119	 0.000881478	1	    0.991782	  0.00821824	1	    0.991949	  0.00805121	    0.802459	    0.197541
29	3.06812336608449	2.17959514747124	0.829432485841276	286	29	    0.999119	 0.000881478	1	    0.999915	   8.463e-05	1	    0.999917	 8.25023e-05	    0.997504	  0.00249619
29	1.19711983153041	1.15215280315936	1.87082177931766	287	29	    0.999119	 0.000881478	1	    0.986663	   0.0133366	1	    0.986905	   0.0130952	    0.713045	    0.286955
29	-0.843216047181376	-0.809367218244861	0.700267617472689	288	29	    0.999119	 0.000881478	1	   0.0295245	    0.970475	2	   0.0295497	     0.97045	  0.00100296	    0.998997
29	3.43512874262739	0.421676075495683	1.20233540156714	289	29	    0.999119	 0.000881478	1	    0.999696	 0.000303767	1	    0.999704	 0.000296178	    0.991094	   0.0089055
29	1.02262325136113	2.03426778609473	-2.09866452837446	290	29	    0.999119	 0.000881478	1	    0.899322	    0.100678	1	    0.899914	    0.100086	    0.228668	    0.771332
30	2.28381210597011	-0.80410054309062	0.93511502458032	291	30	     0.64068	     0.35932	1	    0.809025	    0.190975	1	    0.970575	   0.0294246	    0.520974	    0.479026
30	0.31291940345886	0.783977578232646	-1.69073344430572	292	30	     0.64068	     0.35932	1	    0.192275	    0.807725	2	    0.292566	    0.707434	   0.0134522	    0.986548
30	3.52153985940757	0.695525323998304	1.45121455935945	293	30	     0.64068	     0.35932	1	    0.998476	  0.00152395	1	    0.999867	 0.000132559	    0.995995	  0.00400485
30	-0.812133727248252	1.03579906282525	-0.841695071707281	294	30	     0.64068	     0.35932	1	   0.0636802	     0.93632	2	   0.0974062	    0.902594	   0.0035456	    0.996454
30	2.05106006219387	3.0908332063773	0.47833636975518	295	30	     0.64068	     0.35932	1	    0.996481	   0.0035192	1	    0.999692	 0.000307591	    0.990754	  0.00924561
30	1.51187056115273	0.771559372080696	1.84573428417429	296	30	     0.64068	     0.35932	1	    0.901046	   0.0989545	1	    0.988814	   0.0111857	    0.744551	    0.255449
30	0.660503280500508	2.23430495106159	1.7050164157158	297	30	     0.64068	     0.35932	1	    0.909564	   0.0904359	1	    0.990033	  0.00996709	    0.766085	    0.233915
30	1.06424021285117	1.65436694549096	-0.52204882481246	298	30	     0.64068	     0.35932	1	    0.731072	    0.268928	1	    0.943041	   0.0569589	    0.353124	    0.646876
30	-0.874912261575764	-1.32458052616229	0.435064583789573	299	30	     0.64068	     0.35932	1	  0.00822394	    0.991776	2	   0.0126004	      0.9874	 0.000420578	    0.999579
30	-0.832404217116367	-0.386334984391695	0.432416933628405	300	30	     0.64068	     0.35932	1	   0.0261935	    0.973807	2	   0.0401121	    0.959888	  0.00137593	    0.998624
31	1.78694336745967	0.444344189744496	0.986788694334111	301	31	 1.59517e-05	    0.999984	2	    0.628047	    0.371953	1	    0.980847	   0.0191534	    0.628042	    0.371958
31	-0.148486001349966	-0.0428628305640364	0.792547026785751	302	31	 1.59517e-05	    0.999984	2	   0.0109679	    0.989032	2	     0.25162	     0.74838	   0.0109641	    0.989036
31	-0.075830456184338	1.26843173713222	-1.79034337671713	303	31	 1.59517e-05	    0.999984	2	   0.0110886	    0.988911	2	    0.253708	    0.746292	   0.0110847	    0.988915
31	-0.622058351431822	-0.0535401462262305	1.96716570572158	304	31	 1.59517e-05	    0.999984	2	   0.0114354	    0.988565	2	    0.259652	    0.740348	   0.0114315	    0.988569
31	0.453513837844088	-0.061700692306365	-0.0367471541018269	305	31	 1.59517e-05	    0.999984	2	   0.0192931	    0.980707	2	    0.373622	    0.626378	   0.0192875	    0.980713
31	1.1347752001438	0.367152596162325	2.22856013245129	306	31	 1.59517e-05	    0.999984	2	    0.504015	    0.495985	1	    0.968573	   0.0314274	    0.504007	    0.495993
31	-1.28924386007341	1.09537210892865	-1.57536410331916	307	31	 1.59517e-05	    0.999984	2	 0.000932879	    0.999067	2	   0.0275278	    0.972472	 0.000932455	    0.999068
31	0.137448527951058	-1.42977655331528	0.333809274825518	308	31	 1.59517e-05	    0.999984	2	  0.00263593	    0.997364	2	   0.0741789	    0.925821	  0.00263479	    0.997365
31	-0.164076238697848	-0.504991557893732	-1.35309750711904	309	31	 1.59517e-05	    0.999984	2	   0.0011954	    0.998805	2	   0.0350123	    0.964988	  0.00119486	    0.998805
31	-0.0187064791585083	-2.23119443565364	-0.221649518192383	310	31	 1.59517e-05	    0.999984	2	  0.00053023	     0.99947	2	    0.015828	    0.984172	 0.000529986	     0.99947
32	-0.214808995802467	0.786126206572782	1.98500663407143	311	32	 3.88977e-05	    0.999961	2	   0.0747409	    0.925259	2	    0.710067	    0.289933	   0.0747162	    0.925284
32	1.04961835618881	-1.06765187880377	0.47046336568705	312	32	 3.88977e-05	    0.999961	2	   0.0306547	    0.969345	2	    0.489421	    0.510579	   0.0306368	    0.969363
32	-1.78140148959061	-0.637938687744245	-0.372885600795382	313	32	 3.88977e-05	    0.999961	2	 9.21378e-05	    0.999908	2	  0.00278378	    0.997216	 9.20331e-05	    0.999908
32	-0.231624274801336	1.58507214905885	-2.14145755990379	314	32	 3.88977e-05	    0.999961	2	   0.0101802	     0.98982	2	    0.237607	    0.762393	   0.0101713	    0.989829
32	0.585334071069629	-1.4438926128979	-0.590928862111981	315	32	 3.88977e-05	    0.999961	2	  0.00330726	    0.996693	2	    0.091351	    0.908649	  0.00330383	    0.996696
32	1.62248740442192	0.677658256903132	1.02912806490405	316	32	 3.88977e-05	    0.999961	2	    0.620731	    0.379269	1	    0.980251	    0.019749	    0.620717	    0.379283
32	-0.23053823886158	-0.355228821091102	0.56394056978389	317	32	 3.88977e-05	    0.999961	2	  0.00523677	    0.994763	2	    0.137564	    0.862436	  0.00523163	    0.994768
32	-0.922248071805758	-0.540403361973478	0.975398684022928	318	32	 3.88977e-05	    0.999961	2	  0.00149186	    0.998508	2	   0.0433049	    0.956695	  0.00149023	     0.99851
32	1.39527752325003	1.23369456897514	-0.395150187512322	319	32	 3.88977e-05	    0.999961	2	    0.406502	    0.593498	2	    0.954068	   0.0459317	    0.406481	    0.593519
32	0.064299909750879	0.172190100256439	-0.55148011042001	320	32	 3.88977e-05	    0.999961	2	  0.00789972	      0.9921	2	    0.194378	    0.805622	  0.00789247	    0.992108
33	-0.658668650512465	0.699783557218427	-0.332628658620974	321	33	 4.01718e-05	     0.99996	2	  0.00437236	    0.995628	2	    0.117429	    0.882571	  0.00436782	    0.995632
33	-1.05431768446357	0.72189931021328	-0.130056499041055	322	33	 4.01718e-05	     0.99996	2	  0.00244474	    0.997555	2	   0.0691155	    0.930884	  0.00244206	    0.997558
33	-1.53297740769771	-2.58515946969759	0.467433926538207	323	33	 4.01718e-05	     0.99996	2	 3.33267e-05	    0.999967	2	   0.0010086	    0.998991	 3.32875e-05	    0.999967
33	0.406597647058725	-0.0865285229430773	-0.455261040907654	324	33	 4.01718e-05	     0.99996	2	   0.0124213	    0.987579	2	     0.27596	     0.72404	   0.0124107	    0.987589
33	2.35189317600025	1.14068714338038	-0.90799736373411	325	33	 4.01718e-05	     0.99996	2	    0.794748	    0.205252	1	    0.991556	  0.00844373	     0.79474	     0.20526
33	-1.73077161998235	-1.02355342649085	0.268016201503449	326	33	 4.01718e-05	     0.99996	2	 0.000104731	    0.999895	2	  0.00316298	    0.996837	 0.000104608	    0.999895
33	-0.188787487707429	-0.426247827706524	2.97300329137596	327	33	 4.01718e-05	     0.99996	2	   0.0419967	    0.958003	2	    0.570606	    0.429394	   0.0419755	    0.958025
33	-1.39980045820974	0.75280313308748	-1.21580381596741	328	33	 4.01718e-05	     0.99996	2	 0.000603564	    0.999396	2	   0.0179668	    0.982033	 0.000602867	    0.999397
33	0.176797450702696	0.87631459889301	-2.03751484576049	329	33	 4.01718e-05	     0.99996	2	  0.00919241	    0.990808	2	    0.219436	    0.780564	  0.00918396	    0.990816
33	2.45284804748212	1.57715364267426	-0.370217576809984	330	33	 4.01718e-05	     0.99996	2	    0.932203	   0.0677969	1	    0.997608	   0.0023923	      0.9322	   0.0677996
34	1.14669192568764	0.442785421839649	2.38512319406984	331	34	    0.999949	 5.06975e-05	1	    0.975816	   0.0241845	1	    0.975836	    0.024164	    0.571095	    0.428905
34	2.9272355377334	1.24082446383838	0.137391834322716	332	34	    0.999949	 5.06975e-05	1	    0.999176	 0.000824324	1	    0.999177	 0.000823129	    0.975624	   0.0243764
34	2.02813877951271	1.59737807064689	-0.235357625036354	333	34	    0.999949	 5.06975e-05	1	     0.99421	  0.00578984	1	    0.994217	  0.00578253	    0.850051	    0.149949
34	2.35599828197255	1.34711999836847	1.3718966466807	334	34	    0.999949	 5.06975e-05	1	    0.998953	  0.00104698	1	    0.998955	  0.00104547	    0.969235	   0.0307651
34	3.2735139019278	0.953380762569165	1.32566514379181	335	34	    0.999949	 5.06975e-05	1	    0.999804	 0.000195776	1	    0.999805	 0.000195487	    0.994105	  0.00589518
34	1.58746448520009	2.06574994905253	0.968409564706898	336	34	    0.999949	 5.06975e-05	1	    0.996909	   0.0030906	1	    0.996914	   0.0030864	    0.914162	    0.085838
34	1.68910587666728	3.77135738317937	1.9382692005848	337	34	    0.999949	 5.06975e-05	1	    0.999934	 6.61931e-05	1	    0.999934	  6.6095e-05	    0.997999	  0.00200073
34	0.675603609119909	-0.807882850557068	1.78841356122434	338	34	    0.999949	 5.06975e-05	1	     0.63424	     0.36576	1	    0.634269	    0.365731	   0.0540881	    0.945912
34	2.85146402085391	4.25113513899181	2.00595526321922	339	34	    0.999949	 5.06975e-05	1	    0.999998	 1.64812e-06	1	    0.999998	 1.64568e-06	     0.99995	 4.99098e-05
34	0.27203534818749	-0.428215732553452	1.72251345782201	340	34	    0.999949	 5.06975e-05	1	    0.522304	    0.477696	1	    0.522329	    0.477671	   0.0347993	    0.965201
35	2.04159702462096	1.01174664619083	-0.789679950675815	341	35	    0.999998	 2.35442e-06	1	    0.980698	   0.0193024	1	    0.980698	   0.0193015	    0.626205	    0.373795
35	1.83102421117001	0.893043588720438	-0.099655541357546	342	35	    0.999998	 2.35442e-06	1	    0.977707	   0.0222927	1	    0.977708	   0.0222918	    0.591188	    0.408812
35	1.58833186364889	0.726965454561883	0.21794464964738	343	35	    0.999998	 2.35442e-06	1	    0.962173	   0.0378267	1	    0.962174	   0.0378255	    0.456138	    0.543862
35	3.39681851713682	-0.810518345304295	-0.762326744136736	344	35	    0.999998	 2.35442e-06	1	    0.992854	   0.0071459	1	    0.992855	  0.00714549	    0.820831	    0.179169
35	0.954146046056464	1.50887154867682	1.25434958706151	345	35	    0.999998	 2.35442e-06	1	    0.977247	   0.0227528	1	    0.977248	   0.0227519	    0.586127	    0.413873
35	2.11682898572375	0.718883741694467	0.28879280181168	346	35	    0.999998	 2.35442e-06	1	     0.98919	   0.0108097	1	    0.989191	   0.0108092	     0.75108	     0.24892
35	2.10562756929295	3.26929570864634	0.806398277245272	347	35	    0.999998	 2.35442e-06	1	    0.999846	 0.000154065	1	    0.999846	 0.000154054	    0.995349	  0.00465133
35	1.93197076668907	1.74472666914515	3.70243946617063	348	35	    0.999998	 2.35442e-06	1	    0.999816	 0.000184139	1	    0.999816	 0.000184127	    0.994446	  0.00555443
35	1.68450151113721	0.637621486037783	2.27872833332577	349	35	    0.999998	 2.35442e-06	1	    0.993853	  0.00614716	1	    0.993853	   0.0061468	    0.842048	    0.157952
35	2.48326339560894	1.12034993203592	-0.00752806363713443	350	35	    0.999998	 2.35442e-06	1	    0.996745	  0.00325549	1	    0.996745	  0.00325528	    0.909874	   0.0901256
36	2.512212941323	1.56093647818301	1.68397607932582	351	36	    0.999963	 3.71094e-05	1	    0.999599	 0.000401096	1	    0.999599	 0.000400666	    0.987989	   0.0120107
36	1.05186932865222	0.711698484098209	-0.084602286916132	352	36	    0.999963	 3.71094e-05	1	    0.854265	    0.145735	1	    0.854291	    0.145709	    0.161996	    0.838004
36	2.76993374451809	0.97339104462445	2.75532403173671	353	36	    0.999963	 3.71094e-05	1	    0.999813	 0.000186594	1	    0.999814	 0.000186393	    0.994378	  0.00562241
36	0.309143208179424	0.667483831945841	0.699361026386431	354	36	    0.999963	 3.71094e-05	1	    0.672609	    0.327391	1	    0.672632	    0.327368	   0.0634471	    0.936553
36	2.3059154662868	2.62038058727414	0.713225689370625	355	36	    0.999963	 3.71094e-05	1	    0.999703	 0.000297158	1	    0.999703	 0.000296838	    0.991075	  0.00892517
36	1.74841710274908	2.7243488231696	0.857820305025915	356	36	    0.999963	 3.71094e-05	1	    0.999166	 0.000834325	1	    0.999167	  0.00083344	    0.975326	   0.0246745
36	2.11893393287275	3.07004432958644	-0.203974549793585	357	36	    0.999963	 3.71094e-05	1	    0.999538	 0.000461779	1	    0.999539	 0.000461284	    0.986196	   0.0138037
36	0.470273282979423	1.76034498396314	0.217700569601325	358	36	    0.999963	 3.71094e-05	1	     0.90325	   0.0967498	1	    0.903275	    0.096725	     0.23542	     0.76458
36	2.5253109118915	3.05197248033522	-0.0799622667500017	359	36	    0.999963	 3.71094e-05	1	    0.999837	 0.000162772	1	    0.999837	 0.000162596	    0.995092	  0.00490802
36	2.86448172314306	-0.998878812667183	0.793645302673957	360	36	    0.999963	 3.71094e-05	1	    0.989741	   0.0102588	1	     0.98975	   0.0102503	    0.760974	    0.239026
37	1.92857557212169	4.62877176920555	1.94067516223396	361	37	    0.999999	 6.84318e-07	1	    0.999992	 8.19961e-06	1	    0.999992	 8.19945e-06	    0.999751	 0.000248623
37	2.16739380408103	1.38483069879637	0.948511825561097	362	37	    0.999999	 6.84318e-07	1	    0.997778	  0.00222173	1	    0.997778	  0.00222169	     0.93674	   0.0632601
37	0.394576906268911	1.91544922687215	0.751762427367678	363	37	    0.999999	 6.84318e-07	1	    0.938982	   0.0610177	1	    0.938983	   0.0610173	    0.336602	    0.663398
37	1.47036422183843	2.44610853766896	-0.314948271428587	364	37	    0.999999	 6.84318e-07	1	    0.993835	  0.00616524	1	    0.993835	  0.00616514	    0.841649	    0.158351
37	1.12388603693149	2.1918382182806	1.07886057054284	365	37	    0.999999	 6.84318e-07	1	    0.993396	  0.00660397	1	    0.993396	  0.00660386	    0.832209	    0.167791
37	0.815354115422086	2.60547714940451	1.77962845848292	366	37	    0.999999	 6.84318e-07	1	    0.996252	  0.00374777	1	    0.996252	   0.0037477	    0.897592	    0.102408
37	1.41079491761842	2.69818202300961	1.47353305758842	367	37	    0.999999	 6.84318e-07	1	    0.998877	  0.00112267	1	    0.998877	  0.00112265	    0.967036	   0.0329637
37	2.18091246395453	2.14948702905017	-0.194919577498899	368	37	    0.999999	 6.84318e-07	1	    0.998292	  0.00170802	1	    0.998292	  0.00170798	    0.950669	   0.0493307
37	2.14567438780584	2.42019966127772	0.683488665822214	369	37	    0.999999	 6.84318e-07	1	    0.999388	 0.000612137	1	    0.999388	 0.000612125	    0.981762	   0.0182379
37	2.75568147858181	-0.520480045303651	2.101957761612	370	37	    0.999999	 6.84318e-07	1	    0.997519	  0.00248121	1	    0.997519	  0.00248117	    0.929853	   0.0701472
38	0.0277737773282606	1.07120435439418	0.548551968710226	371	38	   0.0322923	    0.967708	2	   0.0738676	    0.926132	2	     0.63848	     0.36152	   0.0550265	    0.944973
38	2.14470548833987	-0.253739263445229	0.976080297177014	372	38	   0.0322923	    0.967708	2	    0.623804	    0.376196	1	    0.979519	   0.0204811	    0.611934	    0.388066
38	-0.237564377306518	0.275681559856663	0.855318581184831	373	38	   0.0322923	    0.967708	2	   0.0239847	    0.976015	2	    0.308441	    0.691559	   0.0144924	    0.985508
38	-0.742848058234538	1.31642205984195	1.03575564505517	374	38	   0.0322923	    0.967708	2	   0.0389044	    0.961096	2	    0.442006	    0.557994	    0.025453	    0.974547
38	0.260905598625214	1.17014775965846	-0.22060217714758	375	38	   0.0322923	    0.967708	2	   0.0753273	    0.924673	2	    0.644237	    0.355763	   0.0563428	    0.943657
38	0.429427144905415	-0.541754707176925	0.683269051677046	376	38	   0.0322923	    0.967708	2	   0.0287488	    0.971251	2	    0.355347	    0.644653	   0.0178502	     0.98215
38	1.56498749169822	0.683410743294678	1.53948353179504	377	38	   0.0322923	    0.967708	2	    0.700045	    0.299955	1	    0.985438	    0.014562	    0.690521	    0.309479
38	1.49764928127945	0.0790148133366155	0.0650031334568678	378	38	   0.0322923	    0.967708	2	    0.225636	    0.774364	2	    0.885767	    0.114233	    0.203608	    0.796392
38	1.26469968482175	1.69155130412424	1.96583238086885	379	38	   0.0322923	    0.967708	2	    0.877042	    0.122958	1	    0.995231	  0.00476945	    0.873098	    0.126902
38	0.253423045269848	0.159890021622137	-0.350307643804304	380	38	   0.0322923	    0.967708	2	   0.0222636	    0.977736	2	    0.290422	    0.709578	   0.0133152	    0.986685
39	1.18370184032967	1.29324483290499	0.527921004457739	381	39	    0.999984	 1.64088e-05	1	    0.966345	   0.0336548	1	    0.966353	   0.0336469	    0.486377	    0.513623
39	3.22654969181861	2.7780306711156	-0.409231045331949	382	39	    0.999984	 1.64088e-05	1	    0.999943	 5.69106e-05	1	    0.999943	 5.68832e-05	    0.998278	  0.00172235
39	2.63448636466062	1.71721568162359	1.38951871819064	383	39	    0.999984	 1.64088e-05	1	    0.999695	 0.000304739	1	    0.999695	 0.000304594	    0.990844	  0.00915631
39	2.64310497059486	2.36191176672399	0.131545854651372	384	39	    0.999984	 1.64088e-05	1	    0.999687	 0.000312938	1	    0.999687	 0.000312789	      0.9906	  0.00940043
39	1.16847723294152	1.60176768601635	0.15723868876881	385	39	    0.999984	 1.64088e-05	1	    0.970046	    0.029954	1	    0.970053	   0.0299466	     0.51645	     0.48355
39	2.23654012149775	0.723100103860376	0.69117558141661	386	39	    0.999984	 1.64088e-05	1	    0.994119	  0.00588133	1	    0.994121	  0.00587893	    0.847919	    0.152081
39	1.94779965282254	2.3592533786541	-0.05796691660012	387	39	    0.999984	 1.64088e-05	1	    0.998068	  0.00193157	1	    0.998069	  0.00193069	    0.944582	   0.0554183
39	0.916528630152632	-1.92208499075112	0.177014115351365	388	39	    0.999984	 1.64088e-05	1	    0.180824	    0.819176	2	    0.180827	    0.819173	  0.00722562	    0.992774
39	1.63035388212534	1.81846764255575	1.20047858917507	389	39	    0.999984	 1.64088e-05	1	    0.996654	  0.00334558	1	    0.996656	  0.00334412	    0.907635	   0.0923654
39	2.26499172026776	1.98225597742172	1.07300353960911	390	39	    0.999984	 1.64088e-05	1	    0.999344	 0.000655936	1	    0.999344	 0.000655626	     0.98049	   0.0195095
40	1.56114062490041	3.3106138439587	-0.691947022554815	391	40	    0.999858	 0.000141915	1	    0.998359	  0.00164133	1	    0.998365	  0.00163485	    0.952685	   0.0473151
40	0.840891828054432	2.30520085649758	1.93285534280805	392	40	    0.999858	 0.000141915	1	    0.995027	   0.0049735	1	    0.995044	  0.00495558	    0.868774	    0.131226
40	1.73594376355534	1.47309536364731	0.869538681664486	393	40	    0.999858	 0.000141915	1	    0.994242	  0.00575799	1	    0.994262	  0.00573766	    0.851047	    0.148953
40	1.50059468140225	0.422119551089156	0.782043773030571	394	40	    0.999858	 0.000141915	1	    0.955837	   0.0441626	1	    0.955914	   0.0440861	    0.416881	    0.583119
40	2.82462603563408	1.11873306469307	-1.15045150800759	395	40	    0.999858	 0.000141915	1	    0.996718	  0.00328231	1	     0.99673	  0.00326994	    0.909504	   0.0904957
40	1.46752633606377	0.713765612922748	-0.600210452265289	396	40	    0.999858	 0.000141915	1	    0.910434	   0.0895662	1	    0.910527	   0.0894727	    0.251238	    0.748762
40	1.61941391695014	3.80961622202911	1.54958615994975	397	40	    0.999858	 0.000141915	1	    0.999897	 0.000102691	1	    0.999898	 0.000102267	    0.996908	  0.00309241
40	0.824367041359691	-0.979893178527345	2.00808248505989	398	40	    0.999858	 0.000141915	1	    0.704145	    0.295855	1	    0.704234	    0.295766	   0.0727922	    0.927208
40	-0.766085099928794	1.83716934101256	1.5758298301688	399	40	    0.999858	 0.000141915	1	    0.720328	    0.279672	1	    0.720419	    0.279581	   0.0783073	    0.921693
40	1.74819299398604	3.54770120361367	2.18500526022439	400	40	    0.999858	 0.000141915	1	    0.999932	  6.8047e-05	1	    0.999932	 6.77655e-05	    0.997949	   0.0020512
41	3.66618935634074	2.15786440733968	-0.0595429788789994	401	41	    0.999601	 0.000398848	1	    0.999962	 3.78318e-05	1	    0.999963	 3.73948e-05	    0.998867	  0.00113291
41	1.91194081745987	1.24095219263287	0.180825456067999	402	41	    0.999601	 0.000398848	1	    0.990696	  0.00930367	1	     0.99078	  0.00921956	    0.779895	    0.220105
41	0.752912768825687	0.886585439232607	0.906111243941235	403	41	    0.999601	 0.000398848	1	    0.894623	    0.105377	1	    0.894893	    0.105107	     0.21919	     0.78081
41	2.41941132472249	0.184656260672306	-0.762616736173178	404	41	    0.999601	 0.000398848	1	    0.976502	   0.0234981	1	     0.97666	   0.0233398	    0.579779	    0.420221
41	4.03751818029119	2.17933519911448	1.41789675817039	405	41	    0.999601	 0.000398848	1	    0.999996	 4.13947e-06	1	    0.999996	 4.09161e-06	    0.999876	 0.000124081
41	0.558548240888471	1.15378443036155	-1.05689971810106	406	41	    0.999601	 0.000398848	1	    0.643384	    0.356616	1	    0.643619	    0.356381	   0.0561994	    0.943801
41	3.94525308869588	1.24194396243827	0.887944631506437	407	41	    0.999601	 0.000398848	1	    0.999967	 3.32251e-05	1	    0.999967	 3.28413e-05	    0.999005	 0.000995095
41	0.590829816264524	4.27824543152634	0.594973496819473	408	41	    0.999601	 0.000398848	1	    0.999004	 0.000995796	1	    0.999015	 0.000984613	    0.970976	   0.0290244
41	1.84474120606967	0.951354229528227	2.03268484376711	409	41	    0.999601	 0.000398848	1	    0.996517	  0.00348312	1	    0.996553	  0.00344663	    0.905063	   0.0949369
41	-0.497006992322277	-0.245947804395918	0.127150136554524	410	41	    0.999601	 0.000398848	1	   0.0702896	     0.92971	2	   0.0703167	    0.929683	   0.0024876	    0.997512
42	1.00382656060215	-2.66144964106275	0.619906429520275	411	42	 5.02936e-06	    0.999995	2	  0.00592513	    0.994075	2	    0.153083	    0.846917	  0.00592439	    0.994076
42	-0.5109301961095	-0.0734163424614197	-0.371690500504009	412	42	 5.02936e-06	    0.999995	2	  0.00205607	    0.997944	2	   0.0588048	    0.941195	  0.00205578	    0.997944
42	0.127355940327176	0.593249943513178	-0.47025633485781	413	42	 5.02936e-06	    0.999995	2	   0.0165563	    0.983444	2	    0.337986	    0.662014	   0.0165547	    0.983445
42	0.239050867850135	-0.957356100216804	-1.10267939600732	414	42	 5.02936e-06	    0.999995	2	   0.0019083	    0.998092	2	   0.0548025	    0.945198	  0.00190803	    0.998092
42	0.162167074391946	1.40229910580271	1.55198219247593	415	42	 5.02936e-06	    0.999995	2	    0.222391	    0.777609	2	    0.896628	    0.103372	    0.222388	    0.777612
42	0.364840089258136	1.08168141279582	-0.397268283243169	416	42	 5.02936e-06	    0.999995	2	   0.0543254	    0.945675	2	    0.635329	    0.364671	   0.0543225	    0.945678
42	1.44914945923939	-0.0844033126702017	1.04929854962653	417	42	 5.02936e-06	    0.999995	2	    0.291021	    0.708979	2	    0.925647	   0.0743533	    0.291017	    0.708983
42	-0.594389565671837	-1.15485472079407	-0.945437810368301	418	42	 5.02936e-06	    0.999995	2	 0.000311025	    0.999689	2	  0.00934653	    0.990653	  0.00031098	    0.999689
42	-0.889360820702206	0.981903751781213	-0.642595200061938	419	42	 5.02936e-06	    0.999995	2	  0.00327165	    0.996728	2	    0.090528	    0.909472	  0.00327121	    0.996729
42	-1.16274989009123	-0.0653468693578523	0.105892710105494	420	42	 5.02936e-06	    0.999995	2	 0.000844861	    0.999155	2	   0.0250009	    0.974999	 0.000844739	    0.999155
43	-0.460774119343181	0.860469467210203	0.839942276843874	421	43	 9.14588e-06	    0.999991	2	   0.0199768	    0.980023	2	    0.382001	    0.617999	   0.0199735	    0.980027
43	0.121650037441516	-0.454307308612034	-0.287651864744668	422	43	 9.14588e-06	    0.999991	2	  0.00491974	     0.99508	2	     0.13037	     0.86963	  0.00491859	    0.995081
43	1.62089007856492	-1.50587155091811	1.69317915611863	423	43	 9.14588e-06	    0.999991	2	    0.163673	    0.836327	2	     0.85581	     0.14419	    0.163667	    0.836333
43	-0.0311224117580291	0.323352872514993	1.250737419643	424	43	 9.14588e-06	    0.999991	2	    0.032182	    0.967818	2	    0.502084	    0.497916	   0.0321777	    0.967822
43	-0.279156118830204	-1.54882899439551	0.498511380577366	425	43	 9.14588e-06	    0.999991	2	  0.00112159	    0.998878	2	   0.0329253	    0.967075	   0.0011213	    0.998879
43	-1.28695101726452	0.425808518855348	0.631916752962984	426	43	 9.14588e-06	    0.999991	2	  0.00192275	    0.998077	2	   0.0551892	    0.944811	  0.00192226	    0.998078
43	1.21359120155132	1.52254102456902	-0.563929699491117	427	43	 9.14588e-06	    0.999991	2	    0.378364	    0.621636	2	    0.948612	   0.0513881	    0.378359	    0.621641
43	-0.247989688010855	0.303927309954779	-0.348980386942581	428	43	 9.14588e-06	    0.999991	2	   0.0057588	    0.994241	2	    0.149393	    0.850607	  0.00575748	    0.994243
43	-0.473628685483107	0.369689145006531	2.53207937134145	429	43	 9.14588e-06	    0.999991	2	   0.0430764	    0.956924	2	    0.577189	    0.422811	   0.0430715	    0.956929
43	-1.18198948479498	0.55724724063904	-0.0530929103511034	430	43	 9.14588e-06	    0.999991	2	   0.0016273	    0.998373	2	   0.0470951	    0.952905	  0.00162689	    0.998373
44	-1.21089664711863	-0.926496804969672	0.542523714030377	431	44	  0.00033933	    0.999661	2	 0.000384529	    0.999615	2	   0.0114213	    0.988579	 0.000380782	    0.999619
44	1.41073414705462	1.04103947029836	0.413084346165318	432	44	  0.00033933	    0.999661	2	    0.502092	    0.497908	1	    0.968319	   0.0316809	    0.501933	    0.498067
44	-0.691545067372904	2.11506553693887	-0.886897396862436	433	44	  0.00033933	    0.999661	2	   0.0209441	    0.979056	2	    0.392031	    0.607969	   0.0208181	    0.979182
44	0.995946074579261	-1.31153955633845	0.38227341255148	434	44	  0.00033933	    0.999661	2	   0.0195476	    0.980452	2	    0.375341	    0.624659	   0.0194268	    0.980573
44	0.767395224029981	0.301759570447193	0.555649758871505	435	44	  0.00033933	    0.999661	2	   0.0900822	    0.909918	2	     0.74965	     0.25035	   0.0898583	    0.910142
44	2.50705780044369	2.42444863390761	1.10704310586089	436	44	  0.00033933	    0.999661	2	    0.994585	  0.00541459	1	     0.99982	 0.000179526	    0.994584	  0.00541637
44	-0.121106582928508	1.5772372169976	0.441169187056153	437	44	  0.00033933	    0.999661	2	   0.0755098	     0.92449	2	    0.711778	    0.288222	   0.0752938	    0.924706
44	0.932526966371414	0.0148385672198086	-1.01458403669232	438	44	  0.00033933	    0.999661	2	   0.0290253	    0.970975	2	    0.474175	    0.525825	   0.0288742	    0.971126
44	-1.47971913494515	1.22303344847271	-0.199671815728856	439	44	  0.00033933	    0.999661	2	  0.00211788	    0.997882	2	   0.0599491	    0.940051	  0.00209825	    0.997902
44	-1.37116443244933	-2.11757431888434	0.249977884227865	440	44	  0.00033933	    0.999661	2	 6.09325e-05	    0.999939	2	  0.00182663	    0.998173	 6.03332e-05	     0.99994
45	0.439347516199436	1.20696521659694	-0.188842299492747	441	45	 7.74936e-06	    0.999992	2	   0.0859471	    0.914053	2	     0.74037	     0.25963	    0.085942	    0.914058
45	0.453040961375937	0.662352403989179	0.812639363397592	442	45	 7.74936e-06	    0.999992	2	   0.0910378	    0.908962	2	     0.75232	     0.24768	   0.0910326	    0.908967
45	-0.281335101115636	-0.0442629850522854	1.08963875845417	443	45	 7.74936e-06	    0.999992	2	   0.0106946	    0.989305	2	    0.246879	    0.753121	   0.0106928	    0.989307
45	-1.29505166801752	-0.25894483932365	0.318410180105006	444	45	 7.74936e-06	    0.999992	2	 0.000609642	     0.99939	2	   0.0181612	    0.981839	 0.000609506	     0.99939
45	-0.966489630651524	0.686589846495019	-0.0652738136998639	445	45	 7.74936e-06	    0.999992	2	  0.00289289	    0.997107	2	   0.0808614	    0.919139	  0.00289228	    0.997108
45	-0.515450721226044	1.23244828541912	1.8497001985408	446	45	 7.74936e-06	    0.999992	2	   0.0681042	    0.931896	2	    0.689087	    0.310913	   0.0680994	    0.931901
45	1.16651883111341	-1.03456979570349	0.751864714737708	447	45	 7.74936e-06	    0.999992	2	    0.050791	    0.949209	2	    0.618718	    0.381282	   0.0507866	    0.949213
45	1.04524726142961	-0.332540610921363	0.911538040583133	448	45	 7.74936e-06	    0.999992	2	   0.0975418	    0.902458	2	    0.766242	    0.233758	   0.0975366	    0.902463
45	-0.790664927463106	-0.153419603547388	-0.217389920991168	449	45	 7.74936e-06	    0.999992	2	  0.00120426	    0.998796	2	   0.0352708	    0.964729	  0.00120399	    0.998796
45	-0.196895831183498	0.324339543107369	-0.838183481723345	450	45	 7.74936e-06	    0.999992	2	    0.004587	    0.995413	2	    0.122602	    0.877398	  0.00458609	    0.995414
46	0.661122033845145	0.873467926189518	0.191780742362201	451	46	    0.795731	    0.204269	1	    0.654824	    0.345176	1	     0.79398	     0.20602	    0.112742	    0.887258
46	-1.12633725536277	0.421083439655313	0.830436225333504	452	46	    0.795731	    0.204269	1	   0.0679457	    0.932054	2	   0.0846078	    0.915392	  0.00303823	    0.996962
46	0.649926928795997	3.11169992227815	0.608399532424321	453	46	    0.795731	    0.204269	1	    0.961807	   0.0381931	1	    0.993655	  0.00634544	    0.837744	    0.162256
46	0.429321856594915	1.90548548767636	0.0457841106859355	454	46	    0.795731	    0.204269	1	    0.766452	    0.233548	1	    0.902945	   0.0970547	    0.234742	    0.765258
46	3.87019982091401	1.35692155215144	1.28059073170314	455	46	    0.795731	    0.204269	1	    0.999829	 0.000170644	1	    0.999976	 2.44244e-05	     0.99926	 0.000740242
46	0.573721316222907	2.64082771952394	-0.534368938793916	456	46	    0.795731	    0.204269	1	    0.859193	    0.140807	1	    0.962351	   0.0376493	    0.457342	    0.542658
46	0.537149717326747	1.00530049981121	-0.730324758526062	457	46	    0.795731	    0.204269	1	    0.519497	    0.480503	1	    0.638716	    0.361284	   0.0550799	     0.94492
46	0.0486195858993556	-0.0839644060760025	-0.289107177606466	458	46	    0.795731	    0.204269	1	    0.136362	    0.863638	2	    0.169649	    0.830351	  0.00669134	    0.993309
46	1.73397840496557	2.83488560815381	0.707658303335902	459	46	    0.795731	    0.204269	1	    0.994415	  0.00558487	1	    0.999184	  0.00081575	    0.975837	    0.024163
46	0.478835608416862	1.50203984929322	0.767495382248226	460	46	    0.795731	    0.204269	1	    0.775063	    0.224937	1	    0.909902	   0.0900984	      0.2498	      0.7502
47	-0.62145355052132	-0.819167880648558	-1.1971590147286	461	47	 7.50418e-05	    0.999925	2	 0.000365535	    0.999634	2	   0.0109452	    0.989055	 0.000364741	    0.999635
47	-0.413309127610222	0.931273144734221	0.674195529392555	462	47	 7.50418e-05	    0.999925	2	    0.021159	    0.978841	2	    0.395667	    0.604333	   0.0211308	    0.978869
47	-0.0670096589099768	0.185845483799013	-0.381927389576217	463	47	 7.50418e-05	    0.999925	2	  0.00696745	    0.993033	2	    0.175198	    0.824802	  0.00695482	    0.993045
47	-0.187796557923129	-1.31188279900004	-0.90124438300727	464	47	 7.50418e-05	    0.999925	2	 0.000608594	    0.999391	2	   0.0180961	    0.981904	 0.000607282	    0.999393
47	1.81761823928074	2.56569140177438	1.58898320799612	465	47	 7.50418e-05	    0.999925	2	    0.985292	   0.0147078	1	    0.999508	  0.00049197	    0.985291	   0.0147089
47	-0.282883812204051	-0.0344076011301899	0.486610218158456	466	47	 7.50418e-05	    0.999925	2	  0.00662122	    0.993379	2	    0.167903	    0.832097	  0.00660912	    0.993391
47	-0.242707660589089	1.01782346036601	1.3162958886409	467	47	 7.50418e-05	    0.999925	2	   0.0554622	    0.944538	2	    0.640211	    0.359789	   0.0554184	    0.944582
47	-1.29694840077246	-1.6812652375396	0.348813385118963	468	47	 7.50418e-05	    0.999925	2	 0.000118959	    0.999881	2	  0.00358756	    0.996412	 0.000118699	    0.999881
47	2.50444009510047	1.43221281843898	1.69083205451338	469	47	 7.50418e-05	    0.999925	2	     0.98536	   0.0146399	1	     0.99951	 0.000489666	    0.985359	   0.0146409
47	0.431198206392467	-0.920119890435983	-1.08426883283461	470	47	 7.50418e-05	    0.999925	2	  0.00303331	    0.996967	2	   0.0843261	    0.915674	  0.00302721	    0.996973
48	0.540263933967184	0.576165979377482	2.16438101590272	471	48	    0.999668	 0.000332312	1	    0.912587	   0.0874129	1	    0.912805	   0.0871948	    0.256596	    0.743404
48	2.30149910262766	3.49971933855773	0.572102075214483	472	48	    0.999668	 0.000332312	1	     0.99992	 7.99861e-05	1	    0.999921	 7.92159e-05	    0.997603	  0.00239699
48	2.30645950119557	2.65467613745445	0.971536232336708	473	48	    0.999668	 0.000332312	1	    0.999771	 0.000229093	1	    0.999773	 0.000226897	    0.993164	  0.00683613
48	2.3734141553098	-0.508488636856179	2.31109762800066	474	48	    0.999668	 0.000332312	1	    0.994826	  0.00517429	1	    0.994869	  0.00513104	    0.864735	    0.135265
48	1.7590646382804	2.08398114702446	1.47402882240314	475	48	    0.999668	 0.000332312	1	     0.99867	  0.00133011	1	    0.998682	  0.00131776	    0.961521	   0.0384795
48	0.909535923816785	-1.57882020191653	0.637425480792321	476	48	    0.999668	 0.000332312	1	    0.311791	    0.688209	2	     0.31189	     0.68811	   0.0147245	    0.985276
48	2.71861118545886	1.08071523413157	3.28742993265477	477	48	    0.999668	 0.000332312	1	     0.99989	 0.000110339	1	    0.999891	 0.000109277	    0.996696	  0.00330371
48	1.9461630733633	2.20538356736789	0.134068880996638	478	48	    0.999668	 0.000332312	1	     0.99786	  0.00214019	1	    0.997879	  0.00212078	    0.939445	    0.060555
48	2.15305438918141	-0.156393927795675	-0.516077152647529	479	48	    0.999668	 0.000332312	1	    0.944466	   0.0555335	1	    0.944661	   0.0553393	    0.360137	    0.639863
48	0.958050322501568	0.129039829787012	-0.157166001050777	480	48	    0.999668	 0.000332312	1	    0.674678	    0.325322	1	    0.674881	    0.325119	   0.0640578	    0.935942
49	1.49070999805317	3.07954636591282	1.08958931638537	481	49	    0.999968	 3.23408e-05	1	    0.999301	 0.000699186	1	    0.999301	 0.000698537	    0.979239	   0.0207608
49	1.43237748935869	2.78674591586063	0.786483060676631	482	49	    0.999968	 3.23408e-05	1	    0.998347	  0.00165339	1	    0.998348	   0.0016519	    0.952214	   0.0477858
49	3.50029980090041	0.988911206336589	-0.395786333054874	483	49	    0.999968	 3.23408e-05	1	    0.999587	 0.000412701	1	    0.999588	 0.000412315	    0.987644	   0.0123558
49	1.22823861210429	1.76215312550379	0.856762409667458	484	49	    0.999968	 3.23408e-05	1	    0.987994	   0.0120055	1	    0.988003	   0.0119972	    0.730842	    0.269158
49	0.155532470316294	0.865161979277222	0.722718879052511	485	49	    0.999968	 3.23408e-05	1	    0.665482	    0.334518	1	    0.665502	    0.334498	   0.0615603	     0.93844
49	1.95847890872841	0.58152961225696	0.651878840328215	486	49	    0.999968	 3.23408e-05	1	    0.985873	   0.0141266	1	    0.985883	   0.0141173	    0.697206	    0.302794
49	1.74816395580369	0.717820813090251	0.419765543820999	487	49	    0.999968	 3.23408e-05	1	    0.977071	   0.0229291	1	    0.977084	   0.0229164	    0.584338	    0.415662
49	3.11917801363158	0.00866781356878388	1.27493868938533	488	49	    0.999968	 3.23408e-05	1	    0.998932	  0.00106849	1	    0.998932	  0.00106751	    0.968606	   0.0313938
49	0.556302343694588	1.02294339848831	0.31573696519048	489	49	    0.999968	 3.23408e-05	1	    0.806741	    0.193259	1	    0.806763	    0.193237	    0.120999	    0.879001
49	1.93190941629894	2.0938905516958	2.35391919610689	490	49	    0.999968	 3.23408e-05	1	    0.999603	 0.000396721	1	    0.999604	  0.00039635	    0.988117	   0.0118829
50	3.03097997427639	0.9962115173834	0.180201734199961	491	50	    0.996958	   0.0030423	1	    0.999057	 0.000942953	1	    0.999132	 0.000867531	    0.974341	   0.0256587
50	2.26418824688034	1.72444284043858	-1.03038004825843	492	50	    0.996958	   0.0030423	1	    0.994727	   0.0052735	1	    0.995106	  0.00489353	    0.870211	    0.129789
50	2.26323313107329	1.09476590774067	0.394011567466797	493	50	    0.996958	   0.0030423	1	    0.995481	  0.00451933	1	    0.995812	  0.00418792	    0.886878	    0.113122
50	-0.0637947475265203	1.05827154398766	-0.990973177374557	494	50	    0.996958	   0.0030423	1	    0.308116	    0.691884	2	    0.309012	    0.690988	   0.0145307	    0.985469
50	0.206351722741228	0.117780953962308	-0.232978142936435	495	50	    0.996958	   0.0030423	1	    0.276404	    0.723596	2	    0.277209	    0.722791	   0.0124875	    0.987512
50	2.42485333042828	1.61520033447968	1.43233198887269	496	50	    0.996958	   0.0030423	1	    0.999381	 0.000618881	1	    0.999431	 0.000568974	    0.983027	   0.0169733
50	1.26566979712805	1.42650528639164	1.14691587319436	497	50	    0.996958	   0.0030423	1	    0.984967	   0.0150334	1	    0.985846	   0.0141536	    0.696655	    0.303345
50	2.35357593488799	2.7133684749506	-1.33188783585438	498	50	    0.996958	   0.0030423	1	    0.998847	  0.00115327	1	    0.998938	  0.00106151	    0.968777	   0.0312228
50	-0.618447726554261	-0.36194132872867	1.41725250040334	499	50	    0.996958	   0.0030423	1	    0.128615	    0.871385	2	    0.128993	    0.871007	  0.00485922	    0.995141
50	2.48858096334131	2.2347107546227	2.03005478047108	500	50	    0.996958	   0.0030423	1	    0.999877	 0.000123255	1	    0.999887	  0.00011319	    0.996578	  0.00342161
51	0.730603495598745	0.593729093593836	-1.22203370817292	501	51	    0.994127	  0.00587268	1	    0.515042	    0.484958	1	    0.517882	    0.482118	   0.0342059	    0.965794
51	1.20563816576721	2.8519311047518	1.20556996327855	502	51	    0.994127	  0.00587268	1	    0.997964	  0.00203604	1	     0.99825	  0.00174986	    0.949519	   0.0504811
51	-0.568435782741688	-1.52988577389466	-1.11955021868673	503	51	    0.994127	  0.00587268	1	  0.00570212	    0.994298	2	  0.00573468	    0.994265	 0.000190135	     0.99981
51	2.77859810420567	2.5228241558758	2.1781007104664	504	51	    0.994127	  0.00587268	1	    0.999964	 3.63228e-05	1	    0.999969	 3.09901e-05	    0.999061	 0.000939053
51	1.84315318163181	1.12868732483983	0.88413229645526	505	51	    0.994127	  0.00587268	1	     0.99175	  0.00824981	1	     0.99277	  0.00722982	    0.819087	    0.180913
51	0.189408099166452	0.936581423304742	0.724305232376515	506	51	    0.994127	  0.00587268	1	    0.698776	    0.301224	1	    0.702477	    0.297523	   0.0722259	    0.927774
51	0.0971850988705272	1.98126814596554	0.322976042825266	507	51	    0.994127	  0.00587268	1	    0.861629	    0.138371	1	    0.865683	    0.134317	    0.175261	    0.824739
51	4.33700230533656	0.273451545258318	2.8922857299696	508	51	    0.994127	  0.00587268	1	    0.999991	 8.57481e-06	1	    0.999993	 7.31512e-06	    0.999778	 0.000221815
51	1.53810307736819	1.75258985799581	-0.945778080865298	509	51	    0.994127	  0.00587268	1	    0.973848	   0.0261516	1	    0.976205	   0.0237952	     0.57495	     0.42505
51	2.54721322077695	1.70293408791599	4.51485792826361	510	51	    0.994127	  0.00587268	1	    0.999977	  2.2861e-05	1	     0.99998	 1.95036e-05	    0.999409	 0.000591192
52	0.424586597486192	-1.27956877699206	0.181911458878165	511	52	     0.99325	  0.00675016	1	    0.132566	    0.867434	2	    0.133433	    0.866567	  0.00505125	    0.994949
52	0.781267320615618	1.43123734232578	1.33504280804861	512	52	     0.99325	  0.00675016	1	    0.962398	   0.0376017	1	    0.965669	   0.0343312	    0.481172	    0.518828
52	1.54918509775153	0.82632012374899	2.08785997897493	513	52	     0.99325	  0.00675016	1	    0.991068	  0.00893239	1	    0.992301	  0.00769857	    0.809518	    0.190482
52	1.07863415843896	1.6607611136961	0.813941401359609	514	52	     0.99325	  0.00675016	1	    0.977536	   0.0224644	1	    0.979983	   0.0200174	    0.617469	    0.382531
52	1.24077760906338	0.68837839541798	1.54462734492156	515	52	     0.99325	  0.00675016	1	    0.967341	    0.032659	1	    0.970386	   0.0296143	    0.519321	    0.480679
52	2.17004037579536	0.885195317385283	0.964445655964487	516	52	     0.99325	  0.00675016	1	    0.994821	  0.00517946	1	     0.99559	  0.00440981	    0.881571	    0.118429
52	0.411604922216656	0.016100895053602	1.14413882762333	517	52	     0.99325	  0.00675016	1	    0.605674	    0.394326	1	    0.609458	    0.390542	   0.0489355	    0.951065
52	0.248322646132984	-0.164180393609627	0.906523891166077	518	52	     0.99325	  0.00675016	1	    0.416125	    0.583875	2	    0.418796	    0.581204	   0.0232067	    0.976793
52	2.59316041249976	2.01875351756711	2.41490832495242	519	52	     0.99325	  0.00675016	1	    0.999897	 0.000103074	1	    0.999914	 8.60775e-05	    0.997396	  0.00260409
52	1.96624233693637	0.930196978673518	1.5937898226933	520	52	     0.99325	  0.00675016	1	    0.995372	  0.00462799	1	    0.996067	  0.00393267	     0.89306	     0.10694
53	1.35835267715505	2.4130965563266	0.0830762624191221	521	53	     0.99981	 0.000190149	1	    0.993792	  0.00620804	1	    0.993821	  0.00617905	    0.841346	    0.158654
53	2.27605609594853	-0.384398412528918	1.53592422758418	522	53	     0.99981	 0.000190149	1	     0.98891	   0.0110904	1	    0.988956	   0.0110444	    0.746988	    0.253012
53	1.76480700316549	0.790430544448942	1.30441181466509	523	53	     0.99981	 0.000190149	1	    0.990208	  0.00979233	1	     0.99025	  0.00975045	    0.770039	    0.229961
53	-0.832866105281167	0.0979938814314584	0.664614543108889	524	53	     0.99981	 0.000190149	1	   0.0849184	    0.915082	2	    0.084934	    0.915066	  0.00305099	    0.996949
53	2.39588873342693	2.87924946466707	0.849956228586703	525	53	     0.99981	 0.000190149	1	    0.999858	 0.000141682	1	    0.999859	   0.0001409	    0.995744	   0.0042558
53	1.38926751359094	1.16747372729994	1.15731946322866	526	53	     0.99981	 0.000190149	1	    0.984574	    0.015426	1	    0.984632	   0.0153678	    0.678717	    0.321283
53	-0.0836583575782148	2.09122179157509	0.627737519407593	527	53	     0.99981	 0.000190149	1	    0.869907	    0.130093	1	    0.870038	    0.129962	    0.180818	    0.819182
53	2.72977625769228	2.24466509981112	1.21820601280807	528	53	     0.99981	 0.000190149	1	    0.999874	 0.000126025	1	    0.999875	 0.000125329	    0.996213	  0.00378722
53	0.282736134809658	2.13798736183653	-0.0152990160633628	529	53	     0.99981	 0.000190149	1	    0.902481	   0.0975191	1	    0.902608	    0.097392	    0.234052	    0.765948
53	2.28753237808892	1.96792852165644	2.0815057192092	530	53	     0.99981	 0.000190149	1	    0.999734	 0.000265719	1	    0.999736	 0.000264257	    0.992047	  0.00795308
54	-0.351659671270507	1.52227351873698	0.352757607899125	531	54	   0.0506849	    0.949315	2	   0.0688111	    0.931189	2	    0.570809	    0.429191	   0.0420089	    0.957991
54	0.740497257459944	2.19138530053405	-1.0940877596268	532	54	   0.0506849	    0.949315	2	    0.317554	    0.682446	2	    0.923668	   0.0763317	    0.285193	    0.714807
54	-1.03204398706021	0.756461202635131	2.21967573645095	533	54	   0.0506849	    0.949315	2	   0.0363955	    0.963604	2	    0.366899	    0.633101	   0.0187496	     0.98125
54	0.561915798556893	1.04849163580756	0.915044986913876	534	54	   0.0506849	    0.949315	2	    0.224828	    0.775172	2	    0.876774	    0.123226	     0.19002	     0.80998
54	1.3012976406801	0.220171994881037	0.874194747778761	535	54	   0.0506849	    0.949315	2	    0.305893	    0.694107	2	    0.919337	   0.0806633	    0.273141	    0.726859
54	0.474705440217097	-0.139350896214325	-0.286562317953529	536	54	   0.0506849	    0.949315	2	   0.0305608	    0.969439	2	    0.318598	    0.681402	   0.0151822	    0.984818
54	-0.646897680078973	0.34180470508012	0.623819170287219	537	54	   0.0506849	    0.949315	2	   0.0131737	    0.986826	2	    0.150848	    0.849152	  0.00582314	    0.994177
54	1.89548407193376	3.46420875190739	1.17828793161868	538	54	   0.0506849	    0.949315	2	    0.996158	  0.00384165	1	    0.999866	 0.000133715	     0.99596	  0.00403962
54	0.705186120466464	0.0607169011567854	-0.836997965695749	539	54	   0.0506849	    0.949315	2	   0.0404031	    0.959597	2	    0.397838	    0.602162	   0.0213193	    0.978681
54	2.26549293957927	0.57447044768947	1.42499176788757	540	54	   0.0506849	    0.949315	2	    0.905139	    0.094861	1	    0.996361	  0.00363928	    0.900269	   0.0997315
55	0.286845560439544	-2.13835159759462	0.435242098334139	541	55	     0.98753	   0.0124704	1	   0.0521507	    0.947849	2	   0.0527861	    0.947214	  0.00183406	    0.998166
55	2.29508054616628	3.48061358170823	-0.462286870402921	542	55	     0.98753	   0.0124704	1	    0.999747	 0.000252543	1	    0.999815	 0.000185189	    0.994414	  0.00558631
55	3.41146460700959	2.22641845243363	2.65985277619529	543	55	     0.98753	   0.0124704	1	    0.999991	 8.75155e-06	1	    0.999994	 6.40822e-06	    0.999806	  0.00019432
55	0.939883367492633	2.42797237918187	1.69979621171185	544	55	     0.98753	   0.0124704	1	    0.994634	  0.00536643	1	    0.995952	  0.00404828	     0.89025	     0.10975
55	0.311696070067877	1.0559722797607	1.20199413257355	545	55	     0.98753	   0.0124704	1	    0.834296	    0.165704	1	    0.842933	    0.157067	    0.150345	    0.849655
55	1.73170505309434	2.44492603865891	-0.0239596380873857	546	55	     0.98753	   0.0124704	1	    0.996358	  0.00364201	1	    0.997278	  0.00272243	    0.923536	   0.0764639
55	1.41381444186429	0.438671395523588	1.87721271404523	547	55	     0.98753	   0.0124704	1	    0.974205	   0.0257953	1	    0.978875	   0.0211254	    0.604396	    0.395604
55	1.67454840344745	2.1308048630918	2.73904276684527	548	55	     0.98753	   0.0124704	1	    0.999351	  0.00064898	1	    0.999523	 0.000477006	    0.985732	   0.0142676
55	-0.348582094153687	1.41918991420371	0.738909824621851	549	55	     0.98753	   0.0124704	1	     0.60417	     0.39583	1	    0.611177	    0.388823	   0.0492731	    0.950727
55	-1.22146439597966	1.40582233165784	0.311665758739737	550	55	     0.98753	   0.0124704	1	    0.164351	    0.835649	2	    0.166344	    0.833656	  0.00653597	    0.993464
56	2.11049444246755	0.646613308990792	-1.41967025276482	551	56	 0.000455397	    0.999545	2	    0.433857	    0.566143	2	    0.958711	   0.0412885	    0.433617	    0.566383
56	-0.315956776441677	0.131255210731207	1.86847045691192	552	56	 0.000455397	    0.999545	2	   0.0243241	    0.975676	2	    0.428655	    0.571345	   0.0241399	     0.97586
56	-0.0565177067610501	-0.479936661962204	-0.151784290171446	553	56	 0.000455397	    0.999545	2	  0.00370279	    0.996297	2	    0.100215	    0.899785	  0.00365882	    0.996341
56	1.42860859162545	-1.40724231019237	0.185431270559042	554	56	 0.000455397	    0.999545	2	   0.0389044	    0.961096	2	    0.549563	    0.450437	   0.0386717	    0.961328
56	1.15524482815696	-0.254969651484534	0.658748757108596	555	56	 0.000455397	    0.999545	2	    0.110319	    0.889681	2	    0.789426	    0.210574	    0.110009	    0.889991
56	0.570964013609086	0.242072904780165	-1.34196014806842	556	56	 0.000455397	    0.999545	2	   0.0143879	    0.985612	2	    0.304885	    0.695115	   0.0142555	    0.985744
56	2.40960490108804	2.38649238290897	0.905093508331743	557	56	 0.000455397	    0.999545	2	    0.991413	  0.00858653	1	    0.999714	 0.000285608	     0.99141	  0.00859031
56	0.193476881867247	1.67014262635259	-0.679012455072833	558	56	 0.000455397	    0.999545	2	   0.0709954	    0.929005	2	    0.697681	    0.302319	   0.0707099	     0.92929
56	0.647272865887272	-1.09649543817897	-0.323851902843084	559	56	 0.000455397	    0.999545	2	  0.00686796	    0.993132	2	    0.171795	    0.828205	  0.00679282	    0.993207
56	-1.3801425463556	0.0536049808871986	-0.379706061107006	560	56	 0.000455397	    0.999545	2	  0.00045769	    0.999542	2	   0.0135217	    0.986478	 0.000451738	    0.999548
57	3.00195460303612	-0.020716987644487	0.875371342007202	561	57	    0.999995	 5.03833e-06	1	    0.997921	  0.00207899	1	    0.997921	   0.0020787	    0.940577	   0.0594227
57	1.43072932098144	3.6272108106145	0.787501882409542	562	57	    0.999995	 5.03833e-06	1	     0.99959	   0.0004103	1	     0.99959	  0.00041024	    0.987706	   0.0122944
57	3.48162269110778	-1.14756572019599	0.797773609120169	563	57	    0.999995	 5.03833e-06	1	    0.997439	  0.00256056	1	     0.99744	  0.00256021	    0.927774	   0.0722259
57	2.66790606069811	1.11634666214418	1.05386926904954	564	57	    0.999995	 5.03833e-06	1	     0.99911	 0.000890347	1	     0.99911	 0.000890219	    0.973687	   0.0263127
57	0.82305491769527	-0.721910048312091	-0.789372508191924	565	57	    0.999995	 5.03833e-06	1	    0.250699	    0.749301	2	      0.2507	      0.7493	   0.0109112	    0.989089
57	2.44627316334872	1.21336569556022	0.828556370927312	566	57	    0.999995	 5.03833e-06	1	    0.998394	  0.00160575	1	    0.998394	  0.00160553	    0.953495	   0.0465046
57	3.53702211925097	1.17694570550172	1.8277700135486	567	57	    0.999995	 5.03833e-06	1	    0.999953	 4.69143e-05	1	    0.999953	 4.69074e-05	    0.998579	  0.00142071
57	1.7466019419372	0.683554236590188	3.35674619866022	568	57	    0.999995	 5.03833e-06	1	    0.998189	  0.00181122	1	    0.998189	  0.00181097	    0.947845	   0.0521552
57	2.46102276654202	1.60779336892771	2.03296187416408	569	57	    0.999995	 5.03833e-06	1	    0.999689	 0.000310919	1	    0.999689	 0.000310873	    0.990657	  0.00934336
57	1.00004000656215	2.37325371651299	0.38639820135762	570	57	    0.999995	 5.03833e-06	1	    0.988504	   0.0114958	1	    0.988505	   0.0114945	    0.739276	    0.260724
58	0.0573901512068745	0.0446718868034176	-0.250375444786705	571	58	     0.99167	  0.00832957	1	    0.199996	    0.800004	2	    0.201606	    0.798394	  0.00825704	    0.991743
58	1.91227429763235	2.06829128598324	0.92465245336106	572	58	     0.99167	  0.00832957	1	    0.998147	  0.00185256	1	    0.998498	   0.0015017	    0.956376	    0.043624
58	1.54521816205139	0.885775069163553	2.17503418613786	573	58	     0.99167	  0.00832957	1	    0.992033	  0.00796652	1	    0.993379	    0.006621	    0.831844	    0.168156
58	3.45654645919367	2.06752085943989	-0.627987235087553	574	58	     0.99167	  0.00832957	1	    0.999859	 0.000140767	1	    0.999887	 0.000113205	    0.996578	  0.00342207
58	3.61883970043734	1.68072176178547	1.20521151767504	575	58	     0.99167	  0.00832957	1	    0.999961	 3.89595e-05	1	    0.999969	 3.13162e-05	    0.999051	 0.000948925
58	1.07109464631003	-1.77472578209813	1.98832675366798	576	58	     0.99167	  0.00832957	1	    0.619163	    0.380837	1	    0.623928	    0.376072	   0.0518647	    0.948135
58	1.68932534060333	-0.850703832280339	0.193065367112608	577	58	     0.99167	  0.00832957	1	    0.802891	    0.197109	1	    0.808608	    0.191392	    0.122268	    0.877732
58	1.00902853250075	-2.00271120130773	0.686212083736866	578	58	     0.99167	  0.00832957	1	    0.269814	    0.730186	2	    0.271978	    0.728022	   0.0121678	    0.987832
58	1.87232069896192	2.47468286440646	-0.186328330633792	579	58	     0.99167	  0.00832957	1	    0.997392	  0.00260759	1	    0.997879	  0.00212084	    0.939443	   0.0605568
58	1.80066432187982	1.73300332996951	0.189466785626594	580	58	     0.99167	  0.00832957	1	    0.992975	  0.00702548	1	    0.994182	  0.00581833	    0.849258	    0.150742
59	0.625659305836271	1.22414310385772	-1.65982664366987	581	59	 0.000423384	    0.999577	2	   0.0480771	    0.951923	2	     0.60379	     0.39621	   0.0478418	    0.952158
59	1.08018712404559	-0.747669343161602	1.36171777563114	582	59	 0.000423384	    0.999577	2	   0.0936518	    0.906348	2	    0.757488	    0.242512	   0.0933707	    0.906629
59	-0.46242085268093	0.80350123204288	0.71374768680321	583	59	 0.000423384	    0.999577	2	   0.0167877	    0.983212	2	    0.339309	    0.660691	   0.0166511	    0.983349
59	3.65814526975629	3.08343490041554	1.2679152422293	584	59	 0.000423384	    0.999577	2	    0.999909	 9.05928e-05	1	    0.999997	 2.98846e-06	    0.999909	 9.06299e-05
59	0.700314074110231	-1.39261910282267	1.99728414901595	585	59	 0.000423384	    0.999577	2	   0.0359679	    0.964032	2	    0.529359	    0.470641	   0.0357589	    0.964241
59	-0.467356743804601	-1.13911911142723	-1.19855931960338	586	59	 0.000423384	    0.999577	2	 0.000345095	    0.999655	2	    0.010237	    0.989763	 0.000340905	    0.999659
59	-0.185913426734877	-1.56460176836916	0.563810162392648	587	59	 0.000423384	    0.999577	2	  0.00141994	     0.99858	2	   0.0408764	    0.959124	  0.00140322	    0.998597
59	0.91597445356878	-1.12748119569485	0.83689515228478	588	59	 0.000423384	    0.999577	2	   0.0289087	    0.971091	2	    0.472806	    0.527194	   0.0287206	    0.971279
59	1.01841854545567	1.67989988056872	1.3757525369312	589	59	 0.000423384	    0.999577	2	     0.69965	     0.30035	1	    0.986035	   0.0139646	    0.699529	    0.300471
59	-1.80634179122405	-2.00429158448763	0.0946832672408562	590	59	 0.000423384	    0.999577	2	 2.74269e-05	    0.999973	2	 0.000820992	    0.999179	 2.70908e-05	    0.999973
60	0.870900695578889	1.86451158646892	1.29020263577584	591	60	    0.967208	   0.0327922	1	    0.974036	   0.0259643	1	    0.984239	   0.0157612	    0.673093	    0.326907
60	0.338884091954379	-0.575657942734326	0.356882456953769	592	60	    0.967208	   0.0327922	1	    0.243515	    0.756485	2	      0.2514	      0.7486	   0.0109514	    0.989049
60	1.815713524257	1.89019689763727	1.57655476366083	593	60	    0.967208	   0.0327922	1	    0.997275	  0.00272517	1	    0.998582	  0.00141784	    0.958715	   0.0412851
60	1.25386353905064	0.330553967761701	0.642190141928587	594	60	    0.967208	   0.0327922	1	    0.885589	    0.114411	1	     0.90734	   0.0926605	    0.244062	    0.755938
60	3.14435093187724	1.49036197299753	2.82184149358125	595	60	    0.967208	   0.0327922	1	    0.999936	 6.43546e-05	1	    0.999967	 3.28204e-05	    0.999006	  0.00099446
60	1.42898070687233	0.145420918428939	0.503691576620723	596	60	    0.967208	   0.0327922	1	    0.889214	    0.110786	1	    0.910821	   0.0891793	    0.251917	    0.748083
60	1.66338500820405	1.19638393966605	-2.03115507235829	597	60	    0.967208	   0.0327922	1	    0.899865	    0.100135	1	    0.920963	   0.0790367	    0.277558	    0.722442
60	-1.81725380545853	-1.04029482457902	0.790524302160514	598	60	    0.967208	   0.0327922	1	  0.00390922	    0.996091	2	  0.00403723	    0.995963	 0.000133635	    0.999866
60	2.07292726896844	1.41919704284207	0.772886871405181	599	60	    0.967208	   0.0327922	1	    0.994255	  0.00574526	1	    0.996944	  0.00305606	    0.914936	   0.0850636
60	0.428795568795529	0.911414251105909	1.2400218637093	600	60	    0.967208	   0.0327922	1	    0.830323	    0.169677	1	    0.853029	    0.146971	    0.160629	    0.839371
