g	y1	y2	y3	id	g	GClass#1	GClass#2	GClass#	Cluster#1	Cluster#2	Cluster#	joint2_1_1	joint2_1_2	joint2_2_1	joint2_2_2
1	1.77557717506449	2.05758909744307	0.784001444778665	1	1	  0.00301136	    0.996989	2	    0.996535	  0.00346512	1	     0.91323	   0.0867699	    0.996786	   0.0032135
1	1.56260214409994	2.78723986183483	1.08362800532413	2	1	  0.00301136	    0.996989	2	    0.998409	  0.00159146	1	      0.9584	   0.0416004	    0.998529	  0.00147062
1	1.32776845840738	0.249122281330722	-2.48184320500485	3	1	  0.00301136	    0.996989	2	    0.418472	    0.581528	2	   0.0239486	    0.976051	    0.419663	    0.580337
1	1.53152212697455	1.33538046354476	1.09529009741748	4	1	  0.00301136	    0.996989	2	    0.987842	   0.0121575	1	    0.745899	    0.254101	    0.988573	   0.0114267
1	0.660042273715528	1.87593032332565	2.61216218943337	5	1	  0.00301136	    0.996989	2	    0.988588	   0.0114124	1	    0.758009	    0.241991	    0.989284	    0.010716
1	1.66543272776861	-0.795117587763548	0.238961185229975	6	1	  0.00301136	    0.996989	2	    0.754027	    0.245973	1	   0.0951354	    0.904865	    0.756017	    0.243983
1	0.538949952138077	-0.137800929733305	0.839704393991894	7	1	  0.00301136	    0.996989	2	    0.517558	    0.482442	1	   0.0353198	     0.96468	    0.519015	    0.480985
1	0.999384763413126	1.88560944553046	-1.08461906907179	8	1	  0.00301136	    0.996989	2	     0.90961	   0.0903902	1	    0.259142	    0.740858	    0.911575	   0.0884255
1	2.34148932892614	0.565185522123232	-0.152629517644084	9	1	  0.00301136	    0.996989	2	     0.98372	   0.0162798	1	    0.684805	    0.315195	    0.984623	    0.015377
1	0.941372668697316	2.76122751202516	-1.04627067832703	10	1	  0.00301136	    0.996989	2	     0.96773	   0.0322701	1	    0.515501	    0.484499	    0.969096	   0.0309041
2	-0.0415993014090398	-1.41431078108456	-2.06910956617001	11	2	    0.984305	   0.0156953	1	  0.00025586	    0.999744	2	  0.00017712	    0.999823	  0.00519392	    0.994806
2	0.70717232317503	1.34302084580317	1.67683640493348	12	2	    0.984305	   0.0156953	1	    0.449629	    0.550371	2	     0.44151	     0.55849	    0.958846	    0.041154
2	-0.893863996540352	-0.3156018612983	-1.32793614648867	13	2	    0.984305	   0.0156953	1	 0.000331436	    0.999669	2	 0.000229546	     0.99977	  0.00672129	    0.993279
2	2.5419091980679	2.17970067327498	1.45411991131624	14	2	    0.984305	   0.0156953	1	     0.99125	  0.00875008	1	    0.991115	  0.00888475	    0.999696	 0.000304072
2	2.96963598454945	0.984866180340332	1.68502054635281	15	2	    0.984305	   0.0156953	1	    0.985109	   0.0148907	1	     0.98488	   0.0151199	    0.999479	 0.000520626
2	-0.244988917948808	1.24719131721444	-1.17098379827154	16	2	    0.984305	   0.0156953	1	   0.0122577	    0.987742	2	  0.00906658	    0.990933	    0.212386	    0.787614
2	0.860180084424709	-0.314646516836174	-0.821140032892981	17	2	    0.984305	   0.0156953	1	   0.0197687	    0.980231	2	   0.0151173	    0.984883	    0.311474	    0.688526
2	-0.675843952185185	-1.57180403556226	-1.26479622634489	18	2	    0.984305	   0.0156953	1	 9.89798e-05	    0.999901	2	 6.84517e-05	    0.999932	   0.0020135	    0.997987
2	-0.500043688364124	-1.26594149641929	-1.04917271853916	19	2	    0.984305	   0.0156953	1	 0.000261849	    0.999738	2	 0.000181273	    0.999819	  0.00531507	    0.994685
2	3.83203289065985	3.64420594228033	1.29275434918373	20	2	    0.984305	   0.0156953	1	    0.999918	  8.1512e-05	1	    0.999917	  8.2767e-05	    0.999997	 2.80853e-06
3	1.67072773662179	1.65161488678851	0.951523444190324	21	3	 0.000596649	    0.999403	2	    0.993752	  0.00624846	1	    0.845542	    0.154458	     0.99384	  0.00615997
3	2.26130788662471	2.23762745343473	2.59323665876186	22	3	 0.000596649	    0.999403	2	    0.999788	 0.000211828	1	    0.993897	  0.00610317	    0.999792	  0.00020831
3	0.887839468579346	3.66849377749542	1.70916726210542	23	3	 0.000596649	    0.999403	2	    0.998838	  0.00116241	1	    0.967358	   0.0326422	    0.998856	  0.00114362
3	3.06221046113754	1.18437307277593	2.36704470006789	24	3	 0.000596649	    0.999403	2	    0.999809	  0.00019134	1	    0.994484	  0.00551597	    0.999812	 0.000188161
3	0.205000244171687	0.242388611930577	-0.63720887876017	25	3	 0.000596649	    0.999403	2	    0.214479	    0.785521	2	  0.00918592	    0.990814	    0.214602	    0.785398
3	-0.0243277151700445	2.35847628372796	1.72649874732411	26	3	 0.000596649	    0.999403	2	    0.952446	   0.0475535	1	    0.406356	    0.593644	    0.952772	   0.0472275
3	3.22737475432954	-0.188297386842709	0.27824340265465	27	3	 0.000596649	    0.999403	2	     0.99535	  0.00464977	1	     0.88056	     0.11944	    0.995419	  0.00458124
3	3.1953441304346	0.591820039671599	-0.233130589368981	28	3	 0.000596649	    0.999403	2	     0.99744	  0.00255986	1	    0.930702	   0.0692984	     0.99748	  0.00252002
3	0.772515546839223	1.52012038441352	0.378507791889889	29	3	 0.000596649	    0.999403	2	    0.923868	   0.0761321	1	    0.292768	    0.707232	    0.924245	   0.0757554
3	-1.40953802636953	-0.311665019266125	-1.50268376667482	30	3	 0.000596649	    0.999403	2	  0.00193353	    0.998066	2	 6.57659e-05	    0.999934	  0.00193464	    0.998065
4	-0.43242997230287	1.13073595116948	-0.42803350065468	31	4	    0.946925	    0.053075	1	    0.020287	    0.979713	2	  0.00928897	    0.990711	    0.216506	    0.783494
4	1.55771188860058	0.20093549877407	1.63997036454076	32	4	    0.946925	    0.053075	1	    0.525338	    0.474662	1	    0.500569	    0.499431	    0.967255	   0.0327447
4	1.34899226158638	0.636805499368148	-0.254145767841719	33	4	    0.946925	    0.053075	1	    0.241058	    0.758942	2	    0.205036	    0.794964	     0.88374	     0.11626
4	-1.07463159377551	0.240755749368654	0.544845801484191	34	4	    0.946925	    0.053075	1	  0.00362465	    0.996375	2	  0.00148073	    0.998519	    0.041875	    0.958125
4	-0.335082418815194	2.15752474248753	-1.58941652122607	35	4	    0.946925	    0.053075	1	   0.0366141	    0.963386	2	   0.0185876	    0.981412	    0.358231	    0.641769
4	2.75083241261864	3.41951325355953	2.07253166481527	36	4	    0.946925	    0.053075	1	    0.999402	 0.000598036	1	     0.99937	 0.000630357	    0.999979	 2.14012e-05
4	1.99720657393103	0.894498077628106	0.790684499232722	37	4	    0.946925	    0.053075	1	    0.786118	    0.213882	1	    0.774677	    0.225323	    0.990227	  0.00977251
4	1.79190783602721	0.818826353705481	-0.0721034823742581	38	4	    0.946925	    0.053075	1	     0.52474	     0.47526	1	    0.499941	    0.500059	    0.967176	   0.0328242
4	-1.23297630910884	-0.0408471905190615	-1.11465739715198	39	4	    0.946925	    0.053075	1	 0.000477128	    0.999523	2	 0.000190644	    0.999809	  0.00558837	    0.994412
4	-3.17720974034715	0.683770623222954	-0.170369420241046	40	4	    0.946925	    0.053075	1	 4.09168e-05	    0.999959	2	 1.62987e-05	    0.999984	 0.000480135	     0.99952
5	-1.08484173165399	-1.32029922281639	-0.149698778805238	41	5	     0.99957	 0.000429596	1	 9.81399e-05	    0.999902	2	 9.69573e-05	    0.999903	  0.00284968	     0.99715
5	0.0607634334966003	-1.8213365235324	-0.348365580376372	42	5	     0.99957	 0.000429596	1	 0.000501429	    0.999499	2	 0.000495456	    0.999505	   0.0143991	    0.985601
5	-0.181766151621347	1.53499112750139	-1.60484123644795	43	5	     0.99957	 0.000429596	1	     0.01103	     0.98897	2	   0.0109292	    0.989071	    0.245662	    0.754338
5	2.34131101358464	0.930467609475238	2.07951283669029	44	5	     0.99957	 0.000429596	1	    0.955005	   0.0449949	1	    0.954986	   0.0450136	    0.998403	  0.00159676
5	1.10679158982067	-1.03928839310685	0.483529923595307	45	5	     0.99957	 0.000429596	1	   0.0266648	    0.973335	2	    0.026485	    0.973515	    0.445001	    0.554999
5	0.688816160126333	1.03367865674845	0.54835850890245	46	5	     0.99957	 0.000429596	1	     0.16842	     0.83158	2	    0.168125	    0.831875	    0.856248	    0.143752
5	0.470991750342963	0.408282309790019	-1.05875404675908	47	5	     0.99957	 0.000429596	1	   0.0147333	    0.985267	2	    0.014609	    0.985391	    0.304078	    0.695922
5	-1.64006703209326	1.40024589133753	0.408089884272555	48	5	     0.99957	 0.000429596	1	  0.00195332	    0.998047	2	  0.00193097	    0.998069	   0.0539442	    0.946056
5	-0.679023165379527	-0.541398989448632	-0.27511926478174	49	5	     0.99957	 0.000429596	1	 0.000625688	    0.999374	2	 0.000618261	    0.999382	   0.0179063	    0.982094
5	2.48630805749224	2.2174277252155	0.538815317540643	50	5	     0.99957	 0.000429596	1	    0.980517	   0.0194831	1	    0.980509	   0.0194912	    0.999326	 0.000674033
6	0.226175395529003	0.0911611433361456	-0.00866588101768003	51	6	     0.96125	   0.0387498	1	   0.0230534	    0.976947	2	   0.0128227	    0.987177	    0.276842	    0.723158
6	-0.646680736793556	-0.0140877034395557	-1.75647114533299	52	6	     0.96125	   0.0387498	1	 0.000882838	    0.999117	2	 0.000422467	    0.999578	   0.0123031	    0.987697
6	-0.113285802208356	-1.01555115057266	-1.16441541881917	53	6	     0.96125	   0.0387498	1	  0.00112553	    0.998874	2	  0.00053956	     0.99946	   0.0156614	    0.984339
6	2.52052365969698	0.84526208884273	1.93320707762059	54	6	     0.96125	   0.0387498	1	     0.96262	   0.0373801	1	    0.961168	   0.0388318	    0.998631	  0.00136893
6	4.58674304062644	0.01272614956247	0.254311323537238	55	6	     0.96125	   0.0387498	1	    0.994716	    0.005284	1	    0.994511	  0.00548946	    0.999813	 0.000187252
6	2.54219234347339	4.67848928192999	0.904021702038139	56	6	     0.96125	   0.0387498	1	    0.999575	 0.000425491	1	    0.999558	 0.000442039	    0.999985	 1.50049e-05
6	3.06520387801695	-0.0537770737804641	1.14779443469172	57	6	     0.96125	   0.0387498	1	     0.92856	     0.07144	1	    0.925789	   0.0742106	    0.997288	  0.00271245
6	-0.7501478658908	-1.15492645299432	0.62949618252157	58	6	     0.96125	   0.0387498	1	 0.000975355	    0.999025	2	 0.000467056	    0.999533	   0.0135845	    0.986415
6	0.793791101470642	0.065042317502296	-0.820709556096283	59	6	     0.96125	   0.0387498	1	    0.036536	    0.963464	2	   0.0219571	    0.978043	    0.398189	    0.601811
6	-0.74976285868803	-0.749742117830888	0.160136186303752	60	6	     0.96125	   0.0387498	1	  0.00117329	    0.998827	2	 0.000562651	    0.999437	   0.0163211	    0.983679
7	2.30630226832838	2.52293685936462	0.615299605187488	61	7	  0.00391161	    0.996088	2	    0.999318	 0.000681813	1	    0.982198	   0.0178016	    0.999385	 0.000614583
7	1.31836986941428	0.372746709336929	1.33891857489866	62	7	  0.00391161	    0.996088	2	    0.943846	   0.0561539	1	    0.373207	    0.626793	    0.946087	    0.053913
7	-0.266540210545316	0.742245141643024	-0.346152326872133	63	7	  0.00391161	    0.996088	2	    0.197457	    0.802543	2	  0.00831756	    0.991682	    0.198199	    0.801801
7	2.26580617368516	1.4230052914806	1.02284596073643	64	7	  0.00391161	    0.996088	2	    0.997561	  0.00243877	1	    0.938776	   0.0612235	    0.997792	  0.00220792
7	3.13983841288017	1.7453393551113	-0.744898618976015	65	7	  0.00391161	    0.996088	2	    0.999034	 0.000966002	1	     0.97494	   0.0250599	    0.999129	 0.000871385
7	1.01345517950139	1.24611312693478	1.10588415935816	66	7	  0.00391161	    0.996088	2	     0.95976	   0.0402402	1	    0.460182	    0.539818	    0.961722	   0.0382784
7	1.32633321216593	2.81737938491007	-0.779330818433155	67	7	  0.00391161	    0.996088	2	     0.98886	   0.0111395	1	    0.765908	    0.234092	    0.989736	    0.010264
7	0.0952557274499024	0.395960534284114	2.3610811305649	68	7	  0.00391161	    0.996088	2	     0.74043	     0.25957	1	   0.0893255	    0.910674	    0.742987	    0.257013
7	1.2820779121196	1.52945109339909	2.05206048475978	69	7	  0.00391161	    0.996088	2	     0.99231	  0.00769048	1	    0.827123	    0.172877	    0.992958	   0.0070418
7	-0.383542012478036	-0.834312855278951	1.15452322768418	70	7	  0.00391161	    0.996088	2	   0.0668813	    0.933119	2	  0.00243587	    0.997564	   0.0671344	    0.932866
8	-0.320536946168522	0.503195813326394	-0.911738405244205	71	8	    0.999991	 8.53504e-06	1	  0.00341122	    0.996589	2	  0.00341047	     0.99659	   0.0916177	    0.908382
8	-2.0919207780441	-2.09747067198796	-1.12009230670202	72	8	    0.999991	 8.53504e-06	1	  1.7338e-06	    0.999998	2	 1.73337e-06	    0.999998	 5.10838e-05	    0.999949
8	-1.85183190983504	-0.0944845798294065	1.74863924791231	73	8	    0.999991	 8.53504e-06	1	  0.00045206	    0.999548	2	 0.000451952	    0.999548	   0.0131508	    0.986849
8	0.439665272322799	1.01454241130906	-0.518216284412504	74	8	    0.999991	 8.53504e-06	1	   0.0468378	    0.953162	2	   0.0468332	    0.953167	    0.591519	    0.408481
8	0.141904835351357	-0.0794004506489604	-2.33233106649063	75	8	    0.999991	 8.53504e-06	1	  0.00134596	    0.998654	2	  0.00134565	    0.998654	   0.0381957	    0.961804
8	-0.825059120475535	-0.255128937044001	-0.564710247305162	76	8	    0.999991	 8.53504e-06	1	 0.000531383	    0.999469	2	 0.000531255	    0.999469	    0.015424	    0.984576
8	-1.37117981596442	0.780950544195785	0.107859969486894	77	8	    0.999991	 8.53504e-06	1	  0.00115996	     0.99884	2	  0.00115969	     0.99884	   0.0330861	    0.966914
8	2.02488144641279	2.70741265849372	0.907526968451758	78	8	    0.999991	 8.53504e-06	1	    0.979925	   0.0200752	1	    0.979925	   0.0200754	    0.999305	 0.000694635
8	1.58099249126551	-0.907852659628467	0.841766648789561	79	8	    0.999991	 8.53504e-06	1	    0.108006	    0.891994	2	       0.108	       0.892	    0.781104	    0.218896
8	-0.759716027054064	-1.40320784568114	-1.52847630579273	80	8	    0.999991	 8.53504e-06	1	  5.8414e-05	    0.999942	2	 5.83998e-05	    0.999942	  0.00171831	    0.998282
9	1.46145521587354	1.42861859049941	0.0162923367557192	81	9	    0.993496	  0.00650416	1	     0.55148	     0.44852	1	    0.548722	    0.451278	    0.972853	   0.0271473
9	-0.260291279435667	1.04739210062907	0.102608614930469	82	9	    0.993496	  0.00650416	1	   0.0203456	    0.979654	2	   0.0181684	    0.981832	    0.352907	    0.647093
9	1.35539869324433	1.23323217988497	2.63078783023288	83	9	    0.993496	  0.00650416	1	    0.856099	    0.143901	1	    0.855194	    0.144806	    0.994288	  0.00571244
9	1.21525293567706	0.95795200493075	0.381796793289551	84	9	    0.993496	  0.00650416	1	    0.336629	    0.663371	2	    0.332703	    0.667297	    0.936283	   0.0637172
9	3.78200261661201	0.517193903245447	0.42572674104399	85	9	    0.993496	  0.00650416	1	    0.986551	   0.0134486	1	    0.986466	   0.0135336	    0.999535	 0.000465282
9	-0.0640374279297368	-0.81053528160856	0.120103259274226	86	9	    0.993496	  0.00650416	1	  0.00259264	    0.997407	2	  0.00220867	    0.997791	   0.0612432	    0.938757
9	0.624481143281806	-2.2816639541806	0.486999173113743	87	9	    0.993496	  0.00650416	1	  0.00203197	    0.997968	2	  0.00172757	    0.998272	   0.0485284	    0.951472
9	-0.938595151891697	1.57935272083815	-0.48197128138337	88	9	    0.993496	  0.00650416	1	  0.00642368	    0.993576	2	  0.00554214	    0.994458	    0.141077	    0.858923
9	-1.8326834165082	-0.972165435214201	0.870431054522862	89	9	    0.993496	  0.00650416	1	 8.27702e-05	    0.999917	2	 6.98596e-05	     0.99993	  0.00205483	    0.997945
9	-0.901485727138233	-1.02897471604725	0.879803885069601	90	9	    0.993496	  0.00650416	1	 0.000577786	    0.999422	2	  0.00048859	    0.999511	   0.0142023	    0.985798
10	-0.950902079388975	-0.604412458241648	1.37459853000102	91	10	  0.00085126	    0.999149	2	   0.0332839	    0.966716	2	  0.00116784	    0.998832	   0.0333113	    0.966689
10	1.1646966945203	2.22877074688592	0.378395792146759	92	10	  0.00085126	    0.999149	2	    0.986749	   0.0132508	1	    0.719995	    0.280005	    0.986976	   0.0130236
10	2.54609792845392	1.04936926832583	1.28081544471641	93	10	  0.00085126	    0.999149	2	     0.99832	  0.00167976	1	    0.953773	   0.0462267	    0.998358	   0.0016418
10	3.61253588475273	1.23060878312288	-0.41204254202729	94	10	  0.00085126	    0.999149	2	    0.999499	 0.000500524	1	     0.98579	   0.0142095	    0.999511	 0.000488844
10	-0.653114667017496	0.673621632397077	2.61439763396677	95	10	  0.00085126	    0.999149	2	    0.505971	    0.494029	1	   0.0336356	    0.966364	    0.506373	    0.493627
10	1.96335334724472	0.883368308996148	-0.0211473562705762	96	10	  0.00085126	    0.999149	2	    0.979542	   0.0204582	1	    0.622586	    0.377414	    0.979846	   0.0201541
10	1.88936730250191	2.21324714190571	1.90654977726152	97	10	  0.00085126	    0.999149	2	    0.999149	 0.000851469	1	    0.976052	   0.0239476	    0.999168	 0.000831792
10	3.24200543155469	1.2180438375402	0.734242977502558	98	10	  0.00085126	    0.999149	2	    0.999543	 0.000456522	1	    0.987024	   0.0129756	    0.999554	 0.000445856
10	1.30757635135915	2.32216413491563	0.625339939296257	99	10	  0.00085126	    0.999149	2	    0.992913	  0.00708654	1	    0.829068	    0.170932	    0.993053	  0.00694695
10	0.834557388211963	0.369447555986707	0.275851988193551	100	10	  0.00085126	    0.999149	2	    0.724025	    0.275975	1	   0.0819461	    0.918054	    0.724572	    0.275428
11	0.943906741764831	0.769948452609126	1.2609683545609	101	11	      0.6877	      0.3123	1	    0.496322	    0.503678	2	    0.300791	    0.699209	    0.926893	   0.0731071
11	0.723485112002042	1.09575807017862	0.911609249974026	102	11	      0.6877	      0.3123	1	    0.447554	    0.552446	2	    0.240605	    0.759395	    0.903268	   0.0967316
11	2.3602275116936	3.38730665710539	0.441627646456914	103	11	      0.6877	      0.3123	1	    0.996096	  0.00390371	1	     0.99441	  0.00558987	    0.999809	 0.000190696
11	0.256221180288194	-0.87418056451546	-1.87309310639109	104	11	      0.6877	      0.3123	1	  0.00803729	    0.991963	2	  0.00083036	     0.99917	   0.0239073	    0.976093
11	0.752887908098141	1.45835744288251	-0.107218869334768	105	11	      0.6877	      0.3123	1	    0.411134	    0.588866	2	    0.198452	    0.801548	    0.879473	    0.120527
11	1.00737563825678	3.75969584724276	0.168336254934028	106	11	      0.6877	      0.3123	1	    0.949274	    0.050726	1	     0.92744	   0.0725595	    0.997352	  0.00264755
11	1.48632630711899	-1.49529438042122	0.303760200631701	107	11	      0.6877	      0.3123	1	    0.161957	    0.838043	2	   0.0278037	    0.972196	    0.457369	    0.542631
11	1.2733463464217	0.637985980889255	1.05753379717393	108	11	      0.6877	      0.3123	1	    0.560009	    0.439991	1	    0.383672	    0.616328	    0.948312	    0.051688
11	0.0966503179347832	-0.243878362607998	-1.14414525128585	109	11	      0.6877	      0.3123	1	   0.0231934	    0.976807	2	  0.00249917	    0.997501	   0.0687632	    0.931237
11	0.214864061434575	1.4449739755708	-1.18722139951787	110	11	      0.6877	      0.3123	1	    0.173252	    0.826748	2	   0.0311145	    0.968885	    0.486248	    0.513752
12	2.51847548546922	1.50814683161857	1.09949443212971	111	12	 2.10023e-06	    0.999998	2	     0.99893	   0.0010701	1	    0.969396	    0.030604	     0.99893	  0.00107004
12	1.70369710525566	1.02685795018579	2.72672857225051	112	12	 2.10023e-06	    0.999998	2	    0.996682	  0.00331756	1	    0.910667	   0.0893327	    0.996683	  0.00331738
12	1.64799913121421	2.58093861036147	2.49284392294287	113	12	 2.10023e-06	    0.999998	2	     0.99947	 0.000530154	1	    0.984608	   0.0153916	     0.99947	 0.000530122
12	2.13371962652923	0.160479195364623	0.19945095653551	114	12	 2.10023e-06	    0.999998	2	    0.968671	   0.0313292	1	    0.511987	    0.488013	    0.968672	   0.0313283
12	1.77313698693363	1.44865822318322	-0.16473602681753	115	12	 2.10023e-06	    0.999998	2	    0.984287	   0.0157126	1	     0.68006	     0.31994	    0.984288	   0.0157119
12	2.86307673100708	1.81776555516578	0.623455309851112	116	12	 2.10023e-06	    0.999998	2	    0.999516	 0.000483745	1	    0.985937	   0.0140625	    0.999516	 0.000483717
12	3.60421219913685	2.83818632699403	0.205792117205879	117	12	 2.10023e-06	    0.999998	2	    0.999967	 3.31864e-05	1	    0.999023	 0.000977095	    0.999967	 3.31844e-05
12	1.55416428192574	1.4102028301377	-0.550827179565488	118	12	 2.10023e-06	    0.999998	2	    0.964538	   0.0354618	1	    0.479955	    0.520045	    0.964539	   0.0354607
12	0.810428533700638	1.16399992494164	0.434455924261246	119	12	 2.10023e-06	    0.999998	2	     0.89444	     0.10556	1	    0.223304	    0.776696	    0.894441	    0.105559
12	2.24662155062858	1.47191885813582	1.58375852754989	120	12	 2.10023e-06	    0.999998	2	    0.998622	  0.00137834	1	    0.960913	   0.0390866	    0.998622	  0.00137826
13	1.23850897548453	2.02908031365483	-0.891219171406629	121	13	    0.999999	 1.26301e-06	1	    0.454883	    0.545117	2	    0.454882	    0.545118	    0.960928	   0.0390723
13	-0.393981667023994	1.22430795340343	0.280511012399283	122	13	    0.999999	 1.26301e-06	1	    0.019963	    0.980037	2	   0.0199626	    0.980037	    0.375127	    0.624873
13	-1.72826292188549	0.755842400647379	-0.00121842922246968	123	13	    0.999999	 1.26301e-06	1	 0.000474394	    0.999526	2	 0.000474377	    0.999526	   0.0137946	    0.986205
13	0.26293965828286	-0.465786902004346	-2.06260788530826	124	13	    0.999999	 1.26301e-06	1	  0.00127217	    0.998728	2	  0.00127213	    0.998728	   0.0361819	    0.963818
13	-1.61558979829955	-1.76632105547138	0.559793205235868	125	13	    0.999999	 1.26301e-06	1	  2.9205e-05	    0.999971	2	 2.92039e-05	    0.999971	 0.000859989	     0.99914
13	-0.117269628962947	0.0252991009560438	-0.925705226180167	126	13	    0.999999	 1.26301e-06	1	  0.00271161	    0.997288	2	  0.00271152	    0.997288	   0.0741871	    0.925813
13	0.325928044349314	0.222579604574569	-2.07640486096565	127	13	    0.999999	 1.26301e-06	1	  0.00371739	    0.996283	2	  0.00371727	    0.996283	   0.0990707	    0.900929
13	-1.90093451424353	-1.41861801524378	1.07273406819358	128	13	    0.999999	 1.26301e-06	1	 3.82434e-05	    0.999962	2	  3.8242e-05	    0.999962	  0.00112585	    0.998874
13	-0.469805110693186	-0.245081626746495	-0.835241254227017	129	13	    0.999999	 1.26301e-06	1	 0.000937102	    0.999063	2	  0.00093707	    0.999063	   0.0268998	      0.9731
13	0.12384558683103	-0.467971398370404	2.16243134523932	130	13	    0.999999	 1.26301e-06	1	   0.0263539	    0.973646	2	   0.0263534	    0.973647	    0.443738	    0.556262
14	0.872960222052016	2.6533099339711	0.393571974774977	131	14	  0.00381959	     0.99618	2	    0.985486	   0.0145144	1	    0.713059	    0.286941	     0.98653	   0.0134699
14	-0.40179926027606	0.569290525497297	-0.695015658436615	132	14	  0.00381959	     0.99618	2	   0.0988063	    0.901194	2	  0.00372143	    0.996279	   0.0991709	    0.900829
14	2.00515375780452	2.31312355389689	2.13961921666316	133	14	  0.00381959	     0.99618	2	    0.999481	 0.000519053	1	    0.986366	   0.0136337	    0.999531	 0.000468769
14	2.67254159356275	2.9424138739242	1.21586797507396	134	14	  0.00381959	     0.99618	2	    0.999893	 0.000107254	1	    0.997156	  0.00284393	    0.999903	 9.67613e-05
14	0.553639201115428	2.50217152451073	1.08607994029488	135	14	  0.00381959	     0.99618	2	    0.979695	   0.0203048	1	    0.636737	    0.363263	     0.98101	   0.0189899
14	0.856379992511437	-0.48826014058337	1.06444785720697	136	14	  0.00381959	     0.99618	2	    0.610601	    0.389399	1	   0.0509519	    0.949048	    0.612746	    0.387254
14	1.69917503747926	1.86355021942745	1.38581998835303	137	14	  0.00381959	     0.99618	2	    0.996623	  0.00337671	1	    0.916779	   0.0832208	    0.996929	  0.00307057
14	0.611085734767199	0.793373813027418	-0.077876792868921	138	14	  0.00381959	     0.99618	2	    0.684753	    0.315247	1	   0.0693451	    0.930655	    0.687113	    0.312887
14	-0.0274797467634498	1.827060265992	0.681684772946934	139	14	  0.00381959	     0.99618	2	    0.804863	    0.195137	1	    0.124577	    0.875423	    0.807471	    0.192529
14	2.50521590650312	3.33021268948591	1.30539447306302	140	14	  0.00381959	     0.99618	2	    0.999916	 8.40636e-05	1	     0.99777	   0.0022302	    0.999924	 7.58348e-05
15	0.771499632311908	-0.546140569042446	0.190163934484088	141	15	    0.996104	  0.00389639	1	   0.0215544	    0.978446	2	    0.020162	    0.979838	    0.377508	    0.622492
15	-1.61288294516713	0.195454679799926	-0.373478807514647	142	15	    0.996104	  0.00389639	1	  0.00023224	    0.999768	2	 0.000209176	    0.999791	  0.00612839	    0.993872
15	1.14242107325242	0.72502320050313	-0.0287497823749213	143	15	    0.996104	  0.00389639	1	    0.184878	    0.815122	2	    0.182207	    0.817793	    0.867838	    0.132162
15	2.09829328975597	0.230988517222347	-1.01890016250098	144	15	    0.996104	  0.00389639	1	    0.291403	    0.708597	2	    0.288933	    0.711067	    0.922933	   0.0770673
15	1.83263692504075	1.11845879023277	1.18016148918825	145	15	    0.996104	  0.00389639	1	    0.817842	    0.182158	1	    0.817159	    0.182841	    0.992465	  0.00753476
15	-0.266927381557538	0.248263240623375	1.9647131777949	146	15	    0.996104	  0.00389639	1	   0.0275677	    0.972432	2	   0.0259549	    0.974045	     0.43988	     0.56012
15	2.79482172811092	0.814792766901992	0.928291085867832	147	15	    0.996104	  0.00389639	1	    0.950991	   0.0490092	1	    0.950806	    0.049194	    0.998248	  0.00175245
15	-0.456845694234203	-1.07579452527709	-0.0943614337846335	148	15	    0.996104	  0.00389639	1	  0.00061305	    0.999387	2	 0.000552716	    0.999447	   0.0160374	    0.983963
15	-0.971702757548201	-1.3360584201516	0.251383867523242	149	15	    0.996104	  0.00389639	1	 0.000185153	    0.999815	2	 0.000166745	    0.999833	  0.00489112	    0.995109
15	-0.472534566018054	0.920189089342788	0.561766211823825	150	15	    0.996104	  0.00389639	1	   0.0150233	    0.984977	2	   0.0139321	    0.986068	     0.29399	     0.70601
16	2.94765504245465	1.61065370289726	-1.03304889486307	151	16	 2.63947e-05	    0.999974	2	       0.998	  0.00199968	1	    0.944277	   0.0557228	    0.998002	  0.00199826
16	3.01603959389946	0.827382687114028	-0.505989234513504	152	16	 2.63947e-05	    0.999974	2	    0.996665	  0.00333525	1	    0.910284	   0.0897163	    0.996667	  0.00333297
16	3.75186717882185	1.71861626411182	-0.47386647798914	153	16	 2.63947e-05	    0.999974	2	    0.999806	  0.00019394	1	     0.99432	  0.00568022	    0.999806	 0.000193795
16	3.04770237040486	1.62551345311558	1.6697415932481	154	16	 2.63947e-05	    0.999974	2	    0.999816	 0.000184142	1	    0.994605	  0.00539475	    0.999816	 0.000184004
16	-0.377857303194348	1.62975641101744	1.15299647087347	155	16	 2.63947e-05	    0.999974	2	    0.685179	    0.314821	1	   0.0687728	    0.931227	    0.685196	    0.314804
16	2.50810478267168	2.0958725589448	2.2329807080375	156	16	 2.63947e-05	    0.999974	2	    0.999802	 0.000197834	1	    0.994206	  0.00579365	    0.999802	 0.000197686
16	0.929815412452144	3.86202282194684	1.34936012328506	157	16	 2.63947e-05	    0.999974	2	    0.998935	  0.00106546	1	    0.969545	   0.0304553	    0.998935	  0.00106468
16	1.85577523778054	2.0744084053525	-1.37142292839237	158	16	 2.63947e-05	    0.999974	2	    0.985501	   0.0144986	1	    0.697661	    0.302339	    0.985509	    0.014491
16	0.988294584537913	3.1877165105041	0.99973311587031	159	16	 2.63947e-05	    0.999974	2	    0.996865	   0.0031352	1	    0.915225	   0.0847755	    0.996867	  0.00313305
16	1.24302324833439	-0.430368268730682	-1.16038260389409	160	16	 2.63947e-05	    0.999974	2	    0.402822	    0.597178	2	   0.0223762	    0.977624	    0.402832	    0.597168
17	-0.0788894233080728	-1.25429225997553	0.989151532583701	161	17	    0.999994	 5.92415e-06	1	  0.00231526	    0.997685	2	   0.0023149	    0.997685	   0.0640065	    0.935994
17	-0.807295116986153	-1.7285124519146	1.43576889187546	162	17	    0.999994	 5.92415e-06	1	 0.000355401	    0.999645	2	 0.000355341	    0.999645	   0.0103678	    0.989632
17	-0.996201639682667	1.4215456684492	0.122653565872089	163	17	    0.999994	 5.92415e-06	1	  0.00636134	    0.993639	2	  0.00636043	     0.99364	    0.158714	    0.841286
17	-0.858331208674942	1.72380537594262	-1.2473017482383	164	17	    0.999994	 5.92415e-06	1	  0.00438406	    0.995616	2	   0.0043834	    0.995617	    0.114854	    0.885146
17	-0.95073827250376	0.233168323016641	-0.755010783579252	165	17	    0.999994	 5.92415e-06	1	 0.000682099	    0.999318	2	 0.000681986	    0.999318	   0.0197168	    0.980283
17	-1.12179377839042	-0.727001018143893	-0.899743812190683	166	17	    0.999994	 5.92415e-06	1	 0.000111727	    0.999888	2	 0.000111708	    0.999888	  0.00328185	    0.996718
17	1.86492378724225	1.90226495243696	2.36692752414388	167	17	    0.999994	 5.92415e-06	1	    0.973196	   0.0268042	1	    0.973196	   0.0268044	    0.999066	 0.000933657
17	-0.874073743405184	0.585961782997166	-0.164920421466188	168	17	    0.999994	 5.92415e-06	1	  0.00209153	    0.997908	2	   0.0020912	    0.997909	   0.0581688	    0.941831
17	0.258678991135885	-0.544374179905052	0.783275861048595	169	17	    0.999994	 5.92415e-06	1	    0.010775	    0.989225	2	   0.0107736	    0.989226	    0.242987	    0.757013
17	0.254858699461153	0.409050332840719	2.12254506838344	170	17	    0.999994	 5.92415e-06	1	    0.104524	    0.895476	2	     0.10452	     0.89548	    0.774774	    0.225226
18	0.727641866150229	0.746362696888084	1.56293881385894	171	18	  4.4058e-06	    0.999996	2	    0.907144	   0.0928561	1	    0.248961	    0.751039	    0.907147	   0.0928532
18	1.33692841621577	2.07009791912472	0.579989547295889	172	18	  4.4058e-06	    0.999996	2	    0.990456	   0.0095441	1	    0.778835	    0.221165	    0.990457	  0.00954317
18	1.70345687017646	0.710780721743715	0.352921046890718	173	18	  4.4058e-06	    0.999996	2	    0.967095	   0.0329049	1	    0.499323	    0.500677	    0.967097	   0.0329028
18	1.42603357314221	0.696924175585761	1.07518369943682	174	18	  4.4058e-06	    0.999996	2	    0.965621	   0.0343788	1	    0.487989	    0.512011	    0.965623	   0.0343767
18	1.97382591801084	0.436007228008016	2.94562907808029	175	18	  4.4058e-06	    0.999996	2	    0.996492	  0.00350755	1	    0.906021	   0.0939792	    0.996493	  0.00350715
18	2.25972722385861	0.862860397141603	0.0522982112994601	176	18	  4.4058e-06	    0.999996	2	    0.989603	   0.0103971	1	    0.763583	    0.236417	    0.989604	   0.0103961
18	2.53341757156472	2.60721245296224	3.3190402158657	177	18	  4.4058e-06	    0.999996	2	    0.999961	  3.8983e-05	1	    0.998853	   0.0011475	    0.999961	 3.89781e-05
18	1.45793139597107	1.29076985023883	0.990352107756962	178	18	  4.4058e-06	    0.999996	2	     0.98457	   0.0154301	1	    0.684066	    0.315934	    0.984571	   0.0154288
18	2.33766844659759	1.13646608487061	-0.14111850769508	179	18	  4.4058e-06	    0.999996	2	    0.992953	  0.00704739	1	    0.827024	    0.172976	    0.992953	  0.00704666
18	1.76208713976363	1.31835069247815	0.711891100259523	180	18	  4.4058e-06	    0.999996	2	    0.990349	  0.00965077	1	    0.776896	    0.223104	     0.99035	  0.00964983
19	1.12569776459416	0.480430382658912	-0.132985168861337	181	19	    0.999976	 2.42244e-05	1	     0.12371	     0.87629	2	    0.123694	    0.876306	    0.806206	    0.193794
19	2.20468789818532	0.496829489124653	1.84548535118944	182	19	    0.999976	 2.42244e-05	1	     0.87812	     0.12188	1	    0.878117	    0.121883	    0.995313	  0.00468744
19	-0.0158696557762988	0.534279327053123	0.369850103286845	183	19	    0.999976	 2.42244e-05	1	   0.0187965	    0.981204	2	   0.0187882	    0.981212	    0.360749	    0.639251
19	0.185196040701289	0.182908914223469	-0.260936649257345	184	19	    0.999976	 2.42244e-05	1	   0.0109224	    0.989078	2	   0.0109167	    0.989083	    0.245448	    0.754552
19	0.108231141887518	-0.0813525307257733	-0.123058151754665	185	19	    0.999976	 2.42244e-05	1	  0.00719359	    0.992806	2	   0.0071895	     0.99281	    0.175886	    0.824114
19	0.673992699568888	0.1384163564404	0.169713359729811	186	19	    0.999976	 2.42244e-05	1	   0.0404426	    0.959557	2	   0.0404302	     0.95957	    0.553924	    0.446076
19	-0.951967116015085	0.588899054635062	0.789256800804347	187	19	    0.999976	 2.42244e-05	1	  0.00378477	    0.996215	2	  0.00378243	    0.996218	    0.100638	    0.899362
19	-0.49847329238345	-1.0739409797129	1.96865213504576	188	19	    0.999976	 2.42244e-05	1	  0.00260904	    0.997391	2	  0.00260737	    0.997393	   0.0715344	    0.928466
19	-0.653518730626198	0.457626789177041	-0.655033112503761	189	19	    0.999976	 2.42244e-05	1	  0.00191425	    0.998086	2	    0.001913	    0.998087	   0.0534681	    0.946532
19	-0.126079083822503	0.0543110102029748	0.421352461850474	190	19	    0.999976	 2.42244e-05	1	  0.00804519	    0.991955	2	  0.00804071	    0.991959	    0.192831	    0.807169
20	-0.63786646305784	0.158470192979915	0.562481704412026	191	20	    0.998384	  0.00161606	1	   0.0035886	    0.996411	2	  0.00344475	    0.996555	   0.0924564	    0.907544
20	0.337567398663831	-0.813342932895247	-0.606479489220191	192	20	    0.998384	  0.00161606	1	  0.00306772	    0.996932	2	  0.00294314	    0.997057	   0.0800341	    0.919966
20	-0.0293290444389355	0.0356984708147624	1.39139341182056	193	20	    0.998384	  0.00161606	1	   0.0212235	    0.978776	2	   0.0206377	    0.979362	    0.383118	    0.616882
20	3.22872814344106	2.46158272381332	0.627369261228162	194	20	    0.998384	  0.00161606	1	     0.99736	   0.0026398	1	    0.997356	  0.00264393	     0.99991	 8.99389e-05
20	1.5852807887064	-1.45760980001734	0.328481174591335	195	20	    0.998384	  0.00161606	1	   0.0374635	    0.962537	2	   0.0366683	    0.963332	    0.528709	    0.471291
20	-0.314372753193934	-0.778625248191587	0.899267296278749	196	20	    0.998384	  0.00161606	1	  0.00260063	    0.997399	2	  0.00249376	    0.997506	   0.0686242	    0.931376
20	2.97575265935204	0.193371673100535	2.2466838975188	197	20	    0.998384	  0.00161606	1	    0.971983	   0.0280166	1	     0.97194	   0.0280604	    0.999021	 0.000978625
20	0.742089703332306	-1.13747439742242	1.53657622213191	198	20	    0.998384	  0.00161606	1	   0.0249644	    0.975036	2	   0.0243193	    0.975681	    0.423501	    0.576499
20	2.22545763479131	-0.657669474390037	0.461103406878774	199	20	    0.998384	  0.00161606	1	     0.33866	     0.66134	2	    0.337691	    0.662309	    0.937605	   0.0623949
20	-1.49733966351932	-0.123637489032013	0.314646862690623	200	20	    0.998384	  0.00161606	1	 0.000312667	    0.999687	2	 0.000299028	    0.999701	  0.00873862	    0.991261
21	3.10607312374539	0.91052932803361	-1.31010816846516	201	21	 7.30669e-06	    0.999993	2	    0.995369	  0.00463071	1	     0.87944	     0.12056	     0.99537	  0.00462986
21	1.47169339304655	1.81586646631854	2.67469876825725	202	21	 7.30669e-06	    0.999993	2	    0.998072	  0.00192781	1	     0.94615	   0.0538504	    0.998073	  0.00192743
21	3.37600858615402	1.01814870586042	2.08411743759588	203	21	 7.30669e-06	    0.999993	2	     0.99985	 0.000150257	1	    0.995591	  0.00440862	     0.99985	 0.000150226
21	1.09758167155414	1.70359630749665	2.05686574308177	204	21	 7.30669e-06	    0.999993	2	    0.991782	  0.00821823	1	    0.803745	    0.196255	    0.991783	  0.00821685
21	1.81222057537838	0.816917251662858	1.17214237922025	205	21	 7.30669e-06	    0.999993	2	    0.988039	   0.0119611	1	    0.737065	    0.262935	    0.988041	   0.0119592
21	1.12965314850037	0.124721427760624	1.10827098655939	206	21	 7.30669e-06	    0.999993	2	    0.873335	    0.126665	1	    0.189598	    0.810402	     0.87334	     0.12666
21	0.242566741570346	1.9553358883371	0.200671799797617	207	21	 7.30669e-06	    0.999993	2	    0.859685	    0.140315	1	    0.172112	    0.827888	     0.85969	     0.14031
21	3.21833015656087	2.47087547167979	0.18914221681036	208	21	 7.30669e-06	    0.999993	2	    0.999871	  0.00012871	1	    0.996221	  0.00377872	    0.999871	 0.000128683
21	1.01976914072545	0.871272616663824	2.27374872370615	209	21	 7.30669e-06	    0.999993	2	    0.974651	   0.0253488	1	    0.566115	    0.433885	    0.974654	   0.0253459
21	2.55959200346241	-0.406844673905326	2.11001434086661	210	21	 7.30669e-06	    0.999993	2	    0.993883	   0.0061166	1	    0.846491	    0.153509	    0.993884	  0.00611553
22	0.720403503457711	0.430279699269625	-0.280981001124193	211	22	  0.00054083	    0.999459	2	    0.589006	    0.410994	1	   0.0464251	    0.953575	      0.5893	      0.4107
22	0.223362108737977	2.54751073690678	0.619737449311457	212	22	  0.00054083	    0.999459	2	    0.948577	   0.0514232	1	    0.386435	    0.613565	    0.948881	   0.0511191
22	2.22405602669843	2.40757767469965	0.803521898685057	213	22	  0.00054083	    0.999459	2	    0.999248	 0.000752385	1	    0.978606	   0.0213938	    0.999259	 0.000741216
22	0.860015380879042	1.47422289566106	2.40448062721728	214	22	  0.00054083	    0.999459	2	     0.98563	   0.0143697	1	    0.701744	    0.298256	    0.985784	   0.0142161
22	3.37689935228885	1.39584202840035	0.664456213387649	215	22	  0.00054083	    0.999459	2	     0.99972	  0.00027965	1	    0.991945	  0.00805475	    0.999725	 0.000275443
22	3.78010861285818	0.775470876432358	0.877920329964607	216	22	  0.00054083	    0.999459	2	    0.999768	 0.000231899	1	    0.993312	  0.00668812	    0.999772	 0.000228405
22	2.29405616608493	-0.122902377867849	0.154630315382301	217	22	  0.00054083	    0.999459	2	    0.965918	   0.0340821	1	    0.492169	    0.507831	    0.966174	   0.0338257
22	1.06835574916197	1.13745867636851	0.606654962382294	218	22	  0.00054083	    0.999459	2	    0.942131	   0.0578686	1	    0.357173	    0.642827	    0.942448	   0.0575521
22	2.63561573013303	1.86316134253455	2.11970875573138	219	22	  0.00054083	    0.999459	2	     0.99977	 0.000229697	1	    0.993375	  0.00662501	    0.999774	 0.000226236
22	-0.835824653377363	-0.312669862379037	-0.341897674345075	220	22	  0.00054083	    0.999459	2	   0.0165894	    0.983411	2	 0.000572354	    0.999428	   0.0165981	    0.983402
23	-1.01989727087461	-0.718459587738167	0.0762608155127678	221	23	    0.999998	 2.32279e-06	1	 0.000306274	    0.999694	2	 0.000306254	    0.999694	  0.00894796	    0.991052
23	0.161469222777442	0.0184763208293739	1.0129384625626	222	23	    0.999998	 2.32279e-06	1	   0.0225025	    0.977498	2	   0.0225016	    0.977498	    0.404208	    0.595792
23	0.630325928930935	1.5608785746115	-1.20478643931236	223	23	    0.999998	 2.32279e-06	1	   0.0837106	    0.916289	2	   0.0837091	    0.916291	    0.729179	    0.270821
23	-0.0295000730129872	0.358970732772651	-0.832857293801954	224	23	    0.999998	 2.32279e-06	1	   0.0055776	    0.994422	2	  0.00557728	    0.994423	     0.14185	     0.85815
23	0.0123096815697504	0.3909250786151	1.23099762065948	225	23	    0.999998	 2.32279e-06	1	   0.0320692	    0.967931	2	   0.0320681	    0.967932	    0.494037	    0.505963
23	-0.291542071228928	-0.736088085427668	0.569575796658991	226	23	    0.999998	 2.32279e-06	1	  0.00213844	    0.997862	2	  0.00213831	    0.997862	   0.0594041	    0.940596
23	1.70555685861385	-0.643125188297812	0.888007656876646	227	23	    0.999998	 2.32279e-06	1	    0.191586	    0.808414	2	    0.191585	    0.808415	    0.874758	    0.125242
23	-1.4681797348409	-0.977764857434923	2.49371076285425	228	23	    0.999998	 2.32279e-06	1	 0.000554878	    0.999445	2	 0.000554842	    0.999445	   0.0160981	    0.983902
23	0.234854036923787	-1.92479318720243	0.711517175710277	229	23	    0.999998	 2.32279e-06	1	  0.00145372	    0.998546	2	  0.00145363	    0.998546	   0.0411391	    0.958861
23	-0.50907606118858	-1.42497492749134	-0.189154014170306	230	23	    0.999998	 2.32279e-06	1	  0.00028291	    0.999717	2	 0.000282892	    0.999717	  0.00827083	    0.991729
24	-0.11623551713465	2.26059691101895	0.412256687724039	231	24	 3.55111e-06	    0.999996	2	    0.835491	    0.164509	1	    0.146994	    0.853006	    0.835494	    0.164506
24	2.56393626201961	1.2373607519097	0.91041395702969	232	24	 3.55111e-06	    0.999996	2	    0.998363	   0.0016366	1	    0.953918	   0.0460825	    0.998364	  0.00163644
24	3.78903387677195	1.47503782798895	1.91576302258398	233	24	 3.55111e-06	    0.999996	2	    0.999963	 3.74057e-05	1	    0.998899	  0.00110115	    0.999963	 3.74019e-05
24	2.05319828720229	2.96739797311283	1.55519596969865	234	24	 3.55111e-06	    0.999996	2	    0.999727	 0.000272844	1	    0.992021	  0.00797853	    0.999727	 0.000272816
24	2.91289272204014	2.4554758404115	0.48814488610868	235	24	 3.55111e-06	    0.999996	2	    0.999799	 0.000200771	1	    0.994117	  0.00588295	    0.999799	 0.000200751
24	1.85349035226647	-0.164447024225058	1.39110732814837	236	24	 3.55111e-06	    0.999996	2	    0.965253	   0.0347474	1	    0.485226	    0.514774	    0.965254	   0.0347457
24	1.8238012982987	2.89007003168009	-0.584088425464124	237	24	 3.55111e-06	    0.999996	2	    0.997272	  0.00272808	1	    0.925399	   0.0746009	    0.997272	  0.00272782
24	0.944463256902326	1.0464049843747	0.75746825871334	238	24	 3.55111e-06	    0.999996	2	    0.925661	    0.074339	1	    0.297017	    0.702983	    0.925663	   0.0743368
24	3.23906895247316	0.473428440261142	0.866240943501652	239	24	 3.55111e-06	    0.999996	2	    0.998873	  0.00112742	1	    0.967809	   0.0321911	    0.998873	  0.00112731
24	1.12782635671548	3.05834395978086	0.963869477938082	240	24	 3.55111e-06	    0.999996	2	     0.99715	  0.00284965	1	    0.922324	    0.077676	    0.997151	  0.00284938
25	-0.685512759930939	-2.18025886406638	-2.16302792517267	241	25	    0.999991	  8.8135e-06	1	 1.41814e-05	    0.999986	2	 1.41778e-05	    0.999986	 0.000417683	    0.999582
25	1.75405541628753	0.154773029604536	0.448725193243326	242	25	    0.999991	  8.8135e-06	1	    0.358078	    0.641922	2	    0.358072	    0.641928	     0.94266	     0.05734
25	0.285918893561696	0.676776971264683	-0.296717145190413	243	25	    0.999991	  8.8135e-06	1	   0.0256906	    0.974309	2	    0.025687	    0.974313	    0.437257	    0.562743
25	-0.0962387387695353	-1.0270637908282	-1.78498387795703	244	25	    0.999991	  8.8135e-06	1	 0.000336517	    0.999663	2	 0.000336434	    0.999664	  0.00982137	    0.990179
25	0.5360352486976	0.28271686041698	-0.3205357323145	245	25	    0.999991	  8.8135e-06	1	   0.0251748	    0.974825	2	   0.0251712	    0.974829	    0.432143	    0.567857
25	-0.709831218060594	-1.6931570482701	0.381892582683205	246	25	    0.999991	  8.8135e-06	1	 0.000199347	    0.999801	2	 0.000199297	    0.999801	  0.00584059	    0.994159
25	0.276400851281746	0.371972778731193	-1.13687118918972	247	25	    0.999991	  8.8135e-06	1	  0.00862215	    0.991378	2	  0.00862043	     0.99138	    0.203994	    0.796006
25	0.307538741741893	1.33643652337677	1.08830456771062	248	25	    0.999991	  8.8135e-06	1	    0.171147	    0.828853	2	    0.171141	    0.828859	    0.858864	    0.141136
25	-0.826253016429561	-0.297441516166575	-0.487942694354744	249	25	    0.999991	  8.8135e-06	1	 0.000531451	    0.999469	2	  0.00053132	    0.999469	   0.0154258	    0.984574
25	0.445342810177667	-0.244721369311094	-0.00388018292343139	250	25	    0.999991	  8.8135e-06	1	   0.0130184	    0.986982	2	    0.013016	    0.986984	    0.279887	    0.720113
26	-0.54951846472008	-0.413637678802945	-0.73609748483155	251	26	    0.999852	 0.000148377	1	 0.000679221	    0.999321	2	 0.000676419	    0.999324	   0.0195589	    0.980441
26	0.557018043890101	2.10737646643977	0.154831001223563	252	26	    0.999852	 0.000148377	1	    0.328227	    0.671773	2	    0.328137	    0.671863	    0.935041	   0.0649595
26	-0.224787352050971	0.696859046720892	-0.0433811547784795	253	26	    0.999852	 0.000148377	1	   0.0108877	    0.989112	2	    0.010853	    0.989147	    0.244355	    0.755645
26	0.301541205096059	-0.411334331051676	-1.04426012502585	254	26	    0.999852	 0.000148377	1	  0.00335722	    0.996643	2	  0.00334436	    0.996656	   0.0899961	    0.910004
26	2.17455055116389	-0.647497727002397	1.17041592245195	255	26	    0.999852	 0.000148377	1	    0.448849	    0.551151	2	    0.448773	    0.551227	    0.959991	    0.040009
26	-0.582841397247516	1.40632627376014	0.611681478405954	256	26	    0.999852	 0.000148377	1	   0.0221904	     0.97781	2	   0.0221343	    0.977866	    0.400161	    0.599839
26	-0.229003608218135	1.06877313516691	-0.140193748737236	257	26	    0.999852	 0.000148377	1	   0.0165814	    0.983419	2	   0.0165347	    0.983465	    0.331331	    0.668669
26	0.995383822650051	0.148383591663828	1.7063598962522	258	26	    0.999852	 0.000148377	1	    0.225404	    0.774596	2	    0.225304	    0.774696	    0.895522	    0.104478
26	0.702549863325071	-0.564039533662913	0.386017585174254	259	26	    0.999852	 0.000148377	1	    0.019858	    0.980142	2	   0.0198055	    0.980194	     0.37324	     0.62676
26	-1.06911765608834	-2.34613928398795	-1.49397022868185	260	26	    0.999852	 0.000148377	1	 8.40361e-06	    0.999992	2	 8.36827e-06	    0.999992	 0.000246573	    0.999753
27	-0.115622009338538	-1.36419896888708	-0.755194556491576	261	27	    0.999946	  5.4059e-05	1	 0.000460336	     0.99954	2	 0.000459638	     0.99954	   0.0133716	    0.986628
27	0.692424214921812	0.956998068886062	-2.19459413112319	262	27	    0.999946	  5.4059e-05	1	   0.0202798	     0.97972	2	   0.0202604	     0.97974	    0.378676	    0.621324
27	-1.67194797365458	-1.76773984318153	0.830990502472002	263	27	    0.999946	  5.4059e-05	1	 3.20582e-05	    0.999968	2	  3.2009e-05	    0.999968	 0.000942516	    0.999057
27	0.160245362696853	0.224320507387706	-0.0930907466116409	264	27	    0.999946	  5.4059e-05	1	   0.0125085	    0.987492	2	   0.0124944	    0.987506	    0.271614	    0.728386
27	-0.774689485196757	0.780771497213218	-0.24478221374434	265	27	    0.999946	  5.4059e-05	1	  0.00318481	    0.996815	2	  0.00318034	     0.99682	   0.0859488	    0.914051
27	2.1155306640967	2.11702228729531	-0.658123073448846	266	27	    0.999946	  5.4059e-05	1	    0.883378	    0.116622	1	    0.883372	    0.116628	     0.99554	  0.00445969
27	-1.03897772143373	1.84852941100212	-0.707517187171975	267	27	    0.999946	  5.4059e-05	1	  0.00541034	     0.99459	2	  0.00540318	    0.994597	    0.138012	    0.861988
27	0.177564889148007	-0.583950532115303	1.08991852088253	268	27	    0.999946	  5.4059e-05	1	   0.0109331	    0.989067	2	   0.0109204	     0.98908	    0.245512	    0.754488
27	1.68886362116128	-0.1623272532161	0.234556973188288	269	27	    0.999946	  5.4059e-05	1	    0.208772	    0.791228	2	    0.208736	    0.791264	    0.886037	    0.113963
27	1.17859536149139	0.522778175036325	-0.97672798230835	270	27	    0.999946	  5.4059e-05	1	   0.0790307	    0.920969	2	   0.0789962	    0.921004	    0.716544	    0.283456
28	-0.389312673408208	1.17314878878531	-1.22448330948647	271	28	    0.999999	 6.67962e-07	1	  0.00575904	    0.994241	2	  0.00575895	    0.994241	    0.145819	    0.854181
28	-1.07264845556647	-0.512928554618491	0.546485651164496	272	28	    0.999999	 6.67962e-07	1	 0.000527131	    0.999473	2	 0.000527121	    0.999473	   0.0153057	    0.984694
28	-0.39534635863751	-0.000137571321359344	-0.873994161330058	273	28	    0.999999	 6.67962e-07	1	  0.00149581	    0.998504	2	  0.00149579	    0.998504	   0.0422833	    0.957717
28	-0.84498759833155	-0.639127325142142	-0.0292131435225772	274	28	    0.999999	 6.67962e-07	1	 0.000458763	    0.999541	2	 0.000458754	    0.999541	   0.0133462	    0.986654
28	-0.655940482090013	0.178497150503847	-0.556447545398077	275	28	    0.999999	 6.67962e-07	1	  0.00140133	    0.998599	2	   0.0014013	    0.998599	    0.039715	    0.960285
28	-2.50699143903884	0.497458218916702	0.33313449065802	276	28	    0.999999	 6.67962e-07	1	 8.03036e-05	     0.99992	2	  8.0302e-05	     0.99992	  0.00236128	    0.997639
28	0.167839957700375	-0.163392869712998	-1.15511008369447	277	28	    0.999999	 6.67962e-07	1	  0.00322739	    0.996773	2	  0.00322733	    0.996773	   0.0871119	    0.912888
28	1.21561048096742	0.414794373609588	0.840609543440712	278	28	    0.999999	 6.67962e-07	1	    0.253629	    0.746371	2	    0.253629	    0.746371	    0.909216	   0.0907843
28	0.255145945830071	-0.577372784950053	1.11407234456493	279	28	    0.999999	 6.67962e-07	1	   0.0132574	    0.986743	2	   0.0132572	    0.986743	    0.283651	    0.716349
28	1.61906288695254	-2.04667444820741	0.585076505157092	280	28	    0.999999	 6.67962e-07	1	    0.021804	    0.978196	2	   0.0218037	    0.978196	    0.396474	    0.603526
29	1.99587869050023	-0.0485871311195276	2.86241145086029	281	29	 0.000872518	    0.999127	2	    0.992911	  0.00708857	1	    0.829097	    0.170903	    0.993054	  0.00694552
29	2.3148199956051	3.29963146692588	1.26615355161842	282	29	 0.000872518	    0.999127	2	    0.999874	 0.000126295	1	     0.99638	  0.00361957	    0.999877	 0.000123244
29	2.1648510186425	2.80944017885248	-1.46771238735828	283	29	 0.000872518	    0.999127	2	    0.996992	  0.00300844	1	    0.920014	    0.079986	    0.997059	  0.00294122
29	-0.712664522447988	-1.70286263613771	0.29837045239462	284	29	 0.000872518	    0.999127	2	   0.0053576	    0.994642	2	 0.000182886	    0.999817	  0.00536212	    0.994638
29	0.723442409530465	2.33618670428393	1.61449779060585	285	29	 0.000872518	    0.999127	2	    0.988849	   0.0111514	1	    0.754043	    0.245957	    0.989054	   0.0109464
29	3.06812336608449	2.17959514747124	0.829432485841276	286	29	 0.000872518	    0.999127	2	    0.999836	 0.000163927	1	    0.995307	  0.00469334	     0.99984	 0.000159972
29	1.19711983153041	1.15215280315936	1.87082177931766	287	29	 0.000872518	    0.999127	2	    0.983431	   0.0165686	1	    0.671929	    0.328071	    0.983703	   0.0162965
29	-0.843216047181376	-0.809367218244861	0.700267617472689	288	29	 0.000872518	    0.999127	2	   0.0188045	    0.981195	2	 0.000650407	     0.99935	   0.0188204	     0.98118
29	3.43512874262739	0.421676075495683	1.20233540156714	289	29	 0.000872518	    0.999127	2	    0.999379	 0.000621253	1	     0.98243	   0.0175701	    0.999394	 0.000606451
29	1.02262325136113	2.03426778609473	-2.09866452837446	290	29	 0.000872518	    0.999127	2	    0.855317	    0.144683	1	     0.16775	     0.83225	    0.855918	    0.144082
30	2.28381210597011	-0.80410054309062	0.93511502458032	291	30	    0.361868	    0.638132	2	     0.75584	     0.24416	1	    0.408017	    0.591983	    0.953081	   0.0469189
30	0.31291940345886	0.783977578232646	-1.69073344430572	292	30	    0.361868	    0.638132	2	    0.156736	    0.843264	2	   0.0105793	    0.989421	    0.239618	    0.760382
30	3.52153985940757	0.695525323998304	1.45121455935945	293	30	    0.361868	    0.638132	2	    0.996826	  0.00317395	1	    0.991728	  0.00827208	    0.999717	 0.000282935
30	-0.812133727248252	1.03579906282525	-0.841695071707281	294	30	    0.361868	    0.638132	2	    0.046379	    0.953621	2	   0.0025946	    0.997405	   0.0712081	    0.928792
30	2.05106006219387	3.0908332063773	0.47833636975518	295	30	    0.361868	    0.638132	2	    0.993937	  0.00606341	1	    0.984204	   0.0157961	    0.999456	  0.00054427
30	1.51187056115273	0.771559372080696	1.84573428417429	296	30	    0.361868	    0.638132	2	     0.88283	     0.11717	1	    0.701328	    0.298672	    0.985756	    0.014244
30	0.660503280500508	2.23430495106159	1.7050164157158	297	30	    0.361868	    0.638132	2	    0.887999	    0.112001	1	    0.714125	    0.285875	    0.986599	   0.0134008
30	1.06424021285117	1.65436694549096	-0.52204882481246	298	30	    0.361868	    0.638132	2	    0.707724	    0.292276	1	    0.314007	    0.685993	     0.93099	     0.06901
30	-0.874912261575764	-1.32458052616229	0.435064583789573	299	30	    0.361868	    0.638132	2	  0.00460301	    0.995397	2	 0.000241749	    0.999758	  0.00707617	    0.992924
30	-0.832404217116367	-0.386334984391695	0.432416933628405	300	30	    0.361868	    0.638132	2	    0.017994	    0.982006	2	 0.000963968	    0.999036	   0.0276514	    0.972349
31	1.78694336745967	0.444344189744496	0.986788694334111	301	31	    0.999981	 1.89217e-05	1	    0.578062	    0.421938	1	    0.578054	    0.421946	    0.975831	   0.0241685
31	-0.148486001349966	-0.0428628305640364	0.792547026785751	302	31	    0.999981	 1.89217e-05	1	  0.00899523	    0.991005	2	  0.00899141	    0.991009	    0.210984	    0.789016
31	-0.075830456184338	1.26843173713222	-1.79034337671713	303	31	    0.999981	 1.89217e-05	1	  0.00823846	    0.991762	2	   0.0082349	    0.991765	    0.196604	    0.803396
31	-0.622058351431822	-0.0535401462262305	1.96716570572158	304	31	    0.999981	 1.89217e-05	1	  0.00809882	    0.991901	2	  0.00809531	    0.991905	    0.193895	    0.806105
31	0.453513837844088	-0.061700692306365	-0.0367471541018269	305	31	    0.999981	 1.89217e-05	1	   0.0165586	    0.983441	2	   0.0165527	    0.983447	    0.331576	    0.668424
31	1.1347752001438	0.367152596162325	2.22856013245129	306	31	    0.999981	 1.89217e-05	1	    0.446186	    0.553814	2	    0.446176	    0.553824	    0.959586	   0.0404145
31	-1.28924386007341	1.09537210892865	-1.57536410331916	307	31	    0.999981	 1.89217e-05	1	 0.000560743	    0.999439	2	 0.000560446	     0.99944	   0.0162581	    0.983742
31	0.137448527951058	-1.42977655331528	0.333809274825518	308	31	    0.999981	 1.89217e-05	1	  0.00172573	    0.998274	2	  0.00172485	    0.998275	   0.0484554	    0.951545
31	-0.164076238697848	-0.504991557893732	-1.35309750711904	309	31	    0.999981	 1.89217e-05	1	 0.000841379	    0.999159	2	 0.000840937	    0.999159	   0.0242047	    0.975795
31	-0.0187064791585083	-2.23119443565364	-0.221649518192383	310	31	    0.999981	 1.89217e-05	1	  0.00026236	    0.999738	2	  0.00026222	    0.999738	  0.00767093	    0.992329
32	-0.214808995802467	0.786126206572782	1.98500663407143	311	32	    0.999961	 3.93001e-05	1	   0.0598657	    0.940134	2	   0.0598424	    0.940158	    0.652289	    0.347711
32	1.04961835618881	-1.06765187880377	0.47046336568705	312	32	    0.999961	 3.93001e-05	1	   0.0223798	     0.97762	2	   0.0223649	    0.977635	    0.402708	    0.597292
32	-1.78140148959061	-0.637938687744245	-0.372885600795382	313	32	    0.999961	 3.93001e-05	1	 4.60943e-05	    0.999954	2	 4.60429e-05	    0.999954	  0.00135521	    0.998645
32	-0.231624274801336	1.58507214905885	-2.14145755990379	314	32	    0.999961	 3.93001e-05	1	  0.00689456	    0.993105	2	  0.00688816	    0.993112	    0.169723	    0.830277
32	0.585334071069629	-1.4438926128979	-0.590928862111981	315	32	    0.999961	 3.93001e-05	1	  0.00213957	     0.99786	2	  0.00213732	    0.997863	   0.0593781	    0.940622
32	1.62248740442192	0.677658256903132	1.02912806490405	316	32	    0.999961	 3.93001e-05	1	    0.577909	    0.422091	1	    0.577894	    0.422106	    0.975816	   0.0241841
32	-0.23053823886158	-0.355228821091102	0.56394056978389	317	32	    0.999961	 3.93001e-05	1	  0.00410376	    0.995896	2	  0.00409967	      0.9959	    0.108197	    0.891803
32	-0.922248071805758	-0.540403361973478	0.975398684022928	318	32	    0.999961	 3.93001e-05	1	 0.000989285	    0.999011	2	  0.00098821	    0.999012	   0.0283277	    0.971672
32	1.39527752325003	1.23369456897514	-0.395150187512322	319	32	    0.999961	 3.93001e-05	1	    0.367311	    0.632689	2	    0.367289	    0.632711	    0.944778	   0.0552224
32	0.064299909750879	0.172190100256439	-0.55148011042001	320	32	    0.999961	 3.93001e-05	1	  0.00660567	    0.993394	2	  0.00659949	    0.993401	    0.163735	    0.836265
33	-0.658668650512465	0.699783557218427	-0.332628658620974	321	33	    0.999952	   4.762e-05	1	  0.00341319	    0.996587	2	  0.00340899	    0.996591	   0.0915816	    0.908418
33	-1.05431768446357	0.72189931021328	-0.130056499041055	322	33	    0.999952	   4.762e-05	1	  0.00175818	    0.998242	2	  0.00175591	    0.998244	   0.0492866	    0.950713
33	-1.53297740769771	-2.58515946969759	0.467433926538207	323	33	    0.999952	   4.762e-05	1	 1.05048e-05	    0.999989	2	 1.04905e-05	     0.99999	 0.000309087	    0.999691
33	0.406597647058725	-0.0865285229430773	-0.455261040907654	324	33	    0.999952	   4.762e-05	1	   0.0104342	    0.989566	2	   0.0104234	    0.989577	    0.236895	    0.763105
33	2.35189317600025	1.14068714338038	-0.90799736373411	325	33	    0.999952	   4.762e-05	1	    0.729365	    0.270635	1	    0.729352	    0.270648	    0.987566	   0.0124343
33	-1.73077161998235	-1.02355342649085	0.268016201503449	326	33	    0.999952	   4.762e-05	1	 5.03255e-05	     0.99995	2	 5.02574e-05	     0.99995	  0.00147908	    0.998521
33	-0.188787487707429	-0.426247827706524	2.97300329137596	327	33	    0.999952	   4.762e-05	1	   0.0270307	    0.972969	2	   0.0270105	    0.972989	    0.449993	    0.550007
33	-1.39980045820974	0.75280313308748	-1.21580381596741	328	33	    0.999952	   4.762e-05	1	 0.000366656	    0.999633	2	 0.000366165	    0.999634	   0.0106803	     0.98932
33	0.176797450702696	0.87631459889301	-2.03751484576049	329	33	    0.999952	   4.762e-05	1	  0.00682498	    0.993175	2	  0.00681729	    0.993183	    0.168261	    0.831739
33	2.45284804748212	1.57715364267426	-0.370217576809984	330	33	    0.999952	   4.762e-05	1	    0.903756	   0.0962444	1	    0.903751	   0.0962488	    0.996399	  0.00360054
34	1.14669192568764	0.442785421839649	2.38512319406984	331	34	 5.18671e-05	    0.999948	2	     0.96836	   0.0316402	1	    0.509625	    0.490375	    0.968384	   0.0316164
34	2.9272355377334	1.24082446383838	0.137391834322716	332	34	 5.18671e-05	    0.999948	2	    0.998626	  0.00137386	1	    0.961087	   0.0389132	    0.998628	  0.00137191
34	2.02813877951271	1.59737807064689	-0.235357625036354	333	34	 5.18671e-05	    0.999948	2	    0.992135	  0.00786542	1	    0.810788	    0.189212	    0.992144	  0.00785602
34	2.35599828197255	1.34711999836847	1.3718966466807	334	34	 5.18671e-05	    0.999948	2	    0.998469	  0.00153093	1	    0.956823	   0.0431767	    0.998471	  0.00152877
34	3.2735139019278	0.953380762569165	1.32566514379181	335	34	 5.18671e-05	    0.999948	2	    0.999625	 0.000375362	1	     0.98907	     0.01093	    0.999625	 0.000374815
34	1.58746448520009	2.06574994905253	0.968409564706898	336	34	 5.18671e-05	    0.999948	2	    0.995875	   0.0041254	1	    0.891324	    0.108676	     0.99588	  0.00411997
34	1.68910587666728	3.77135738317937	1.9382692005848	337	34	 5.18671e-05	    0.999948	2	    0.999854	 0.000146253	1	    0.995714	  0.00428623	    0.999854	 0.000146038
34	0.675603609119909	-0.807882850557068	1.78841356122434	338	34	 5.18671e-05	    0.999948	2	    0.550418	    0.449582	1	   0.0398878	    0.960112	    0.550445	    0.449555
34	2.85146402085391	4.25113513899181	2.00595526321922	339	34	 5.18671e-05	    0.999948	2	    0.999994	 5.77243e-06	1	     0.99983	 0.000169848	    0.999994	 5.76392e-06
34	0.27203534818749	-0.428215732553452	1.72251345782201	340	34	 5.18671e-05	    0.999948	2	    0.450094	    0.549906	2	   0.0270236	    0.972976	    0.450116	    0.549884
35	2.04159702462096	1.01174664619083	-0.789679950675815	341	35	 2.99992e-06	    0.999997	2	    0.973894	   0.0261062	1	    0.558662	    0.441338	    0.973895	   0.0261049
35	1.83102421117001	0.893043588720438	-0.099655541357546	342	35	 2.99992e-06	    0.999997	2	    0.972031	   0.0279686	1	    0.541133	    0.458867	    0.972033	   0.0279673
35	1.58833186364889	0.726965454561883	0.21794464964738	343	35	 2.99992e-06	    0.999997	2	    0.954626	   0.0453739	1	    0.416531	    0.583469	    0.954628	   0.0453723
35	3.39681851713682	-0.810518345304295	-0.762326744136736	344	35	 2.99992e-06	    0.999997	2	    0.983081	   0.0169187	1	    0.663489	    0.336511	    0.983082	   0.0169177
35	0.954146046056464	1.50887154867682	1.25434958706151	345	35	 2.99992e-06	    0.999997	2	     0.97277	     0.02723	1	    0.547959	    0.452041	    0.972771	   0.0272288
35	2.11682898572375	0.718883741694467	0.28879280181168	346	35	 2.99992e-06	    0.999997	2	     0.98574	     0.01426	1	    0.701101	    0.298899	    0.985741	   0.0142592
35	2.10562756929295	3.26929570864634	0.806398277245272	347	35	 2.99992e-06	    0.999997	2	    0.999709	 0.000291363	1	    0.991484	  0.00851576	    0.999709	 0.000291339
35	1.93197076668907	1.74472666914515	3.70243946617063	348	35	 2.99992e-06	    0.999997	2	    0.999653	 0.000347102	1	    0.989871	   0.0101289	    0.999653	 0.000347072
35	1.68450151113721	0.637621486037783	2.27872833332577	349	35	 2.99992e-06	    0.999997	2	    0.991595	  0.00840497	1	    0.800131	    0.199869	    0.991596	   0.0084044
35	2.48326339560894	1.12034993203592	-0.00752806363713443	350	35	 2.99992e-06	    0.999997	2	    0.995262	  0.00473822	1	    0.876962	    0.123038	    0.995262	  0.00473786
36	2.512212941323	1.56093647818301	1.68397607932582	351	36	 3.76109e-05	    0.999962	2	    0.999366	 0.000634481	1	    0.981651	   0.0183488	    0.999366	 0.000633814
36	1.05186932865222	0.711698484098209	-0.084602286916132	352	36	 3.76109e-05	    0.999962	2	    0.835197	    0.164803	1	    0.146748	    0.853252	    0.835223	    0.164777
36	2.76993374451809	0.97339104462445	2.75532403173671	353	36	 3.76109e-05	    0.999962	2	    0.999652	  0.00034835	1	    0.989845	   0.0101551	    0.999652	 0.000347981
36	0.309143208179424	0.667483831945841	0.699361026386431	354	36	 3.76109e-05	    0.999962	2	    0.640456	    0.359544	1	   0.0570003	       0.943	    0.640478	    0.359522
36	2.3059154662868	2.62038058727414	0.713225689370625	355	36	 3.76109e-05	    0.999962	2	    0.999502	  0.00049804	1	    0.985542	   0.0144581	    0.999502	 0.000497515
36	1.74841710274908	2.7243488231696	0.857820305025915	356	36	 3.76109e-05	    0.999962	2	    0.998715	  0.00128517	1	    0.963497	   0.0365033	    0.998716	  0.00128384
36	2.11893393287275	3.07004432958644	-0.203974549793585	357	36	 3.76109e-05	    0.999962	2	    0.999167	 0.000832642	1	    0.976053	    0.023947	    0.999168	 0.000831772
36	0.470273282979423	1.76034498396314	0.217700569601325	358	36	 3.76109e-05	    0.999962	2	    0.885963	    0.114037	1	    0.208657	    0.791343	    0.885989	    0.114011
36	2.5253109118915	3.05197248033522	-0.0799622667500017	359	36	 3.76109e-05	    0.999962	2	    0.999679	 0.000321012	1	    0.990635	  0.00936539	    0.999679	 0.000320671
36	2.86448172314306	-0.998878812667183	0.793645302673957	360	36	 3.76109e-05	    0.999962	2	    0.979901	   0.0200988	1	    0.623405	    0.376595	    0.979915	   0.0200853
37	1.92857557212169	4.62877176920555	1.94067516223396	361	37	 6.27701e-07	    0.999999	2	    0.999973	 2.66048e-05	1	    0.999217	 0.000783494	    0.999973	 2.66043e-05
37	2.16739380408103	1.38483069879637	0.948511825561097	362	37	 6.27701e-07	    0.999999	2	    0.996947	  0.00305288	1	    0.917221	   0.0827786	    0.996947	  0.00305283
37	0.394576906268911	1.91544922687215	0.751762427367678	363	37	 6.27701e-07	    0.999999	2	    0.925889	   0.0741114	1	    0.297704	    0.702296	    0.925889	    0.074111
37	1.47036422183843	2.44610853766896	-0.314948271428587	364	37	 6.27701e-07	    0.999999	2	     0.99132	  0.00868016	1	    0.794875	    0.205125	     0.99132	  0.00868003
37	1.12388603693149	2.1918382182806	1.07886057054284	365	37	 6.27701e-07	    0.999999	2	    0.991386	  0.00861406	1	    0.796129	    0.203871	    0.991386	  0.00861394
37	0.815354115422086	2.60547714940451	1.77962845848292	366	37	 6.27701e-07	    0.999999	2	    0.994543	  0.00545654	1	     0.86081	     0.13919	    0.994544	  0.00545646
37	1.41079491761842	2.69818202300961	1.47353305758842	367	37	 6.27701e-07	    0.999999	2	    0.998306	  0.00169364	1	    0.952382	   0.0476184	    0.998306	  0.00169362
37	2.18091246395453	2.14948702905017	-0.194919577498899	368	37	 6.27701e-07	    0.999999	2	    0.997434	  0.00256569	1	    0.929532	   0.0704676	    0.997434	  0.00256565
37	2.14567438780584	2.42019966127772	0.683488665822214	369	37	 6.27701e-07	    0.999999	2	    0.999051	 0.000949455	1	    0.972754	   0.0272455	    0.999051	 0.000949438
37	2.75568147858181	-0.520480045303651	2.101957761612	370	37	 6.27701e-07	    0.999999	2	    0.995285	  0.00471515	1	    0.877484	    0.122516	    0.995285	  0.00471507
38	0.0277737773282606	1.07120435439418	0.548551968710226	371	38	    0.973859	   0.0261407	1	   0.0628254	    0.937175	2	   0.0484093	    0.951591	     0.59989	     0.40011
38	2.14470548833987	-0.253739263445229	0.976080297177014	372	38	    0.973859	   0.0261407	1	    0.541052	    0.458948	1	    0.529519	    0.470481	    0.970735	    0.029265
38	-0.237564377306518	0.275681559856663	0.855318581184831	373	38	    0.973859	   0.0261407	1	   0.0186549	    0.981345	2	   0.0120555	    0.987944	    0.264511	    0.735489
38	-0.742848058234538	1.31642205984195	1.03575564505517	374	38	    0.973859	   0.0261407	1	   0.0285578	    0.971442	2	   0.0194285	    0.980571	    0.368666	    0.631334
38	0.260905598625214	1.17014775965846	-0.22060217714758	375	38	    0.973859	   0.0261407	1	   0.0643504	     0.93565	2	   0.0497858	    0.950214	    0.606946	    0.393054
38	0.429427144905415	-0.541754707176925	0.683269051677046	376	38	    0.973859	   0.0261407	1	   0.0218916	    0.978108	2	   0.0143999	      0.9856	    0.300992	    0.699008
38	1.56498749169822	0.683410743294678	1.53948353179504	377	38	    0.973859	   0.0261407	1	     0.65522	     0.34478	1	    0.646454	    0.353546	    0.981782	   0.0182184
38	1.49764928127945	0.0790148133366155	0.0650031334568678	378	38	    0.973859	   0.0261407	1	    0.193244	    0.806756	2	    0.175284	    0.824716	    0.862335	    0.137665
38	1.26469968482175	1.69155130412424	1.96583238086885	379	38	    0.973859	   0.0261407	1	    0.847197	    0.152803	1	    0.843264	    0.156736	    0.993733	  0.00626704
38	0.253423045269848	0.159890021622137	-0.350307643804304	380	38	    0.973859	   0.0261407	1	   0.0177501	     0.98225	2	   0.0114124	    0.988588	    0.253859	    0.746141
39	1.18370184032967	1.29324483290499	0.527921004457739	381	39	 1.40952e-05	    0.999986	2	    0.960743	   0.0392567	1	    0.453715	    0.546285	     0.96075	   0.0392495
39	3.22654969181861	2.7780306711156	-0.409231045331949	382	39	 1.40952e-05	    0.999986	2	    0.999867	 0.000133258	1	    0.996089	    0.003911	    0.999867	 0.000133204
39	2.63448636466062	1.71721568162359	1.38951871819064	383	39	 1.40952e-05	    0.999986	2	    0.999504	 0.000495818	1	    0.985596	   0.0144038	    0.999504	 0.000495622
39	2.64310497059486	2.36191176672399	0.131545854651372	384	39	 1.40952e-05	    0.999986	2	    0.999456	 0.000544008	1	    0.984218	   0.0157824	    0.999456	 0.000543794
39	1.16847723294152	1.60176768601635	0.15723868876881	385	39	 1.40952e-05	    0.999986	2	    0.964266	   0.0357341	1	    0.478017	    0.521983	    0.964273	   0.0357273
39	2.23654012149775	0.723100103860376	0.69117558141661	386	39	 1.40952e-05	    0.999986	2	    0.992004	  0.00799633	1	    0.808086	    0.191914	    0.992006	  0.00799373
39	1.94779965282254	2.3592533786541	-0.05796691660012	387	39	 1.40952e-05	    0.999986	2	    0.997146	  0.00285433	1	    0.922226	   0.0777739	    0.997147	  0.00285327
39	0.916528630152632	-1.92208499075112	0.177014115351365	388	39	 1.40952e-05	    0.999986	2	    0.109666	    0.890334	2	    0.004162	    0.995838	    0.109668	    0.890332
39	1.63035388212534	1.81846764255575	1.20047858917507	389	39	 1.40952e-05	    0.999986	2	    0.995609	  0.00439078	1	     0.88501	     0.11499	    0.995611	  0.00438922
39	2.26499172026776	1.98225597742172	1.07300353960911	390	39	 1.40952e-05	    0.999986	2	    0.999016	 0.000984391	1	     0.97179	   0.0282105	    0.999016	 0.000984007
40	1.56114062490041	3.3106138439587	-0.691947022554815	391	40	 0.000201033	    0.999799	2	    0.997046	  0.00295384	1	    0.920086	   0.0799142	    0.997062	  0.00293836
40	0.840891828054432	2.30520085649758	1.93285534280805	392	40	 0.000201033	    0.999799	2	    0.993062	  0.00693806	1	    0.829925	    0.170075	    0.993095	  0.00690526
40	1.73594376355534	1.47309536364731	0.869538681664486	393	40	 0.000201033	    0.999799	2	    0.992671	  0.00732884	1	    0.821986	    0.178014	    0.992705	  0.00729452
40	1.50059468140225	0.422119551089156	0.782043773030571	394	40	 0.000201033	    0.999799	2	     0.94697	   0.0530296	1	    0.377835	    0.622165	    0.947085	   0.0529151
40	2.82462603563408	1.11873306469307	-1.15045150800759	395	40	 0.000201033	    0.999799	2	     0.99435	  0.00565039	1	    0.857153	    0.142847	    0.994377	   0.0056228
40	1.46752633606377	0.713765612922748	-0.600210452265289	396	40	 0.000201033	    0.999799	2	    0.892302	    0.107698	1	    0.219674	    0.780326	    0.892437	    0.107563
40	1.61941391695014	3.80961622202911	1.54958615994975	397	40	 0.000201033	    0.999799	2	    0.999779	  0.00022069	1	    0.993573	  0.00642728	    0.999781	 0.000219442
40	0.824367041359691	-0.979893178527345	2.00808248505989	398	40	 0.000201033	    0.999799	2	    0.613397	    0.386603	1	   0.0511078	    0.948892	     0.61351	     0.38649
40	-0.766085099928794	1.83716934101256	1.5758298301688	399	40	 0.000201033	    0.999799	2	    0.636214	    0.363786	1	   0.0560423	    0.943958	    0.636331	    0.363669
40	1.74819299398604	3.54770120361367	2.18500526022439	400	40	 0.000201033	    0.999799	2	    0.999855	 0.000144576	1	     0.99578	  0.00421955	    0.999856	 0.000143756
41	3.66618935634074	2.15786440733968	-0.0595429788789994	401	41	 0.000390406	     0.99961	2	    0.999907	 9.25851e-05	1	    0.997308	  0.00269175	    0.999908	   9.157e-05
41	1.91194081745987	1.24095219263287	0.180825456067999	402	41	 0.000390406	     0.99961	2	    0.988087	   0.0119126	1	     0.73943	     0.26057	    0.988185	   0.0118155
41	0.752912768825687	0.886585439232607	0.906111243941235	403	41	 0.000390406	     0.99961	2	    0.881051	    0.118949	1	    0.201251	    0.798749	    0.881316	    0.118684
41	2.41941132472249	0.184656260672306	-0.762616736173178	404	41	 0.000390406	     0.99961	2	    0.964858	   0.0351417	1	    0.483681	    0.516319	    0.965046	   0.0349538
41	4.03751818029119	2.17933519911448	1.41789675817039	405	41	 0.000390406	     0.99961	2	    0.999988	 1.24216e-05	1	    0.999638	 0.000361944	    0.999988	 1.22851e-05
41	0.558548240888471	1.15378443036155	-1.05689971810106	406	41	 0.000390406	     0.99961	2	    0.596367	    0.403633	1	   0.0477791	    0.952221	    0.596581	    0.403419
41	3.94525308869588	1.24194396243827	0.887944631506437	407	41	 0.000390406	     0.99961	2	    0.999916	 8.42183e-05	1	    0.997551	  0.00244907	    0.999917	 8.32947e-05
41	0.590829816264524	4.27824543152634	0.594973496819473	408	41	 0.000390406	     0.99961	2	    0.997702	  0.00229757	1	    0.937059	   0.0629414	    0.997726	  0.00227388
41	1.84474120606967	0.951354229528227	2.03268484376711	409	41	 0.000390406	     0.99961	2	     0.99525	  0.00475048	1	    0.877724	    0.122276	    0.995295	  0.00470458
41	-0.497006992322277	-0.245947804395918	0.127150136554524	410	41	 0.000390406	     0.99961	2	   0.0529809	    0.947019	2	  0.00189538	    0.998105	   0.0530008	    0.946999
42	1.00382656060215	-2.66144964106275	0.619906429520275	411	42	    0.999994	 5.71765e-06	1	  0.00258407	    0.997416	2	  0.00258368	    0.997416	   0.0709289	    0.929071
42	-0.5109301961095	-0.0734163424614197	-0.371690500504009	412	42	    0.999994	 5.71765e-06	1	  0.00156976	     0.99843	2	  0.00156952	     0.99843	   0.0442784	    0.955722
42	0.127355940327176	0.593249943513178	-0.47025633485781	413	42	    0.999994	 5.71765e-06	1	   0.0143126	    0.985687	2	    0.014311	    0.985689	    0.299671	    0.700329
42	0.239050867850135	-0.957356100216804	-1.10267939600732	414	42	    0.999994	 5.71765e-06	1	  0.00131609	    0.998684	2	  0.00131588	    0.998684	   0.0373814	    0.962619
42	0.162167074391946	1.40229910580271	1.55198219247593	415	42	    0.999994	 5.71765e-06	1	    0.192681	    0.807319	2	    0.192677	    0.807323	    0.875527	    0.124473
42	0.364840089258136	1.08168141279582	-0.397268283243169	416	42	    0.999994	 5.71765e-06	1	    0.048046	    0.951954	2	   0.0480428	    0.951957	    0.597972	    0.402028
42	1.44914945923939	-0.0844033126702017	1.04929854962653	417	42	    0.999994	 5.71765e-06	1	    0.250471	    0.749529	2	    0.250467	    0.749533	    0.907822	   0.0921782
42	-0.594389565671837	-1.15485472079407	-0.945437810368301	418	42	    0.999994	 5.71765e-06	1	 0.000187088	    0.999813	2	 0.000187058	    0.999813	  0.00548379	    0.994516
42	-0.889360820702206	0.981903751781213	-0.642595200061938	419	42	    0.999994	 5.71765e-06	1	  0.00238835	    0.997612	2	  0.00238798	    0.997612	   0.0658986	    0.934101
42	-1.16274989009123	-0.0653468693578523	0.105892710105494	420	42	    0.999994	 5.71765e-06	1	 0.000566386	    0.999434	2	 0.000566295	    0.999434	   0.0164251	    0.983575
43	-0.460774119343181	0.860469467210203	0.839942276843874	421	43	    0.999993	 7.12565e-06	1	   0.0163824	    0.983618	2	   0.0163802	     0.98362	    0.329219	    0.670781
43	0.121650037441516	-0.454307308612034	-0.287651864744668	422	43	    0.999993	 7.12565e-06	1	  0.00389585	    0.996104	2	  0.00389514	    0.996105	    0.103338	    0.896662
43	1.62089007856492	-1.50587155091811	1.69317915611863	423	43	    0.999993	 7.12565e-06	1	    0.102254	    0.897746	2	    0.102249	    0.897751	    0.770471	    0.229529
43	-0.0311224117580291	0.323352872514993	1.250737419643	424	43	    0.999993	 7.12565e-06	1	   0.0271535	    0.972846	2	   0.0271505	    0.972849	    0.451308	    0.548692
43	-0.279156118830204	-1.54882899439551	0.498511380577366	425	43	    0.999993	 7.12565e-06	1	 0.000677812	    0.999322	2	 0.000677677	    0.999322	   0.0195946	    0.980405
43	-1.28695101726452	0.425808518855348	0.631916752962984	426	43	    0.999993	 7.12565e-06	1	  0.00129387	    0.998706	2	  0.00129362	    0.998706	   0.0367715	    0.963228
43	1.21359120155132	1.52254102456902	-0.563929699491117	427	43	    0.999993	 7.12565e-06	1	    0.337792	    0.662208	2	    0.337787	    0.662213	     0.93763	   0.0623696
43	-0.247989688010855	0.303927309954779	-0.348980386942581	428	43	    0.999993	 7.12565e-06	1	  0.00473784	    0.995262	2	  0.00473699	    0.995263	    0.123018	    0.876982
43	-0.473628685483107	0.369689145006531	2.53207937134145	429	43	    0.999993	 7.12565e-06	1	   0.0306548	    0.969345	2	   0.0306516	    0.969348	    0.482384	    0.517616
43	-1.18198948479498	0.55724724063904	-0.0530929103511034	430	43	    0.999993	 7.12565e-06	1	  0.00112919	    0.998871	2	  0.00112897	    0.998871	   0.0322371	    0.967763
44	-1.21089664711863	-0.926496804969672	0.542523714030377	431	44	    0.999663	  0.00033676	1	 0.000222374	    0.999778	2	 0.000220275	     0.99978	  0.00645154	    0.993548
44	1.41073414705462	1.04103947029836	0.413084346165318	432	44	    0.999663	  0.00033676	1	    0.466908	    0.533092	2	    0.466741	    0.533259	    0.962681	   0.0373191
44	-0.691545067372904	2.11506553693887	-0.886897396862436	433	44	    0.999663	  0.00033676	1	   0.0143247	    0.985675	2	    0.014229	    0.985771	     0.29845	     0.70155
44	0.995946074579261	-1.31153955633845	0.38227341255148	434	44	    0.999663	  0.00033676	1	   0.0134739	    0.986526	2	   0.0133822	    0.986618	    0.285589	    0.714411
44	0.767395224029981	0.301759570447193	0.555649758871505	435	44	    0.999663	  0.00033676	1	   0.0809491	    0.919051	2	   0.0807334	    0.919267	    0.721321	    0.278679
44	2.50705780044369	2.42444863390761	1.10704310586089	436	44	    0.999663	  0.00033676	1	    0.990994	  0.00900587	1	    0.990991	   0.0090088	    0.999692	 0.000308355
44	-0.121106582928508	1.5772372169976	0.441169187056153	437	44	    0.999663	  0.00033676	1	   0.0638673	    0.936133	2	   0.0636641	    0.936336	    0.667099	    0.332901
44	0.932526966371414	0.0148385672198086	-1.01458403669232	438	44	    0.999663	  0.00033676	1	   0.0238046	    0.976195	2	   0.0236722	    0.976328	    0.416769	    0.583231
44	-1.47971913494515	1.22303344847271	-0.199671815728856	439	44	    0.999663	  0.00033676	1	  0.00133273	    0.998667	2	  0.00132054	    0.998679	   0.0375089	    0.962491
44	-1.37116443244933	-2.11757431888434	0.249977884227865	440	44	    0.999663	  0.00033676	1	 2.41013e-05	    0.999976	2	 2.38725e-05	    0.999976	 0.000703099	    0.999297
45	0.439347516199436	1.20696521659694	-0.188842299492747	441	45	    0.999993	 7.00447e-06	1	    0.076812	    0.923188	2	   0.0768075	    0.923192	    0.710315	    0.289685
45	0.453040961375937	0.662352403989179	0.812639363397592	442	45	    0.999993	 7.00447e-06	1	   0.0823119	    0.917688	2	   0.0823074	    0.917693	    0.725527	    0.274473
45	-0.281335101115636	-0.0442629850522854	1.08963875845417	443	45	    0.999993	 7.00447e-06	1	  0.00853014	     0.99147	2	  0.00852878	    0.991471	    0.202249	    0.797751
45	-1.29505166801752	-0.25894483932365	0.318410180105006	444	45	    0.999993	 7.00447e-06	1	 0.000385699	    0.999614	2	 0.000385623	    0.999614	   0.0112417	    0.988758
45	-0.966489630651524	0.686589846495019	-0.0652738136998639	445	45	    0.999993	 7.00447e-06	1	  0.00212934	    0.997871	2	  0.00212894	    0.997871	   0.0591586	    0.940841
45	-0.515450721226044	1.23244828541912	1.8497001985408	446	45	    0.999993	 7.00447e-06	1	   0.0522855	    0.947714	2	   0.0522816	    0.947718	    0.619172	    0.380828
45	1.16651883111341	-1.03456979570349	0.751864714737708	447	45	    0.999993	 7.00447e-06	1	   0.0371486	    0.962851	2	   0.0371451	    0.962855	    0.532051	    0.467949
45	1.04524726142961	-0.332540610921363	0.911538040583133	448	45	    0.999993	 7.00447e-06	1	   0.0814786	    0.918521	2	   0.0814741	    0.918526	    0.723315	    0.276685
45	-0.790664927463106	-0.153419603547388	-0.217389920991168	449	45	    0.999993	 7.00447e-06	1	 0.000867918	    0.999132	2	 0.000867749	    0.999132	   0.0249579	    0.975042
45	-0.196895831183498	0.324339543107369	-0.838183481723345	450	45	    0.999993	 7.00447e-06	1	  0.00369253	    0.996307	2	  0.00369187	    0.996308	   0.0984581	    0.901542
46	0.661122033845145	0.873467926189518	0.191780742362201	451	46	    0.228335	    0.771665	2	    0.619302	    0.380698	1	    0.103076	    0.896924	    0.772053	    0.227947
46	-1.12633725536277	0.421083439655313	0.830436225333504	452	46	    0.228335	    0.771665	2	   0.0461432	    0.953857	2	  0.00212926	    0.997871	   0.0591669	    0.940833
46	0.649926928795997	3.11169992227815	0.608399532424321	453	46	    0.228335	    0.771665	2	    0.940796	   0.0592045	1	    0.773887	    0.226113	    0.990184	  0.00981637
46	0.429321856594915	1.90548548767636	0.0457841106859355	454	46	    0.228335	    0.771665	2	    0.728398	    0.271602	1	    0.204518	    0.795482	    0.883413	    0.116587
46	3.87019982091401	1.35692155215144	1.28059073170314	455	46	    0.228335	    0.771665	2	    0.999542	 0.000458313	1	      0.9982	  0.00180039	    0.999939	 6.11941e-05
46	0.573721316222907	2.64082771952394	-0.534368938793916	456	46	    0.228335	    0.771665	2	    0.817641	    0.182359	1	      0.3792	      0.6208	    0.947375	    0.052625
46	0.537149717326747	1.00530049981121	-0.730324758526062	457	46	    0.228335	    0.771665	2	    0.472964	    0.527036	2	   0.0481738	    0.951826	    0.598659	    0.401341
46	0.0486195858993556	-0.0839644060760025	-0.289107177606466	458	46	    0.228335	    0.771665	2	     0.10986	     0.89014	2	  0.00552643	    0.994474	    0.140732	    0.859268
46	1.73397840496557	2.83488560815381	0.707658303335902	459	46	    0.228335	    0.771665	2	     0.99069	  0.00930998	1	    0.963558	   0.0364421	    0.998718	  0.00128161
46	0.478835608416862	1.50203984929322	0.767495382248226	460	46	    0.228335	    0.771665	2	    0.742665	    0.257335	1	    0.225581	    0.774419	     0.89567	     0.10433
47	-0.62145355052132	-0.819167880648558	-1.1971590147286	461	47	    0.999893	 0.000107349	1	 0.000230105	     0.99977	2	 0.000229409	    0.999771	  0.00671731	    0.993283
47	-0.413309127610222	0.931273144734221	0.674195529392555	462	47	    0.999893	 0.000107349	1	   0.0175579	    0.982442	2	   0.0175228	    0.982477	     0.34454	     0.65546
47	-0.0670096589099768	0.185845483799013	-0.381927389576217	463	47	    0.999893	 0.000107349	1	   0.0058111	    0.994189	2	  0.00579599	    0.994204	    0.146624	    0.853376
47	-0.187796557923129	-1.31188279900004	-0.90124438300727	464	47	    0.999893	 0.000107349	1	 0.000377377	    0.999623	2	 0.000376239	    0.999624	   0.0109711	    0.989029
47	1.81761823928074	2.56569140177438	1.58898320799612	465	47	    0.999893	 0.000107349	1	    0.977814	   0.0221858	1	    0.977812	   0.0221881	    0.999231	  0.00076934
47	-0.282883812204051	-0.0344076011301899	0.486610218158456	466	47	    0.999893	 0.000107349	1	  0.00536491	    0.994635	2	  0.00535079	    0.994649	    0.136851	    0.863149
47	-0.242707660589089	1.01782346036601	1.3162958886409	467	47	    0.999893	 0.000107349	1	   0.0462752	    0.953725	2	    0.046217	    0.953783	    0.588159	    0.411841
47	-1.29694840077246	-1.6812652375396	0.348813385118963	468	47	    0.999893	 0.000107349	1	 5.55219e-05	    0.999944	2	  5.5353e-05	    0.999945	  0.00162881	    0.998371
47	2.50444009510047	1.43221281843898	1.69083205451338	469	47	    0.999893	 0.000107349	1	    0.977923	   0.0220774	1	     0.97792	   0.0220797	    0.999235	 0.000765497
47	0.431198206392467	-0.920119890435983	-1.08426883283461	470	47	    0.999893	 0.000107349	1	  0.00213533	    0.997865	2	  0.00212921	    0.997871	   0.0591656	    0.940834
48	0.540263933967184	0.576165979377482	2.16438101590272	471	48	  0.00039995	      0.9996	2	    0.892295	    0.107705	1	    0.219902	    0.780098	    0.892565	    0.107435
48	2.30149910262766	3.49971933855773	0.572102075214483	472	48	  0.00039995	      0.9996	2	    0.999831	 0.000169073	1	    0.995096	  0.00490377	    0.999833	 0.000167178
48	2.30645950119557	2.65467613745445	0.971536232336708	473	48	  0.00039995	      0.9996	2	     0.99961	 0.000390333	1	    0.988748	   0.0112522	    0.999614	 0.000385987
48	2.3734141553098	-0.508488636856179	2.31109762800066	474	48	  0.00039995	      0.9996	2	    0.990972	  0.00902778	1	    0.789841	    0.210159	    0.991053	  0.00894731
48	1.7590646382804	2.08398114702446	1.47402882240314	475	48	  0.00039995	      0.9996	2	    0.998122	  0.00187757	1	    0.948005	   0.0519952	    0.998142	  0.00185752
48	0.909535923816785	-1.57882020191653	0.637425480792321	476	48	  0.00039995	      0.9996	2	    0.219228	    0.780772	2	  0.00944176	    0.990558	    0.219312	    0.780688
48	2.71861118545886	1.08071523413157	3.28742993265477	477	48	  0.00039995	      0.9996	2	    0.999778	 0.000222164	1	    0.993566	  0.00643416	     0.99978	 0.000219678
48	1.9461630733633	2.20538356736789	0.134068880996638	478	48	  0.00039995	      0.9996	2	     0.99693	  0.00307001	1	    0.917585	   0.0824149	    0.996962	  0.00303826
48	2.15305438918141	-0.156393927795675	-0.516077152647529	479	48	  0.00039995	      0.9996	2	    0.921552	    0.078448	1	    0.285712	    0.714288	    0.921806	   0.0781936
48	0.958050322501568	0.129039829787012	-0.157166001050777	480	48	  0.00039995	      0.9996	2	    0.635918	    0.364082	1	   0.0560009	    0.943999	     0.63615	     0.36385
49	1.49070999805317	3.07954636591282	1.08958931638537	481	49	 3.05075e-05	    0.999969	2	    0.998856	  0.00114414	1	     0.96737	     0.03263	    0.998857	  0.00114318
49	1.43237748935869	2.78674591586063	0.786483060676631	482	49	 3.05075e-05	    0.999969	2	    0.997529	  0.00247069	1	    0.932021	   0.0679795	    0.997531	  0.00246869
49	3.50029980090041	0.988911206336589	-0.395786333054874	483	49	 3.05075e-05	    0.999969	2	    0.999141	 0.000859152	1	    0.975304	   0.0246961	    0.999142	 0.000858425
49	1.22823861210429	1.76215312550379	0.856762409667458	484	49	 3.05075e-05	    0.999969	2	    0.985253	   0.0147474	1	    0.694023	    0.305977	    0.985261	   0.0147385
49	0.155532470316294	0.865161979277222	0.722718879052511	485	49	 3.05075e-05	    0.999969	2	    0.630868	    0.369132	1	   0.0548144	    0.945186	    0.630886	    0.369114
49	1.95847890872841	0.58152961225696	0.651878840328215	486	49	 3.05075e-05	    0.999969	2	     0.98187	   0.0181297	1	     0.64772	     0.35228	    0.981881	   0.0181195
49	1.74816395580369	0.717820813090251	0.419765543820999	487	49	 3.05075e-05	    0.999969	2	    0.971803	   0.0281969	1	    0.539163	    0.460837	    0.971816	   0.0281837
49	3.11917801363158	0.00866781356878388	1.27493868938533	488	49	 3.05075e-05	    0.999969	2	    0.997996	  0.00200424	1	    0.944163	   0.0558372	    0.997997	   0.0020026
49	0.556302343694588	1.02294339848831	0.31573696519048	489	49	 3.05075e-05	    0.999969	2	    0.785428	    0.214572	1	     0.11049	     0.88951	    0.785449	    0.214551
49	1.93190941629894	2.0938905516958	2.35391919610689	490	49	 3.05075e-05	    0.999969	2	    0.999373	  0.00062722	1	    0.981854	    0.018146	    0.999373	 0.000626685
50	3.03097997427639	0.9962115173834	0.180201734199961	491	50	  0.00250096	    0.997499	2	    0.998415	  0.00158525	1	    0.958036	    0.041964	    0.998516	  0.00148401
50	2.26418824688034	1.72444284043858	-1.03038004825843	492	50	  0.00250096	    0.997499	2	     0.99212	  0.00788025	1	    0.818935	    0.181065	    0.992554	  0.00744603
50	2.26323313107329	1.09476590774067	0.394011567466797	493	50	  0.00250096	    0.997499	2	    0.993914	  0.00608607	1	     0.85466	     0.14534	    0.994263	  0.00573692
50	-0.0637947475265203	1.05827154398766	-0.990973177374557	494	50	  0.00250096	    0.997499	2	     0.26137	     0.73863	2	   0.0119021	    0.988098	    0.261996	    0.738004
50	0.206351722741228	0.117780953962308	-0.232978142936435	495	50	  0.00250096	    0.997499	2	    0.240861	    0.759139	2	   0.0106841	    0.989316	    0.241439	    0.758561
50	2.42485333042828	1.61520033447968	1.43233198887269	496	50	  0.00250096	    0.997499	2	    0.999072	  0.00092809	1	     0.97504	   0.0249603	    0.999132	 0.000867835
50	1.26566979712805	1.42650528639164	1.14691587319436	497	50	  0.00250096	    0.997499	2	    0.982094	   0.0179057	1	    0.661041	    0.338959	    0.982899	   0.0171008
50	2.35357593488799	2.7133684749506	-1.33188783585438	498	50	  0.00250096	    0.997499	2	     0.99786	  0.00213964	1	    0.944103	   0.0558969	    0.997995	  0.00200486
50	-0.618447726554261	-0.36194132872867	1.41725250040334	499	50	  0.00250096	    0.997499	2	   0.0925873	    0.907413	2	  0.00345926	    0.996541	   0.0928108	    0.907189
50	2.48858096334131	2.2347107546227	2.03005478047108	500	50	  0.00250096	    0.997499	2	    0.999786	  0.00021428	1	    0.994136	  0.00586438	      0.9998	 0.000200114
51	0.730603495598745	0.593729093593836	-1.22203370817292	501	51	  0.00568358	    0.994316	2	    0.462594	    0.537406	2	   0.0286544	    0.971346	    0.465075	    0.534925
51	1.20563816576721	2.8519311047518	1.20556996327855	502	51	  0.00568358	    0.994316	2	    0.996962	   0.0030377	1	    0.927602	   0.0723984	    0.997359	  0.00264123
51	-0.568435782741688	-1.52988577389466	-1.11955021868673	503	51	  0.00568358	    0.994316	2	  0.00300198	    0.996998	2	  0.00010272	    0.999897	  0.00301855	    0.996981
51	2.77859810420567	2.5228241558758	2.1781007104664	504	51	  0.00568358	    0.994316	2	    0.999926	 7.41194e-05	1	    0.998123	  0.00187728	    0.999936	 6.38124e-05
51	1.84315318163181	1.12868732483983	0.88413229645526	505	51	  0.00568358	    0.994316	2	    0.989659	   0.0103411	1	    0.785605	    0.214395	    0.990825	  0.00917473
51	0.189408099166452	0.936581423304742	0.724305232376515	506	51	  0.00568358	    0.994316	2	    0.666766	    0.333234	1	   0.0645058	    0.935494	    0.670208	    0.329792
51	0.0971850988705272	1.98126814596554	0.322976042825266	507	51	  0.00568358	    0.994316	2	    0.832388	    0.167612	1	    0.147734	    0.852266	    0.836301	    0.163699
51	4.33700230533656	0.273451545258318	2.8922857299696	508	51	  0.00568358	    0.994316	2	    0.999968	 3.19921e-05	1	    0.999189	 0.000811004	    0.999972	 2.75392e-05
51	1.53810307736819	1.75258985799581	-0.945778080865298	509	51	  0.00568358	    0.994316	2	    0.965921	   0.0340793	1	    0.510761	    0.489239	    0.968522	   0.0314775
51	2.54721322077695	1.70293408791599	4.51485792826361	510	51	  0.00568358	    0.994316	2	    0.999941	 5.90782e-05	1	    0.998503	  0.00149679	    0.999949	 5.08601e-05
52	0.424586597486192	-1.27956877699206	0.181911458878165	511	52	  0.00683047	     0.99317	2	   0.0930764	    0.906924	2	  0.00349539	    0.996505	   0.0936925	    0.906307
52	0.781267320615618	1.43123734232578	1.33504280804861	512	52	  0.00683047	     0.99317	2	    0.955729	   0.0442708	1	    0.444037	    0.555963	    0.959248	   0.0407517
52	1.54918509775153	0.82632012374899	2.08785997897493	513	52	  0.00683047	     0.99317	2	      0.9884	      0.0116	1	    0.768975	    0.231025	    0.989909	   0.0100909
52	1.07863415843896	1.6607611136961	0.813941401359609	514	52	  0.00683047	     0.99317	2	    0.973274	   0.0267261	1	    0.579608	    0.420392	    0.975981	   0.0240187
52	1.24077760906338	0.68837839541798	1.54462734492156	515	52	  0.00683047	     0.99317	2	    0.960966	   0.0390343	1	    0.478117	    0.521883	    0.964286	   0.0357135
52	2.17004037579536	0.885195317385283	0.964445655964487	516	52	  0.00683047	     0.99317	2	    0.993064	  0.00693644	1	    0.849991	    0.150009	    0.994048	  0.00595246
52	0.411604922216656	0.016100895053602	1.14413882762333	517	52	  0.00683047	     0.99317	2	    0.559782	    0.440218	1	   0.0419386	    0.958061	    0.563343	    0.436657
52	0.248322646132984	-0.164180393609627	0.906523891166077	518	52	  0.00683047	     0.99317	2	    0.366628	    0.633372	2	   0.0194572	    0.980543	    0.369016	    0.630984
52	2.59316041249976	2.01875351756711	2.41490832495242	519	52	  0.00683047	     0.99317	2	    0.999811	 0.000188888	1	    0.995357	  0.00464317	    0.999842	 0.000158254
52	1.96624233693637	0.930196978673518	1.5937898226933	520	52	  0.00683047	     0.99317	2	    0.993837	  0.00616319	1	    0.864816	    0.135184	    0.994724	  0.00527586
53	1.35835267715505	2.4130965563266	0.0830762624191221	521	53	 0.000214995	    0.999785	2	    0.991521	  0.00847938	1	    0.799485	    0.200515	    0.991562	  0.00843808
53	2.27605609594853	-0.384398412528918	1.53592422758418	522	53	 0.000214995	    0.999785	2	    0.982827	   0.0171735	1	    0.660994	    0.339006	    0.982896	   0.0171043
53	1.76480700316549	0.790430544448942	1.30441181466509	523	53	 0.000214995	    0.999785	2	    0.987577	   0.0124229	1	    0.730426	    0.269574	    0.987632	   0.0123676
53	-0.832866105281167	0.0979938814314584	0.664614543108889	524	53	 0.000214995	    0.999785	2	   0.0624659	    0.937534	2	   0.0022561	    0.997744	   0.0624789	    0.937521
53	2.39588873342693	2.87924946466707	0.849956228586703	525	53	 0.000214995	    0.999785	2	    0.999741	 0.000258615	1	    0.992479	  0.00752087	    0.999743	 0.000257053
53	1.38926751359094	1.16747372729994	1.15731946322866	526	53	 0.000214995	    0.999785	2	    0.981404	   0.0185957	1	    0.642586	    0.357414	    0.981477	   0.0185228
53	-0.0836583575782148	2.09122179157509	0.627737519407593	527	53	 0.000214995	    0.999785	2	    0.836489	    0.163511	1	    0.148043	    0.851957	    0.836637	    0.163363
53	2.72977625769228	2.24466509981112	1.21820601280807	528	53	 0.000214995	    0.999785	2	    0.999775	 0.000224677	1	     0.99346	  0.00654012	    0.999777	 0.000223319
53	0.282736134809658	2.13798736183653	-0.0152990160633628	529	53	 0.000214995	    0.999785	2	    0.878515	    0.121485	1	     0.19724	     0.80276	    0.878661	    0.121339
53	2.28753237808892	1.96792852165644	2.0815057192092	530	53	 0.000214995	    0.999785	2	    0.999569	 0.000431393	1	    0.987515	   0.0124853	    0.999571	   0.0004288
54	-0.351659671270507	1.52227351873698	0.352757607899125	531	54	    0.958805	   0.0411947	1	   0.0541242	    0.945876	2	   0.0344331	    0.965567	    0.512435	    0.487565
54	0.740497257459944	2.19138530053405	-1.0940877596268	532	54	    0.958805	   0.0411947	1	    0.259514	    0.740486	2	    0.232037	    0.767963	     0.89904	     0.10096
54	-1.03204398706021	0.756461202635131	2.21967573645095	533	54	    0.958805	   0.0411947	1	    0.023004	    0.976996	2	   0.0123928	    0.987607	     0.26998	     0.73002
54	0.561915798556893	1.04849163580756	0.915044986913876	534	54	    0.958805	   0.0411947	1	    0.201723	    0.798277	2	    0.173407	    0.826593	    0.860779	    0.139221
54	1.3012976406801	0.220171994881037	0.874194747778761	535	54	    0.958805	   0.0411947	1	     0.27039	     0.72961	2	    0.243147	    0.756853	    0.904473	   0.0955269
54	0.474705440217097	-0.139350896214325	-0.286562317953529	536	54	    0.958805	   0.0411947	1	   0.0236829	    0.976317	2	   0.0128128	    0.987187	    0.276684	    0.723316
54	-0.646897680078973	0.34180470508012	0.623819170287219	537	54	    0.958805	   0.0411947	1	  0.00927641	    0.990724	2	  0.00456218	    0.995438	       0.119	       0.881
54	1.89548407193376	3.46420875190739	1.17828793161868	538	54	    0.958805	   0.0411947	1	    0.992665	   0.0073348	1	    0.992361	  0.00763872	    0.999739	 0.000261111
54	0.705186120466464	0.0607169011567854	-0.836997965695749	539	54	    0.958805	   0.0411947	1	   0.0314966	    0.968503	2	   0.0178587	    0.982141	    0.348919	    0.651081
54	2.26549293957927	0.57447044768947	1.42499176788757	540	54	    0.958805	   0.0411947	1	    0.872743	    0.127257	1	    0.867497	    0.132503	    0.994844	  0.00515585
55	0.286845560439544	-2.13835159759462	0.435242098334139	541	55	   0.0115221	    0.988478	2	   0.0275993	    0.972401	2	 0.000973224	    0.999027	   0.0279097	     0.97209
55	2.29508054616628	3.48061358170823	-0.462286870402921	542	55	   0.0115221	    0.988478	2	    0.999475	 0.000524623	1	    0.988455	   0.0115455	    0.999604	  0.00039616
55	3.41146460700959	2.22641845243363	2.65985277619529	543	55	   0.0115221	    0.988478	2	    0.999978	 2.20834e-05	1	     0.99951	 0.000489901	    0.999983	 1.66303e-05
55	0.939883367492633	2.42797237918187	1.69979621171185	544	55	   0.0115221	    0.988478	2	    0.992737	  0.00726279	1	    0.856115	    0.143885	     0.99433	  0.00567025
55	0.311696070067877	1.0559722797607	1.20199413257355	545	55	   0.0115221	    0.988478	2	    0.812414	    0.187586	1	     0.13413	     0.86587	    0.820321	    0.179679
55	1.73170505309434	2.44492603865891	-0.0239596380873857	546	55	   0.0115221	    0.988478	2	    0.994908	   0.0050922	1	    0.895694	    0.104306	    0.996064	  0.00393572
55	1.41381444186429	0.438671395523588	1.87721271404523	547	55	   0.0115221	    0.988478	2	    0.968304	   0.0316958	1	    0.551628	    0.448372	    0.973161	   0.0268388
55	1.67454840344745	2.1308048630918	2.73904276684527	548	55	   0.0115221	    0.988478	2	    0.998989	   0.0010109	1	    0.977924	   0.0220758	    0.999235	 0.000765359
55	-0.348582094153687	1.41918991420371	0.738909824621851	549	55	   0.0115221	    0.988478	2	    0.549194	    0.450806	1	   0.0406188	    0.959381	    0.555123	    0.444877
55	-1.22146439597966	1.40582233165784	0.311665758739737	550	55	   0.0115221	    0.988478	2	    0.115113	    0.884887	2	     0.00445	     0.99555	    0.116403	    0.883597
56	2.11049444246755	0.646613308990792	-1.41967025276482	551	56	    0.999654	 0.000345577	1	    0.350048	    0.649952	2	    0.349844	    0.650156	    0.940684	   0.0593164
56	-0.315956776441677	0.131255210731207	1.86847045691192	552	56	    0.999654	 0.000345577	1	   0.0186559	    0.981344	2	   0.0185387	    0.981461	    0.357615	    0.642385
56	-0.0565177067610501	-0.479936661962204	-0.151784290171446	553	56	    0.999654	 0.000345577	1	  0.00287698	    0.997123	2	  0.00285111	    0.997149	   0.0777194	    0.922281
56	1.42860859162545	-1.40724231019237	0.185431270559042	554	56	    0.999654	 0.000345577	1	   0.0254231	    0.974577	2	   0.0252822	    0.974718	     0.43325	     0.56675
56	1.15524482815696	-0.254969651484534	0.658748757108596	555	56	    0.999654	 0.000345577	1	    0.093156	    0.906844	2	   0.0929285	    0.907071	    0.751206	    0.248794
56	0.570964013609086	0.242072904780165	-1.34196014806842	556	56	    0.999654	 0.000345577	1	    0.011635	    0.988365	2	   0.0115505	    0.988449	    0.256172	    0.743828
56	2.40960490108804	2.38649238290897	0.905093508331743	557	56	    0.999654	 0.000345577	1	    0.986304	   0.0136961	1	    0.986299	   0.0137007	    0.999529	 0.000471104
56	0.193476881867247	1.67014262635259	-0.679012455072833	558	56	    0.999654	 0.000345577	1	   0.0591693	    0.940831	2	   0.0589655	    0.941034	    0.648721	    0.351279
56	0.647272865887272	-1.09649543817897	-0.323851902843084	559	56	    0.999654	 0.000345577	1	  0.00490876	    0.995091	2	   0.0048669	    0.995133	    0.125981	    0.874019
56	-1.3801425463556	0.0536049808871986	-0.379706061107006	560	56	    0.999654	 0.000345577	1	 0.000286057	    0.999714	2	 0.000283293	    0.999717	  0.00828247	    0.991718
57	3.00195460303612	-0.020716987644487	0.875371342007202	561	57	 4.41408e-06	    0.999996	2	    0.996312	   0.0036878	1	     0.90165	   0.0983497	    0.996313	  0.00368738
57	1.43072932098144	3.6272108106145	0.787501882409542	562	57	 4.41408e-06	    0.999996	2	    0.999222	 0.000778153	1	    0.977566	   0.0224341	    0.999222	 0.000778057
57	3.48162269110778	-1.14756572019599	0.797773609120169	563	57	 4.41408e-06	    0.999996	2	    0.993451	  0.00654876	1	     0.83734	     0.16266	    0.993452	  0.00654807
57	2.66790606069811	1.11634666214418	1.05386926904954	564	57	 4.41408e-06	    0.999996	2	    0.998622	  0.00137791	1	    0.960928	   0.0390724	    0.998622	  0.00137774
57	0.82305491769527	-0.721910048312091	-0.789372508191924	565	57	 4.41408e-06	    0.999996	2	     0.19623	     0.80377	2	  0.00821563	    0.991784	    0.196231	    0.803769
57	2.44627316334872	1.21336569556022	0.828556370927312	566	57	 4.41408e-06	    0.999996	2	    0.997672	  0.00232781	1	    0.935666	   0.0643343	    0.997672	  0.00232754
57	3.53702211925097	1.17694570550172	1.8277700135486	567	57	 4.41408e-06	    0.999996	2	    0.999896	 0.000104434	1	    0.996932	   0.0030684	    0.999896	 0.000104421
57	1.7466019419372	0.683554236590188	3.35674619866022	568	57	 4.41408e-06	    0.999996	2	    0.997058	  0.00294206	1	    0.920001	   0.0799986	    0.997058	  0.00294172
57	2.46102276654202	1.60779336892771	2.03296187416408	569	57	 4.41408e-06	    0.999996	2	    0.999497	 0.000503033	1	    0.985386	   0.0146144	    0.999497	  0.00050297
57	1.00004000656215	2.37325371651299	0.38639820135762	570	57	 4.41408e-06	    0.999996	2	    0.984886	   0.0151143	1	    0.688588	    0.311412	    0.984887	    0.015113
58	0.0573901512068745	0.0446718868034176	-0.250375444786705	571	58	   0.0111755	    0.988824	2	    0.168681	    0.831319	2	  0.00692636	    0.993074	    0.170509	    0.829491
58	1.91227429763235	2.06829128598324	0.92465245336106	572	58	   0.0111755	    0.988824	2	     0.99726	  0.00273972	1	    0.941385	   0.0586155	    0.997892	  0.00210822
58	1.54521816205139	0.885775069163553	2.17503418613786	573	58	   0.0111755	    0.988824	2	    0.989028	   0.0109718	1	    0.793356	    0.206644	     0.99124	  0.00876035
58	3.45654645919367	2.06752085943989	-0.627987235087553	574	58	   0.0111755	    0.988824	2	    0.999662	 0.000337666	1	    0.992492	   0.0075084	    0.999743	 0.000256624
58	3.61883970043734	1.68072176178547	1.20521151767504	575	58	   0.0111755	    0.988824	2	    0.999906	 9.43931e-05	1	    0.997893	  0.00210722	    0.999928	 7.16445e-05
58	1.07109464631003	-1.77472578209813	1.98832675366798	576	58	   0.0111755	    0.988824	2	     0.46621	     0.53379	2	   0.0293411	    0.970659	    0.471147	    0.528853
58	1.68932534060333	-0.850703832280339	0.193065367112608	577	58	   0.0111755	    0.988824	2	    0.737194	    0.262806	1	   0.0899772	    0.910023	    0.744508	    0.255492
58	1.00902853250075	-2.00271120130773	0.686212083736866	578	58	   0.0111755	    0.988824	2	    0.166176	    0.833824	2	  0.00680358	    0.993196	    0.167977	    0.832023
58	1.87232069896192	2.47468286440646	-0.186328330633792	579	58	   0.0111755	    0.988824	2	    0.995905	  0.00409527	1	    0.914248	   0.0857521	    0.996828	   0.0031724
58	1.80066432187982	1.73300332996951	0.189466785626594	580	58	   0.0111755	    0.988824	2	    0.990418	  0.00958213	1	    0.815707	    0.184293	    0.992392	  0.00760758
59	0.625659305836271	1.22414310385772	-1.65982664366987	581	59	    0.999646	 0.000353935	1	   0.0382506	    0.961749	2	   0.0380735	    0.961926	    0.538431	    0.461569
59	1.08018712404559	-0.747669343161602	1.36171777563114	582	59	    0.999646	 0.000353935	1	   0.0718935	    0.928107	2	    0.071673	    0.928327	    0.694698	    0.305302
59	-0.46242085268093	0.80350123204288	0.71374768680321	583	59	    0.999646	 0.000353935	1	   0.0137829	    0.986217	2	    0.013685	    0.986315	    0.290239	    0.709761
59	3.65814526975629	3.08343490041554	1.2679152422293	584	59	    0.999646	 0.000353935	1	    0.999734	  0.00026644	1	    0.999733	 0.000266531	    0.999991	  9.0458e-06
59	0.700314074110231	-1.39261910282267	1.99728414901595	585	59	    0.999646	 0.000353935	1	   0.0227175	    0.977282	2	   0.0225821	    0.977418	    0.405088	    0.594912
59	-0.467356743804601	-1.13911911142723	-1.19855931960338	586	59	    0.999646	 0.000353935	1	 0.000207847	    0.999792	2	 0.000205786	    0.999794	  0.00602964	     0.99397
59	-0.185913426734877	-1.56460176836916	0.563810162392648	587	59	    0.999646	 0.000353935	1	 0.000862955	    0.999137	2	 0.000854555	    0.999145	   0.0245874	    0.975413
59	0.91597445356878	-1.12748119569485	0.83689515228478	588	59	    0.999646	 0.000353935	1	   0.0208005	      0.9792	2	   0.0206721	    0.979328	     0.38352	     0.61648
59	1.01841854545567	1.67989988056872	1.3757525369312	589	59	    0.999646	 0.000353935	1	    0.660279	    0.339721	1	    0.660165	    0.339835	    0.982833	   0.0171666
59	-1.80634179122405	-2.00429158448763	0.0946832672408562	590	59	    0.999646	 0.000353935	1	  9.7102e-06	     0.99999	2	 9.61335e-06	     0.99999	 0.000283249	    0.999717
60	0.870900695578889	1.86451158646892	1.29020263577584	591	60	   0.0385434	    0.961457	2	    0.966925	    0.033075	1	    0.629753	    0.370247	    0.980442	   0.0195583
60	0.338884091954379	-0.575657942734326	0.356882456953769	592	60	   0.0385434	    0.961457	2	    0.199061	    0.800939	2	  0.00876276	    0.991237	     0.20669	     0.79331
60	1.815713524257	1.89019689763727	1.57655476366083	593	60	   0.0385434	    0.961457	2	    0.995971	  0.00402917	1	    0.944808	   0.0551917	    0.998022	  0.00197814
60	1.25386353905064	0.330553967761701	0.642190141928587	594	60	   0.0385434	    0.961457	2	    0.866214	    0.133786	1	    0.219169	    0.780831	    0.892154	    0.107846
60	3.14435093187724	1.49036197299753	2.82184149358125	595	60	   0.0385434	    0.961457	2	    0.999849	 0.000150719	1	    0.997884	  0.00211587	    0.999928	 7.19392e-05
60	1.42898070687233	0.145420918428939	0.503691576620723	596	60	   0.0385434	    0.961457	2	    0.867566	    0.132434	1	    0.221523	    0.778477	    0.893465	    0.106535
60	1.66338500820405	1.19638393966605	-2.03115507235829	597	60	   0.0385434	    0.961457	2	    0.861631	    0.138369	1	    0.211478	    0.788522	    0.887695	    0.112305
60	-1.81725380545853	-1.04029482457902	0.790524302160514	598	60	   0.0385434	    0.961457	2	  0.00174785	    0.998252	2	 6.17066e-05	    0.999938	  0.00181544	    0.998185
60	2.07292726896844	1.41919704284207	0.772886871405181	599	60	   0.0385434	    0.961457	2	    0.991881	  0.00811926	1	    0.891711	    0.108289	    0.995896	  0.00410358
60	0.428795568795529	0.911414251105909	1.2400218637093	600	60	   0.0385434	    0.961457	2	    0.805907	    0.194093	1	    0.144244	    0.855756	    0.832432	    0.167568
