g	x	w	y1	y2	y3	id	g	GClass#1	GClass#2	GClass#	Cluster#1	Cluster#2	Cluster#	joint2_1_1	joint2_1_2	joint2_2_1	joint2_2_2
1	0.376400673764322	0.64719224218726	1.77557717506449	2.05758909744307	0.784001444778665	1	1	  0.00195699	    0.998043	2	  0.00252099	    0.997479	2	   0.0678917	    0.932108	  0.00239281	    0.997607
1	1.27916751287524	0.64719224218726	1.56260214409994	2.78723986183483	1.08362800532413	2	1	  0.00195699	    0.998043	2	  0.00105167	    0.998948	2	    0.029389	    0.970611	 0.000996105	    0.999004
1	1.00634150067399	0.64719224218726	1.32776845840738	0.249122281330722	-2.48184320500485	3	1	  0.00195699	    0.998043	2	    0.482365	    0.517635	2	    0.965743	   0.0342575	    0.481417	    0.518583
1	0.238824224825139	0.64719224218726	1.53152212697455	1.33538046354476	1.09529009741748	4	1	  0.00195699	    0.998043	2	  0.00980426	    0.990196	2	    0.223425	    0.776575	  0.00938538	    0.990615
1	-0.495317086021373	0.64719224218726	0.660042273715528	1.87593032332565	2.61216218943337	5	1	  0.00195699	    0.998043	2	  0.00779763	    0.992202	2	    0.185602	    0.814398	  0.00744899	    0.992551
1	-1.09345076510966	0.64719224218726	1.66543272776861	-0.795117587763548	0.238961185229975	6	1	  0.00195699	    0.998043	2	    0.182491	    0.817509	2	    0.870426	    0.129574	    0.181142	    0.818858
1	0.332403780012204	0.64719224218726	0.538949952138077	-0.137800929733305	0.839704393991894	7	1	  0.00195699	    0.998043	2	    0.438088	    0.561912	2	    0.959312	   0.0406881	    0.437066	    0.562934
1	0.112673395072611	0.64719224218726	0.999384763413126	1.88560944553046	-1.08461906907179	8	1	  0.00195699	    0.998043	2	   0.0701826	    0.929817	2	    0.692243	    0.307757	   0.0689628	    0.931037
1	0.211634867804967	0.64719224218726	2.34148932892614	0.565185522123232	-0.152629517644084	9	1	  0.00195699	    0.998043	2	   0.0116479	    0.988352	2	    0.255415	    0.744585	   0.0111699	     0.98883
1	0.643550325128351	0.64719224218726	0.941372668697316	2.76122751202516	-1.04627067832703	10	1	  0.00195699	    0.998043	2	   0.0214873	    0.978513	2	    0.391665	    0.608335	   0.0207614	    0.979239
2	-0.785208763294229	0.734065688022373	-0.0415993014090398	-1.41431078108456	-2.06910956617001	11	2	     0.99119	  0.00880994	1	    0.999574	 0.000426405	1	    0.999661	 0.000339473	    0.989793	    0.010207
2	0.890170648053565	0.734065688022373	0.70717232317503	1.34302084580317	1.67683640493348	12	2	     0.99119	  0.00880994	1	    0.520006	    0.479994	1	    0.524317	    0.475683	   0.0350259	    0.964974
2	0.883894865703757	0.734065688022373	-0.893863996540352	-0.3156018612983	-1.32793614648867	13	2	     0.99119	  0.00880994	1	    0.999555	 0.000445098	1	    0.999646	 0.000354387	    0.989349	   0.0106508
2	-2.02937194922012	0.734065688022373	2.5419091980679	2.17970067327498	1.45411991131624	14	2	     0.99119	  0.00880994	1	  0.00507822	    0.994922	2	  0.00512185	    0.994878	 0.000169505	     0.99983
2	1.36391327008944	0.734065688022373	2.96963598454945	0.984866180340332	1.68502054635281	15	2	     0.99119	  0.00880994	1	  0.00935726	    0.990643	2	  0.00943764	    0.990562	 0.000313648	    0.999686
2	-0.456029540071045	0.734065688022373	-0.244988917948808	1.24719131721444	-1.17098379827154	16	2	     0.99119	  0.00880994	1	    0.985856	   0.0141441	1	    0.988109	    0.011891	    0.732364	    0.267636
2	0.547429721011428	0.734065688022373	0.860180084424709	-0.314646516836174	-0.821140032892981	17	2	     0.99119	  0.00880994	1	    0.978548	   0.0214517	1	    0.981584	   0.0184164	    0.637047	    0.362953
2	-1.09054717600287	0.734065688022373	-0.675843952185185	-1.57180403556226	-1.26479622634489	18	2	     0.99119	  0.00880994	1	    0.999826	 0.000173892	1	    0.999862	 0.000138268	    0.995818	  0.00418181
2	0.0109107993926866	0.734065688022373	-0.500043688364124	-1.26594149641929	-1.04917271853916	19	2	     0.99119	  0.00880994	1	    0.999613	 0.000387175	1	    0.999692	 0.000308182	    0.990725	  0.00927462
2	-0.253604488666482	0.734065688022373	3.83203289065985	3.64420594228033	1.29275434918373	20	2	     0.99119	  0.00880994	1	  2.1695e-05	    0.999978	2	 2.18815e-05	    0.999978	 7.20582e-07	    0.999999
3	-0.990669315035562	0.654760223993322	1.67072773662179	1.65161488678851	0.951523444190324	21	3	 0.000780533	    0.999219	2	  0.00476853	    0.995231	2	    0.124822	    0.875178	  0.00467475	    0.995325
3	0.0111248422053374	0.654760223993322	2.26130788662471	2.23762745343473	2.59323665876186	22	3	 0.000780533	    0.999219	2	  0.00011992	     0.99988	2	  0.00354807	    0.996452	 0.000117242	    0.999883
3	-0.19095303961916	0.654760223993322	0.887839468579346	3.66849377749542	1.70916726210542	23	3	 0.000780533	    0.999219	2	 0.000589648	     0.99941	2	   0.0172198	     0.98278	 0.000576657	    0.999423
3	-0.930515357617801	0.654760223993322	3.06221046113754	1.18437307277593	2.36704470006789	24	3	 0.000780533	    0.999219	2	 9.66853e-05	    0.999903	2	  0.00286249	    0.997138	 9.45248e-05	    0.999905
3	-1.26175580202761	0.654760223993322	0.205000244171687	0.242388611930577	-0.63720887876017	25	3	 0.000780533	    0.999219	2	    0.742233	    0.257767	1	    0.988682	   0.0113182	    0.742041	    0.257959
3	0.917237446857066	0.654760223993322	-0.0243277151700445	2.35847628372796	1.72649874732411	26	3	 0.000780533	    0.999219	2	   0.0343458	    0.965654	2	    0.516399	    0.483601	   0.0339693	    0.966031
3	-0.650567551014101	0.654760223993322	3.22737475432954	-0.188297386842709	0.27824340265465	27	3	 0.000780533	    0.999219	2	  0.00240815	    0.997592	2	   0.0669607	    0.933039	  0.00235772	    0.997642
3	0.338306200001427	0.654760223993322	3.1953441304346	0.591820039671599	-0.233130589368981	28	3	 0.000780533	    0.999219	2	  0.00144358	    0.998556	2	   0.0411859	    0.958814	  0.00141253	    0.998587
3	1.54143769561005	0.654760223993322	0.772515546839223	1.52012038441352	0.378507791889889	29	3	 0.000780533	    0.999219	2	   0.0689215	    0.931079	2	    0.690486	    0.309514	   0.0684359	    0.931564
3	0.217938248291927	0.654760223993322	-1.40953802636953	-0.311665019266125	-1.50268376667482	30	3	 0.000780533	    0.999219	2	    0.996302	  0.00369759	1	    0.999878	 0.000122293	      0.9963	  0.00370038
4	1.27407379611251	2.25461438140723	-0.43242997230287	1.13073595116948	-0.42803350065468	31	4	     0.97488	   0.0251196	1	    0.982685	   0.0173151	1	    0.988823	   0.0111769	    0.744465	    0.255535
4	0.350635461542934	2.25461438140723	1.55771188860058	0.20093549877407	1.63997036454076	32	4	     0.97488	   0.0251196	1	    0.437905	    0.562095	2	    0.448516	    0.551484	   0.0260834	    0.973917
4	1.03312545483952	2.25461438140723	1.34899226158638	0.636805499368148	-0.254145767841719	33	4	     0.97488	   0.0251196	1	    0.760133	    0.239867	1	    0.777067	    0.222933	    0.102965	    0.897035
4	0.567460268280486	2.25461438140723	-1.07463159377551	0.240755749368654	0.544845801484191	34	4	     0.97488	   0.0251196	1	     0.99647	  0.00353031	1	    0.997916	  0.00208439	    0.940354	   0.0596458
4	-0.610372403926818	2.25461438140723	-0.335082418815194	2.15752474248753	-1.58941652122607	35	4	     0.97488	   0.0251196	1	    0.960328	   0.0396725	1	    0.971455	   0.0285446	    0.528462	    0.471538
4	0.104374651285497	2.25461438140723	2.75083241261864	3.41951325355953	2.07253166481527	36	4	     0.97488	   0.0251196	1	 0.000250945	    0.999749	2	 0.000257192	    0.999743	 8.47157e-06	    0.999992
4	0.0995820015270847	2.25461438140723	1.99720657393103	0.894498077628106	0.790684499232722	37	4	     0.97488	   0.0251196	1	    0.185135	    0.814865	2	    0.189709	    0.810291	  0.00765083	    0.992349
4	0.842274698613664	2.25461438140723	1.79190783602721	0.818826353705481	-0.0721034823742581	38	4	     0.97488	   0.0251196	1	    0.449378	    0.550622	2	    0.460253	    0.539747	   0.0273135	    0.972687
4	0.309210144376757	2.25461438140723	-1.23297630910884	-0.0408471905190615	-1.11465739715198	39	4	     0.97488	   0.0251196	1	    0.999461	 0.000538694	1	    0.999689	 0.000311243	    0.990634	  0.00936593
4	-0.187489624259462	2.25461438140723	-3.17720974034715	0.683770623222954	-0.170369420241046	40	4	     0.97488	   0.0251196	1	    0.999901	 9.93508e-05	1	    0.999943	 5.72162e-05	    0.998265	  0.00173457
5	1.36976452047748	1.89120665499892	-1.08484173165399	-1.32029922281639	-0.149698778805238	41	5	    0.999816	 0.000183686	1	    0.999826	  0.00017366	1	    0.999827	 0.000172734	    0.994781	  0.00521893
5	0.38971574090205	1.89120665499892	0.0607634334966003	-1.8213365235324	-0.348365580376372	42	5	    0.999816	 0.000183686	1	    0.999141	 0.000859296	1	    0.999145	 0.000854801	    0.974678	   0.0253221
5	-0.373815783369229	1.89120665499892	-0.181766151621347	1.53499112750139	-1.60484123644795	43	5	    0.999816	 0.000183686	1	    0.984779	   0.0152205	1	    0.984835	   0.0151648	    0.681384	    0.318616
5	0.035248271873171	1.89120665499892	2.34131101358464	0.930467609475238	2.07951283669029	44	5	    0.999816	 0.000183686	1	   0.0313403	     0.96866	2	   0.0313459	    0.968654	   0.0010645	    0.998935
5	0.00323955652209819	1.89120665499892	1.10679158982067	-1.03928839310685	0.483529923595307	45	5	    0.999816	 0.000183686	1	    0.964209	   0.0357907	1	      0.9643	      0.0357	    0.470757	    0.529243
5	0.9305794670443	1.89120665499892	0.688816160126333	1.03367865674845	0.54835850890245	46	5	    0.999816	 0.000183686	1	    0.821496	    0.178504	1	    0.821623	    0.178377	    0.131704	    0.868296
5	0.065285737207726	1.89120665499892	0.470991750342963	0.408282309790019	-1.05875404675908	47	5	    0.999816	 0.000183686	1	    0.982567	   0.0174334	1	    0.982628	   0.0173724	    0.650671	    0.349329
5	-2.64781077355853	1.89120665499892	-1.64006703209326	1.40024589133753	0.408089884272555	48	5	    0.999816	 0.000183686	1	    0.996377	   0.0036229	1	    0.996395	  0.00360538	    0.900998	   0.0990023
5	0.342502950417721	1.89120665499892	-0.679023165379527	-0.541398989448632	-0.27511926478174	49	5	    0.999816	 0.000183686	1	    0.999112	 0.000887617	1	    0.999117	 0.000882978	    0.973864	   0.0261357
5	-0.0690820742619352	1.89120665499892	2.48630805749224	2.2174277252155	0.538815317540643	50	5	    0.999816	 0.000183686	1	   0.0125242	    0.987476	2	   0.0125264	    0.987474	 0.000417558	    0.999582
6	0.473903202754382	0.100724400636326	0.226175395529003	0.0911611433361456	-0.00866588101768003	51	6	    0.972546	   0.0274542	1	    0.977192	   0.0228085	1	    0.985335	   0.0146652	    0.688721	    0.311279
6	-0.136793743477522	0.100724400636326	-0.646680736793556	-0.0140877034395557	-1.75647114533299	52	6	    0.972546	   0.0274542	1	    0.998838	  0.00116191	1	    0.999351	 0.000648876	    0.980664	    0.019336
6	-0.493019407560182	0.100724400636326	-0.113285802208356	-1.01555115057266	-1.16441541881917	53	6	    0.972546	   0.0274542	1	    0.998504	  0.00149556	1	    0.999163	 0.000837267	    0.975185	   0.0248151
6	-0.826996014435042	0.100724400636326	2.52052365969698	0.84526208884273	1.93320707762059	54	6	    0.972546	   0.0274542	1	   0.0248493	    0.975151	2	   0.0255265	    0.974474	 0.000861875	    0.999138
6	-0.0314380424980101	0.100724400636326	4.58674304062644	0.01272614956247	0.254311323537238	55	6	    0.972546	   0.0274542	1	   0.0015578	    0.998442	2	  0.00160029	      0.9984	 5.27799e-05	    0.999947
6	-1.47736642402537	0.100724400636326	2.54219234347339	4.67848928192999	0.904021702038139	56	6	    0.972546	   0.0274542	1	 0.000117141	    0.999883	2	 0.000120336	     0.99988	 3.96319e-06	    0.999996
6	-0.797705319903213	0.100724400636326	3.06520387801695	-0.0537770737804641	1.14779443469172	57	6	    0.972546	   0.0274542	1	   0.0415987	    0.958401	2	   0.0427316	    0.957268	  0.00146783	    0.998532
6	0.262589380157637	0.100724400636326	-0.7501478658908	-1.15492645299432	0.62949618252157	58	6	    0.972546	   0.0274542	1	    0.998647	  0.00135259	1	    0.999244	 0.000756425	    0.977529	   0.0224712
6	1.12168702743771	0.100724400636326	0.793791101470642	0.065042317502296	-0.820709556096283	59	6	    0.972546	   0.0274542	1	     0.96346	   0.0365396	1	    0.974834	    0.025166	    0.560556	    0.439444
6	1.4394605506407	0.100724400636326	-0.74976285868803	-0.749742117830888	0.160136186303752	60	6	    0.972546	   0.0274542	1	    0.998559	  0.00144077	1	    0.999194	 0.000806269	    0.976082	   0.0239177
7	1.19561911973369	0.198916285293969	2.30630226832838	2.52293685936462	0.615299605187488	61	7	  0.00364623	    0.996354	2	  0.00043224	    0.999568	2	   0.0117351	    0.988265	 0.000390877	    0.999609
7	-0.0506171627026127	0.198916285293969	1.31836986941428	0.372746709336929	1.33891857489866	62	7	  0.00364623	    0.996354	2	   0.0469213	    0.953079	2	    0.588293	    0.411707	   0.0449401	     0.95506
7	-0.888441698870144	0.198916285293969	-0.266540210545316	0.742245141643024	-0.346152326872133	63	7	  0.00364623	    0.996354	2	    0.760151	    0.239849	1	    0.989669	   0.0103306	    0.759311	    0.240689
7	1.21418380800126	0.198916285293969	2.26580617368516	1.4230052914806	1.02284596073643	64	7	  0.00364623	    0.996354	2	  0.00180827	    0.998192	2	   0.0475388	    0.952461	  0.00164091	    0.998359
7	-1.14843454531821	0.198916285293969	3.13983841288017	1.7453393551113	-0.744898618976015	65	7	  0.00364623	    0.996354	2	 0.000484072	    0.999516	2	   0.0131261	    0.986874	 0.000437807	    0.999562
7	0.522098945587282	0.198916285293969	1.01345517950139	1.24611312693478	1.10588415935816	66	7	  0.00364623	    0.996354	2	   0.0350669	    0.964933	2	    0.511438	    0.488562	   0.0333236	    0.966676
7	-0.52495166975773	0.198916285293969	1.32633321216593	2.81737938491007	-0.779330818433155	67	7	  0.00364623	    0.996354	2	  0.00708589	    0.992914	2	    0.165851	    0.834149	  0.00650487	    0.993495
7	0.598668864210133	0.198916285293969	0.0952557274499024	0.395960534284114	2.3610811305649	68	7	  0.00364623	    0.996354	2	    0.211711	    0.788289	2	    0.889318	    0.110682	    0.209231	    0.790769
7	-0.0698216885867518	0.198916285293969	1.2820779121196	1.52945109339909	2.05206048475978	69	7	  0.00364623	    0.996354	2	  0.00588486	    0.994115	2	    0.141295	    0.858705	  0.00538932	    0.994611
7	-0.705918668654424	0.198916285293969	-0.383542012478036	-0.834312855278951	1.15452322768418	70	7	  0.00364623	    0.996354	2	    0.901661	   0.0983388	1	    0.996407	  0.00359262	    0.901314	   0.0986855
8	0.826536110740622	3.09387648928536	-0.320536946168522	0.503195813326394	-0.911738405244205	71	8	    0.999998	 2.01455e-06	1	    0.995782	  0.00421783	1	    0.995782	   0.0042176	    0.886039	    0.113961
8	0.88690452694362	3.09387648928536	-2.0919207780441	-2.09747067198796	-1.12009230670202	72	8	    0.999998	 2.01455e-06	1	    0.999994	 5.97912e-06	1	    0.999994	 5.97876e-06	    0.999818	 0.000181525
8	-0.624296298364162	3.09387648928536	-1.85183190983504	-0.0944845798294065	1.74863924791231	73	8	    0.999998	 2.01455e-06	1	    0.999071	 0.000928681	1	    0.999071	 0.000928627	    0.972549	    0.027451
8	-1.36523005355742	3.09387648928536	0.439665272322799	1.01454241130906	-0.518216284412504	74	8	    0.999998	 2.01455e-06	1	    0.944581	   0.0554191	1	    0.944582	   0.0554179	    0.359504	    0.640496
8	-0.687691341656958	3.09387648928536	0.141904835351357	-0.0794004506489604	-2.33233106649063	75	8	    0.999998	 2.01455e-06	1	    0.997942	  0.00205789	1	    0.997942	  0.00205778	    0.941072	   0.0589275
8	-1.35713977440187	3.09387648928536	-0.825059120475535	-0.255128937044001	-0.564710247305162	76	8	    0.999998	 2.01455e-06	1	    0.999193	 0.000806658	1	    0.999193	 0.000806611	    0.976072	   0.0239276
8	0.383750679742081	3.09387648928536	-1.37117981596442	0.780950544195785	0.107859969486894	77	8	    0.999998	 2.01455e-06	1	    0.998238	  0.00176239	1	    0.998238	  0.00176229	    0.949118	   0.0508821
8	-1.56306775837499	3.09387648928536	2.02488144641279	2.70741265849372	0.907526968451758	78	8	    0.999998	 2.01455e-06	1	   0.0122869	    0.987713	2	   0.0122869	    0.987713	 0.000409479	    0.999591
8	1.10243435310801	3.09387648928536	1.58099249126551	-0.907852659628467	0.841766648789561	79	8	    0.999998	 2.01455e-06	1	    0.860321	    0.139679	1	    0.860322	    0.139678	    0.168627	    0.831373
8	1.03319570590704	3.09387648928536	-0.759716027054064	-1.40320784568114	-1.52847630579273	80	8	    0.999998	 2.01455e-06	1	     0.99989	  0.00011038	1	     0.99989	 0.000110374	    0.996659	  0.00334089
9	1.03770328495657	0.978688918144212	1.46145521587354	1.42861859049941	0.0162923367557192	81	9	     0.99623	   0.0037699	1	    0.417439	    0.582561	2	    0.418931	    0.581069	   0.0231912	    0.976809
9	0.0905410338721765	0.978688918144212	-0.260291279435667	1.04739210062907	0.102608614930469	82	9	     0.99623	   0.0037699	1	    0.976992	   0.0230075	1	    0.978423	   0.0215768	    0.598919	    0.401081
9	-0.971560557044842	0.978688918144212	1.35539869324433	1.23323217988497	2.63078783023288	83	9	     0.99623	   0.0037699	1	     0.10873	     0.89127	2	    0.109126	    0.890874	  0.00401755	    0.995982
9	2.37251200502969	0.978688918144212	1.21525293567706	0.95795200493075	0.381796793289551	84	9	     0.99623	   0.0037699	1	    0.656253	    0.343747	1	    0.658511	    0.341489	   0.0597098	     0.94029
9	-0.949317399193632	0.978688918144212	3.78200261661201	0.517193903245447	0.42572674104399	85	9	     0.99623	   0.0037699	1	  0.00597816	    0.994022	2	  0.00600003	       0.994	 0.000198737	    0.999801
9	-0.586603889198668	0.978688918144212	-0.0640374279297368	-0.81053528160856	0.120103259274226	86	9	     0.99623	   0.0037699	1	    0.996652	  0.00334809	1	     0.99696	  0.00304005	    0.915249	    0.084751
9	0.0162026762330062	0.978688918144212	0.624481143281806	-2.2816639541806	0.486999173113743	87	9	     0.99623	   0.0037699	1	    0.996313	  0.00368692	1	     0.99665	  0.00335036	    0.907373	   0.0926269
9	-0.0705887964399251	0.978688918144212	-0.938595151891697	1.57935272083815	-0.48197128138337	88	9	     0.99623	   0.0037699	1	    0.991277	  0.00872278	1	    0.991989	  0.00801058	     0.80307	     0.19693
9	0.264698842462476	0.978688918144212	-1.8326834165082	-0.972165435214201	0.870431054522862	89	9	     0.99623	   0.0037699	1	    0.999832	 0.000168197	1	    0.999848	 0.000151501	     0.99542	  0.00458026
9	-0.808460958881712	0.978688918144212	-0.901485727138233	-1.02897471604725	0.879803885069601	90	9	     0.99623	   0.0037699	1	    0.999081	 0.000918708	1	    0.999171	 0.000829167	    0.975419	   0.0245808
10	-0.313596848439304	-1.39020202212435	-0.950902079388975	-0.604412458241648	1.37459853000102	91	10	 0.000456025	    0.999544	2	    0.946465	   0.0535347	1	     0.99814	  0.00186004	    0.946442	   0.0535583
10	-1.08012100271353	-1.39020202212435	1.1646966945203	2.22877074688592	0.378395792146759	92	10	 0.000456025	    0.999544	2	  0.00978619	    0.990214	2	       0.229	       0.771	  0.00968618	    0.990314
10	-0.767952538606599	-1.39020202212435	2.54609792845392	1.04936926832583	1.28081544471641	93	10	 0.000456025	    0.999544	2	  0.00109032	     0.99891	2	   0.0316843	    0.968316	  0.00107636	    0.998924
10	1.48542052229322	-1.39020202212435	3.61253588475273	1.23060878312288	-0.41204254202729	94	10	 0.000456025	    0.999544	2	 0.000239748	     0.99976	2	  0.00713533	    0.992865	 0.000236602	    0.999763
10	-0.315826002583722	-1.39020202212435	-0.653114667017496	0.673621632397077	2.61439763396677	95	10	 0.000456025	    0.999544	2	    0.387019	    0.612981	2	    0.950378	   0.0496225	    0.386762	    0.613238
10	1.43362225403882	-1.39020202212435	1.96335334724472	0.883368308996148	-0.0211473562705762	96	10	 0.000456025	    0.999544	2	   0.0167324	    0.983268	2	    0.338688	    0.661312	   0.0165855	    0.983414
10	-1.34540941505774	-1.39020202212435	1.88936730250191	2.21324714190571	1.90654977726152	97	10	 0.000456025	    0.999544	2	 0.000531655	    0.999468	2	   0.0156929	    0.984307	 0.000524738	    0.999475
10	-1.3334955889382	-1.39020202212435	3.24200543155469	1.2180438375402	0.734242977502558	98	10	 0.000456025	    0.999544	2	 0.000235809	    0.999764	2	  0.00701887	    0.992981	 0.000232714	    0.999767
10	-1.05527839355681	-1.39020202212435	1.30757635135915	2.32216413491563	0.625339939296257	99	10	 0.000456025	    0.999544	2	  0.00507548	    0.994925	2	    0.132792	    0.867208	  0.00501721	    0.994983
10	1.49936999681142	-1.39020202212435	0.834557388211963	0.369447555986707	0.275851988193551	100	10	 0.000456025	    0.999544	2	    0.258021	    0.741979	2	    0.913371	   0.0866285	    0.257722	    0.742278
11	0.130505402410151	0.362252663225859	0.943906741764831	0.769948452609126	1.2609683545609	101	11	    0.652662	    0.347338	1	    0.461722	    0.538278	2	    0.673581	    0.326419	   0.0636297	     0.93637
11	2.42686718264499	0.362252663225859	0.723485112002042	1.09575807017862	0.911609249974026	102	11	    0.652662	    0.347338	1	    0.523435	    0.476565	1	    0.753362	    0.246638	   0.0913937	    0.908606
11	1.57877048618927	0.362252663225859	2.3602275116936	3.38730665710539	0.441627646456914	103	11	    0.652662	    0.347338	1	  0.00195003	     0.99805	2	   0.0029362	    0.997064	 9.69659e-05	    0.999903
11	2.21883023959992	0.362252663225859	0.256221180288194	-0.87418056451546	-1.87309310639109	104	11	    0.652662	    0.347338	1	    0.986954	   0.0130463	1	    0.998796	   0.0012035	    0.964701	   0.0352993
11	-0.691231969122294	0.362252663225859	0.752887908098141	1.45835744288251	-0.107218869334768	105	11	    0.652662	    0.347338	1	    0.541911	    0.458089	1	    0.775854	    0.224146	    0.102322	    0.897678
11	-1.37574256310704	0.362252663225859	1.00737563825678	3.75969584724276	0.168336254934028	106	11	    0.652662	    0.347338	1	    0.025396	    0.974604	2	    0.038216	    0.961784	  0.00130676	    0.998693
11	0.000526155806514689	0.362252663225859	1.48632630711899	-1.49529438042122	0.303760200631701	107	11	    0.652662	    0.347338	1	    0.771437	    0.228563	1	    0.956978	   0.0430222	    0.422799	    0.577201
11	-0.200435321461244	0.362252663225859	1.2733463464217	0.637985980889255	1.05753379717393	108	11	    0.652662	    0.347338	1	    0.395668	    0.604332	2	     0.58283	     0.41717	   0.0439837	    0.956016
11	-2.0490186989279	0.362252663225859	0.0966503179347832	-0.243878362607998	-1.14414525128585	109	11	    0.652662	    0.347338	1	    0.964398	   0.0356023	1	    0.996517	  0.00348307	    0.904045	   0.0959555
11	0.10026158359391	0.362252663225859	0.214864061434575	1.4449739755708	-1.18722139951787	110	11	    0.652662	    0.347338	1	    0.784427	    0.215573	1	     0.96155	   0.0384503	    0.451608	    0.548392
12	0.614151749898546	-0.708889274206516	2.51847548546922	1.50814683161857	1.09949443212971	111	12	 1.41387e-06	    0.999999	2	 0.000725565	    0.999274	2	   0.0215727	    0.978427	 0.000725536	    0.999274
12	-0.609285225343728	-0.708889274206516	1.70369710525566	1.02685795018579	2.72672857225051	112	12	 1.41387e-06	    0.999999	2	  0.00225254	    0.997747	2	   0.0641564	    0.935844	  0.00225245	    0.997748
12	-0.401585632849142	-0.708889274206516	1.64799913121421	2.58093861036147	2.49284392294287	113	12	 1.41387e-06	    0.999999	2	  0.00031196	    0.999688	2	  0.00938691	    0.990613	 0.000311947	    0.999688
12	2.53625936929563	-0.708889274206516	2.13371962652923	0.160479195364623	0.19945095653551	114	12	 1.41387e-06	    0.999999	2	   0.0254184	    0.974582	2	    0.441963	    0.558037	   0.0254178	    0.974582
12	0.256302527615106	-0.708889274206516	1.77313698693363	1.44865822318322	-0.16473602681753	115	12	 1.41387e-06	    0.999999	2	   0.0124702	     0.98753	2	    0.277171	    0.722829	   0.0124698	     0.98753
12	1.72107701857255	-0.708889274206516	2.86307673100708	1.81776555516578	0.623455309851112	116	12	 1.41387e-06	    0.999999	2	 0.000301758	    0.999698	2	  0.00908265	    0.990917	 0.000301746	    0.999698
12	0.106431883838289	-0.708889274206516	3.60421219913685	2.83818632699403	0.205792117205879	117	12	 1.41387e-06	    0.999999	2	 1.23664e-05	    0.999988	2	 0.000375378	    0.999625	 1.23659e-05	    0.999988
12	-1.2532457759846	-0.708889274206516	1.55416428192574	1.4102028301377	-0.550827179565488	118	12	 1.41387e-06	    0.999999	2	   0.0273446	    0.972655	2	    0.460538	    0.539462	    0.027344	    0.972656
12	1.24600776741467	-0.708889274206516	0.810428533700638	1.16399992494164	0.434455924261246	119	12	 1.41387e-06	    0.999999	2	   0.0968563	    0.903144	2	    0.765073	    0.234927	   0.0968554	    0.903145
12	-0.453802317123582	-0.708889274206516	2.24662155062858	1.47191885813582	1.58375852754989	120	12	 1.41387e-06	    0.999999	2	 0.000940926	    0.999059	2	   0.0278037	    0.972196	 0.000940888	    0.999059
13	0.27981654866991	0.0366373535428099	1.23850897548453	2.02908031365483	-0.891219171406629	121	13	    0.999999	 1.15798e-06	1	    0.482452	    0.517548	2	    0.482453	    0.517547	   0.0297832	    0.970217
13	1.30299878840018	0.0366373535428099	-0.393981667023994	1.22430795340343	0.280511012399283	122	13	    0.999999	 1.15798e-06	1	    0.976595	   0.0234052	1	    0.976595	   0.0234048	    0.578782	    0.421218
13	0.858101196656666	0.0366373535428099	-1.72826292188549	0.755842400647379	-0.00121842922246968	123	13	    0.999999	 1.15798e-06	1	    0.999196	 0.000804024	1	    0.999196	 0.000803997	    0.976148	   0.0238518
13	0.740518077527095	0.0366373535428099	0.26293965828286	-0.465786902004346	-2.06260788530826	124	13	    0.999999	 1.15798e-06	1	     0.99815	  0.00185026	1	     0.99815	   0.0018502	     0.94671	   0.0532897
13	0.86868758381554	0.0366373535428099	-1.61558979829955	-1.76632105547138	0.559793205235868	125	13	    0.999999	 1.15798e-06	1	     0.99993	 7.00459e-05	1	     0.99993	 7.00435e-05	    0.997877	  0.00212265
13	1.00850826714088	0.0366373535428099	-0.117269628962947	0.0252991009560438	-0.925705226180167	126	13	    0.999999	 1.15798e-06	1	    0.996658	   0.0033421	1	    0.996658	    0.003342	    0.907584	   0.0924164
13	-0.521554760868126	0.0366373535428099	0.325928044349314	0.222579604574569	-2.07640486096565	127	13	    0.999999	 1.15798e-06	1	    0.994793	  0.00520683	1	    0.994793	  0.00520668	    0.862858	    0.137142
13	-1.51792081223365	0.0366373535428099	-1.90093451424353	-1.41861801524378	1.07273406819358	128	13	    0.999999	 1.15798e-06	1	    0.999899	  0.00010104	1	    0.999899	 0.000101036	    0.996941	  0.00305909
13	0.131380523535977	0.0366373535428099	-0.469805110693186	-0.245081626746495	-0.835241254227017	129	13	    0.999999	 1.15798e-06	1	    0.998718	  0.00128242	1	    0.998718	  0.00128238	    0.962471	   0.0375287
13	-0.736104457089397	0.0366373535428099	0.12384558683103	-0.467971398370404	2.16243134523932	130	13	    0.999999	 1.15798e-06	1	    0.963333	   0.0366672	1	    0.963333	   0.0366666	    0.463857	    0.536143
14	1.27860018686089	0.716327472526888	0.872960222052016	2.6533099339711	0.393571974774977	131	14	   0.0042284	    0.995772	2	   0.0110131	    0.988987	2	    0.235798	    0.764202	   0.0100586	    0.989941
14	-1.50759316669512	0.716327472526888	-0.40179926027606	0.569290525497297	-0.695015658436615	132	14	   0.0042284	    0.995772	2	    0.869662	    0.130338	1	    0.995066	  0.00493409	    0.869129	    0.130871
14	1.05730276604187	0.716327472526888	2.00515375780452	2.31312355389689	2.13961921666316	133	14	   0.0042284	    0.995772	2	 0.000337161	    0.999663	2	  0.00903706	    0.990963	 0.000300218	      0.9997
14	-0.46008157556951	0.716327472526888	2.67254159356275	2.9424138739242	1.21586797507396	134	14	   0.0042284	    0.995772	2	 5.30215e-05	    0.999947	2	   0.0014305	     0.99857	 4.71722e-05	    0.999953
14	0.47804832803962	0.716327472526888	0.553639201115428	2.50217152451073	1.08607994029488	135	14	   0.0042284	    0.995772	2	   0.0152917	    0.984708	2	    0.302379	    0.697621	   0.0140726	    0.985927
14	0.366906280613061	0.716327472526888	0.856379992511437	-0.48826014058337	1.06444785720697	136	14	   0.0042284	    0.995772	2	     0.33728	     0.66272	2	    0.938571	   0.0614291	    0.334727	    0.665273
14	0.109952302779878	0.716327472526888	1.69917503747926	1.86355021942745	1.38581998835303	137	14	   0.0042284	    0.995772	2	  0.00256269	    0.997437	2	   0.0653235	    0.934676	  0.00229619	    0.997704
14	-0.0907992321864267	0.716327472526888	0.611085734767199	0.793373813027418	-0.077876792868921	138	14	   0.0042284	    0.995772	2	    0.286625	    0.713375	2	    0.923315	    0.076685	    0.283921	    0.716079
14	3.27801058248788	0.716327472526888	-0.0274797467634498	1.827060265992	0.681684772946934	139	14	   0.0042284	    0.995772	2	     0.17572	     0.82428	2	    0.863826	    0.136174	    0.172798	    0.827202
14	0.00311314550338709	0.716327472526888	2.50521590650312	3.33021268948591	1.30539447306302	140	14	   0.0042284	    0.995772	2	 3.94101e-05	    0.999961	2	   0.0010636	    0.998936	  3.5061e-05	    0.999965
15	-1.27666950742038	-0.267370208593491	0.771499632311908	-0.546140569042446	0.190163934484088	141	15	    0.994829	  0.00517145	1	    0.972172	   0.0278281	1	    0.974337	   0.0256626	     0.55561	     0.44439
15	0.625629606793223	-0.267370208593491	-1.61288294516713	0.195454679799926	-0.373478807514647	142	15	    0.994829	  0.00517145	1	    0.999592	 0.000408275	1	    0.999645	 0.000354944	    0.989333	   0.0106674
15	-0.0894947686916905	-0.267370208593491	1.14242107325242	0.72502320050313	-0.0287497823749213	143	15	    0.994829	  0.00517145	1	    0.795983	    0.204017	1	    0.799517	    0.200483	    0.116081	    0.883919
15	-1.11023993723233	-0.267370208593491	2.09829328975597	0.230988517222347	-1.01890016250098	144	15	    0.994829	  0.00517145	1	    0.630732	    0.369268	1	     0.63373	     0.36627	   0.0539058	    0.946094
15	0.0721310387501024	-0.267370208593491	1.83263692504075	1.11845879023277	1.18016148918825	145	15	    0.994829	  0.00517145	1	    0.152878	    0.847122	2	    0.153642	    0.846358	  0.00594245	    0.994058
15	-0.42107800041358	-0.267370208593491	-0.266927381557538	0.248263240623375	1.9647131777949	146	15	    0.994829	  0.00517145	1	    0.963445	   0.0365554	1	    0.965943	   0.0340575	    0.482931	    0.517069
15	-0.242116870891919	-0.267370208593491	2.79482172811092	0.814792766901992	0.928291085867832	147	15	    0.994829	  0.00517145	1	   0.0324627	    0.967537	2	   0.0326257	    0.967374	  0.00110938	    0.998891
15	1.51113435903355	-0.267370208593491	-0.456845694234203	-1.07579452527709	-0.0943614337846335	148	15	    0.994829	  0.00517145	1	     0.99908	 0.000920135	1	    0.999199	  0.00080133	    0.976225	   0.0237745
15	0.376563404003895	-0.267370208593491	-0.971702757548201	-1.3360584201516	0.251383867523242	149	15	    0.994829	  0.00517145	1	    0.999659	 0.000340855	1	    0.999704	 0.000296263	    0.991081	  0.00891903
15	1.05778514095366	-0.267370208593491	-0.472534566018054	0.920189089342788	0.561766211823825	150	15	    0.994829	  0.00517145	1	    0.981797	   0.0182026	1	     0.98346	   0.0165399	    0.661939	    0.338061
16	0.239047753119188	0.30866911397523	2.94765504245465	1.61065370289726	-1.03304889486307	151	16	 2.65105e-05	    0.999973	2	  0.00111269	    0.998887	2	    0.032696	    0.967304	  0.00111185	    0.998888
16	1.3937135354597	0.30866911397523	3.01603959389946	0.827382687114028	-0.505989234513504	152	16	 2.65105e-05	    0.999973	2	  0.00203826	    0.997962	2	   0.0583598	     0.94164	  0.00203677	    0.997963
16	-0.990364122080826	0.30866911397523	3.75186717882185	1.71861626411182	-0.47386647798914	153	16	 2.65105e-05	    0.999973	2	  7.8079e-05	    0.999922	2	  0.00236377	    0.997636	 7.80184e-05	    0.999922
16	-1.91505716881033	0.30866911397523	3.04770237040486	1.62551345311558	1.6697415932481	154	16	 2.65105e-05	    0.999973	2	 9.35593e-05	    0.999906	2	  0.00283114	    0.997169	 9.34867e-05	    0.999907
16	1.43993859940745	0.30866911397523	-0.377857303194348	1.62975641101744	1.15299647087347	155	16	 2.65105e-05	    0.999973	2	    0.266749	    0.733251	2	    0.916986	   0.0830136	    0.266732	    0.733268
16	0.151355882390505	0.30866911397523	2.50810478267168	2.0958725589448	2.2329807080375	156	16	 2.65105e-05	    0.999973	2	 0.000112787	    0.999887	2	  0.00341106	    0.996589	 0.000112699	    0.999887
16	-0.0754666721109725	0.30866911397523	0.929815412452144	3.86202282194684	1.34936012328506	157	16	 2.65105e-05	    0.999973	2	 0.000515644	    0.999484	2	   0.0154133	    0.984587	 0.000515249	    0.999485
16	0.193978565681768	0.30866911397523	1.85577523778054	2.0744084053525	-1.37142292839237	158	16	 2.65105e-05	    0.999973	2	  0.00965988	     0.99034	2	    0.228409	    0.771591	  0.00965408	    0.990346
16	0.491881580990251	0.30866911397523	0.988294584537913	3.1877165105041	0.99973311587031	159	16	 2.65105e-05	    0.999973	2	  0.00195833	    0.998042	2	   0.0561957	    0.943804	   0.0019569	    0.998043
16	-0.279239228582815	0.30866911397523	1.24302324833439	-0.430368268730682	-1.16038260389409	160	16	 2.65105e-05	    0.999973	2	    0.518223	    0.481777	1	    0.970294	   0.0297065	    0.518211	    0.481789
17	-0.256490183249187	-0.255763680567872	-0.0788894233080728	-1.25429225997553	0.989151532583701	161	17	    0.999995	 5.49553e-06	1	    0.996492	  0.00350818	1	    0.996492	  0.00350767	     0.90343	   0.0965698
17	-1.59315360740737	-0.255763680567872	-0.807295116986153	-1.7285124519146	1.43576889187546	162	17	    0.999995	 5.49553e-06	1	    0.999255	 0.000744958	1	    0.999255	  0.00074484	    0.977866	   0.0221344
17	-0.433521269833292	-0.255763680567872	-0.996201639682667	1.4215456684492	0.122653565872089	163	17	    0.999995	 5.49553e-06	1	    0.990892	  0.00910779	1	    0.990893	  0.00910664	     0.78181	     0.21819
17	-0.147864918089206	-0.255763680567872	-0.858331208674942	1.72380537594262	-1.2473017482383	164	17	    0.999995	 5.49553e-06	1	     0.99328	  0.00671991	1	    0.993281	  0.00671901	    0.829589	    0.170411
17	1.28801909509309	-0.255763680567872	-0.95073827250376	0.233168323016641	-0.755010783579252	165	17	    0.999995	 5.49553e-06	1	    0.999053	  0.00094748	1	    0.999053	 0.000947331	    0.972011	    0.027989
17	0.524725668250766	-0.255763680567872	-1.12179377839042	-0.727001018143893	-0.899743812190683	166	17	    0.999995	 5.49553e-06	1	     0.99981	 0.000189672	1	     0.99981	 0.000189642	    0.994273	  0.00572697
17	0.117399877375515	-0.255763680567872	1.86492378724225	1.90226495243696	2.36692752414388	167	17	    0.999995	 5.49553e-06	1	   0.0184411	    0.981559	2	   0.0184412	    0.981559	 0.000618302	    0.999382
17	-1.77405016263039	-0.255763680567872	-0.874073743405184	0.585961782997166	-0.164920421466188	168	17	    0.999995	 5.49553e-06	1	    0.997003	  0.00299691	1	    0.997004	  0.00299647	    0.916366	   0.0836342
17	0.135261599961488	-0.255763680567872	0.258678991135885	-0.544374179905052	0.783275861048595	169	17	    0.999995	 5.49553e-06	1	    0.986591	    0.013409	1	    0.986592	   0.0134075	    0.707875	    0.292125
17	0.00212148023460965	-0.255763680567872	0.254858699461153	0.409050332840719	2.12254506838344	170	17	    0.999995	 5.49553e-06	1	    0.873484	    0.126516	1	    0.873488	    0.126512	    0.185246	    0.814754
18	-1.50749754261351	-0.024646944812974	0.727641866150229	0.746362696888084	1.56293881385894	171	18	 3.53793e-06	    0.999996	2	   0.0760648	    0.923935	2	    0.714281	    0.285719	   0.0760625	    0.923938
18	1.38045261667311	-0.024646944812974	1.33692841621577	2.07009791912472	0.579989547295889	172	18	 3.53793e-06	    0.999996	2	  0.00776226	    0.992238	2	    0.191946	    0.808054	  0.00776161	    0.992238
18	0.338917388442203	-0.024646944812974	1.70345687017646	0.710780721743715	0.352921046890718	173	18	 3.53793e-06	    0.999996	2	   0.0274804	     0.97252	2	    0.461795	    0.538205	   0.0274788	    0.972521
18	-0.333911994329082	-0.024646944812974	1.42603357314221	0.696924175585761	1.07518369943682	174	18	 3.53793e-06	    0.999996	2	   0.0286686	    0.971331	2	    0.472637	    0.527363	   0.0286671	    0.971333
18	2.08050117514404	-0.024646944812974	1.97382591801084	0.436007228008016	2.94562907808029	175	18	 3.53793e-06	    0.999996	2	  0.00239326	    0.997607	2	   0.0678975	    0.932102	  0.00239303	    0.997607
18	-1.60608688366232	-0.024646944812974	2.25972722385861	0.862860397141603	0.0522982112994601	176	18	 3.53793e-06	    0.999996	2	  0.00731374	    0.992686	2	    0.182815	    0.817185	  0.00731311	    0.992687
18	-0.0243937519710397	-0.024646944812974	2.53341757156472	2.60721245296224	3.3190402158657	177	18	 3.53793e-06	    0.999996	2	 1.69719e-05	    0.999983	2	 0.000515075	    0.999485	 1.69701e-05	    0.999983
18	1.83591592278907	-0.024646944812974	1.45793139597107	1.29076985023883	0.990352107756962	178	18	 3.53793e-06	    0.999996	2	   0.0135452	    0.986455	2	    0.294256	    0.705744	   0.0135442	    0.986456
18	-0.518816562279226	-0.024646944812974	2.33766844659759	1.13646608487061	-0.14111850769508	179	18	 3.53793e-06	    0.999996	2	  0.00497519	    0.995025	2	    0.131811	    0.868189	  0.00497474	    0.995025
18	-0.470931266799442	-0.024646944812974	1.76208713976363	1.31835069247815	0.711891100259523	180	18	 3.53793e-06	    0.999996	2	  0.00760916	    0.992391	2	    0.188851	    0.811149	  0.00760852	    0.992391
19	-0.865360399340207	0.523275113290165	1.12569776459416	0.480430382658912	-0.132985168861337	181	19	    0.999982	 1.78182e-05	1	    0.858995	    0.141005	1	    0.859007	    0.140993	    0.167105	    0.832895
19	1.75454352361431	0.523275113290165	2.20468789818532	0.496829489124653	1.84548535118944	182	19	    0.999982	 1.78182e-05	1	   0.0957425	    0.904258	2	   0.0957441	    0.904256	  0.00347462	    0.996525
19	0.155766424218293	0.523275113290165	-0.0158696557762988	0.534279327053123	0.369850103286845	183	19	    0.999982	 1.78182e-05	1	    0.978473	    0.021527	1	     0.97848	   0.0215203	    0.599564	    0.400436
19	-0.1890620214933	0.523275113290165	0.185196040701289	0.182908914223469	-0.260936649257345	184	19	    0.999982	 1.78182e-05	1	    0.987183	    0.012817	1	    0.987188	   0.0128122	    0.717299	    0.282701
19	-0.631051422696633	0.523275113290165	0.108231141887518	-0.0813525307257733	-0.123058151754665	185	19	    0.999982	 1.78182e-05	1	    0.991217	  0.00878267	1	    0.991221	  0.00877905	     0.78805	     0.21195
19	-0.616578135401048	0.523275113290165	0.673992699568888	0.1384163564404	0.169713359729811	186	19	    0.999982	 1.78182e-05	1	    0.953567	   0.0464333	1	    0.953577	   0.0464235	     0.40349	     0.59651
19	-1.31921476086477	0.523275113290165	-0.951967116015085	0.588899054635062	0.789256800804347	187	19	    0.999982	 1.78182e-05	1	    0.994587	    0.005413	1	    0.994589	  0.00541057	    0.858224	    0.141776
19	-1.55441967153325	0.523275113290165	-0.49847329238345	-1.0739409797129	1.96865213504576	188	19	    0.999982	 1.78182e-05	1	    0.995503	  0.00449677	1	    0.995505	  0.00449471	    0.879425	    0.120575
19	-0.771734359785161	0.523275113290165	-0.653518730626198	0.457626789177041	-0.655033112503761	189	19	    0.999982	 1.78182e-05	1	    0.997397	  0.00260269	1	    0.997399	  0.00260143	    0.926609	    0.073391
19	1.3985570672909	0.523275113290165	-0.126079083822503	0.0543110102029748	0.421352461850474	190	19	    0.999982	 1.78182e-05	1	    0.990755	   0.0092452	1	    0.990759	  0.00924144	     0.77927	     0.22073
20	-0.262695210872344	-0.0234712888340696	-0.63786646305784	0.158470192979915	0.562481704412026	191	20	     0.99769	  0.00231035	1	    0.995216	  0.00478377	1	    0.995485	  0.00451454	    0.878955	    0.121045
20	1.72844583240805	-0.0234712888340696	0.337567398663831	-0.813342932895247	-0.606479489220191	192	20	     0.99769	  0.00231035	1	    0.996035	  0.00396506	1	    0.996263	  0.00373742	     0.89773	     0.10227
20	0.531359702112231	-0.0234712888340696	-0.0293290444389355	0.0356984708147624	1.39139341182056	193	20	     0.99769	  0.00231035	1	    0.974231	   0.0257688	1	    0.975181	    0.024819	    0.564061	    0.435939
20	-0.475284655390166	-0.0234712888340696	3.22872814344106	2.46158272381332	0.627369261228162	194	20	     0.99769	  0.00231035	1	  0.00125699	    0.998743	2	  0.00125981	     0.99874	 4.15366e-05	    0.999958
20	-1.54144572739219	-0.0234712888340696	1.5852807887064	-1.45760980001734	0.328481174591335	195	20	     0.99769	  0.00231035	1	    0.939386	   0.0606145	1	    0.940766	   0.0592344	    0.343403	    0.656597
20	0.159744909209165	-0.0234712888340696	-0.314372753193934	-0.778625248191587	0.899267296278749	196	20	     0.99769	  0.00231035	1	    0.996322	  0.00367815	1	    0.996535	  0.00346548	    0.904484	   0.0955156
20	0.657263146188217	-0.0234712888340696	2.97575265935204	0.193371673100535	2.2466838975188	197	20	     0.99769	  0.00231035	1	   0.0159362	    0.984064	2	   0.0159719	    0.984028	 0.000534212	    0.999466
20	-0.305470084427681	-0.0234712888340696	0.742089703332306	-1.13747439742242	1.53657622213191	198	20	     0.99769	  0.00231035	1	    0.964039	   0.0359609	1	    0.965167	   0.0348333	    0.477109	    0.522891
20	0.447971803131198	-0.0234712888340696	2.22545763479131	-0.657669474390037	0.461103406878774	199	20	     0.99769	  0.00231035	1	    0.573384	    0.426616	1	    0.574613	    0.425387	   0.0425881	    0.957412
20	-0.458174763915007	-0.0234712888340696	-1.49733966351932	-0.123637489032013	0.314646862690623	200	20	     0.99769	  0.00231035	1	    0.999456	 0.000544354	1	     0.99949	 0.000510262	    0.984734	   0.0152664
21	-1.12981733434345	-0.678020628073517	3.10607312374539	0.91052932803361	-1.31010816846516	201	21	 4.57594e-06	    0.999995	2	  0.00236789	    0.997632	2	   0.0672228	    0.932777	  0.00236759	    0.997632
21	0.373272564512522	-0.678020628073517	1.47169339304655	1.81586646631854	2.67469876825725	202	21	 4.57594e-06	    0.999995	2	  0.00131962	     0.99868	2	    0.038573	    0.961427	  0.00131945	    0.998681
21	0.308882956578979	-0.678020628073517	3.37600858615402	1.01814870586042	2.08411743759588	203	21	 4.57594e-06	    0.999995	2	 7.27038e-05	    0.999927	2	   0.0022028	    0.997797	  7.2694e-05	    0.999927
21	0.483791055652357	-0.678020628073517	1.09758167155414	1.70359630749665	2.05686574308177	204	21	 4.57594e-06	    0.999995	2	  0.00636918	    0.993631	2	    0.162921	    0.837079	  0.00636847	    0.993632
21	0.306003260904375	-0.678020628073517	1.81222057537838	0.816917251662858	1.17214237922025	205	21	 4.57594e-06	    0.999995	2	  0.00960808	    0.990392	2	    0.227542	    0.772458	  0.00960709	    0.990393
21	0.989455142304038	-0.678020628073517	1.12965314850037	0.124721427760624	1.10827098655939	206	21	 4.57594e-06	    0.999995	2	     0.11111	     0.88889	2	     0.79148	     0.20852	    0.111107	    0.888893
21	1.40966021785866	-0.678020628073517	0.242566741570346	1.9553358883371	0.200671799797617	207	21	 4.57594e-06	    0.999995	2	    0.119679	    0.880321	2	    0.805002	    0.194998	    0.119676	    0.880324
21	-1.25247376764075	-0.678020628073517	3.21833015656087	2.47087547167979	0.18914221681036	208	21	 4.57594e-06	    0.999995	2	 5.80937e-05	    0.999942	2	  0.00176089	    0.998239	 5.80859e-05	    0.999942
21	0.40190228300681	-0.678020628073517	1.01976914072545	0.871272616663824	2.27374872370615	209	21	 4.57594e-06	    0.999995	2	   0.0202472	    0.979753	2	    0.385561	    0.614439	   0.0202455	    0.979754
21	-0.258497099551163	-0.678020628073517	2.55959200346241	-0.406844673905326	2.11001434086661	210	21	 4.57594e-06	    0.999995	2	  0.00350613	    0.996494	2	   0.0965208	    0.903479	   0.0035057	    0.996494
22	-1.61801169795063	0.894325630653279	0.720403503457711	0.430279699269625	-0.280981001124193	211	22	  0.00066677	    0.999333	2	    0.363325	    0.636675	2	    0.945356	   0.0546442	    0.362937	    0.637063
22	1.64939122867552	0.894325630653279	0.223362108737977	2.54751073690678	0.619737449311457	212	22	  0.00066677	    0.999333	2	   0.0394457	    0.960554	2	    0.552727	    0.447273	   0.0391032	    0.960897
22	-0.175473816371053	0.894325630653279	2.22405602669843	2.40757767469965	0.803521898685057	213	22	  0.00066677	    0.999333	2	 0.000477725	    0.999522	2	   0.0140391	    0.985961	 0.000468676	    0.999531
22	-0.201579405638622	0.894325630653279	0.860015380879042	1.47422289566106	2.40448062721728	214	22	  0.00066677	    0.999333	2	   0.0108535	    0.989147	2	    0.247165	    0.752835	   0.0106958	    0.989304
22	0.918289905868553	0.894325630653279	3.37689935228885	1.39584202840035	0.664456213387649	215	22	  0.00066677	    0.999333	2	 0.000148201	    0.999852	2	  0.00439559	    0.995604	 0.000145367	    0.999855
22	-0.37657339886507	0.894325630653279	3.78010861285818	0.775470876432358	0.877920329964607	216	22	  0.00066677	    0.999333	2	 0.000101126	    0.999899	2	  0.00300333	    0.996997	 9.91892e-05	    0.999901
22	-1.46101039831144	0.894325630653279	2.29405616608493	-0.122902377867849	0.154630315382301	217	22	  0.00066677	    0.999333	2	   0.0230604	     0.97694	2	    0.414689	    0.585311	   0.0227991	    0.977201
22	-0.847769930814226	0.894325630653279	1.06835574916197	1.13745867636851	0.606654962382294	218	22	  0.00066677	    0.999333	2	   0.0493272	    0.950673	2	    0.609845	    0.390155	   0.0489532	    0.951047
22	-0.229458623409466	0.894325630653279	2.63561573013303	1.86316134253455	2.11970875573138	219	22	  0.00066677	    0.999333	2	 0.000131329	    0.999869	2	  0.00389704	    0.996103	 0.000128817	    0.999871
22	0.33722366282367	0.894325630653279	-0.835824653377363	-0.312669862379037	-0.341897674345075	220	22	  0.00066677	    0.999333	2	    0.975664	   0.0243361	1	    0.999179	 0.000821257	    0.975648	   0.0243518
23	-0.0853264906925765	-0.0771602136088894	-1.01989727087461	-0.718459587738167	0.0762608155127678	221	23	    0.999997	 2.56087e-06	1	     0.99951	 0.000490029	1	     0.99951	 0.000489993	    0.985331	   0.0146686
23	0.329187382428891	-0.0771602136088894	0.161469222777442	0.0184763208293739	1.0129384625626	222	23	    0.999997	 2.56087e-06	1	    0.973727	   0.0262733	1	    0.973728	   0.0262722	    0.549652	    0.450348
23	-0.3643979232687	-0.0771602136088894	0.630325928930935	1.5608785746115	-1.20478643931236	223	23	    0.999997	 2.56087e-06	1	    0.897215	    0.102785	1	    0.897216	    0.102784	    0.223274	    0.776726
23	1.01697489240137	-0.0771602136088894	-0.0295000730129872	0.358970732772651	-0.832857293801954	224	23	    0.999997	 2.56087e-06	1	    0.993413	  0.00658732	1	    0.993413	  0.00658691	    0.832396	    0.167604
23	-0.110306942803051	-0.0771602136088894	0.0123096815697504	0.3909250786151	1.23099762065948	225	23	    0.999997	 2.56087e-06	1	    0.962174	   0.0378262	1	    0.962175	   0.0378249	    0.455833	    0.544167
23	-0.612054044794799	-0.0771602136088894	-0.291542071228928	-0.736088085427668	0.569575796658991	226	23	    0.999997	 2.56087e-06	1	    0.997008	  0.00299164	1	    0.997009	  0.00299143	    0.916495	    0.083505
23	-0.496857606388513	-0.0771602136088894	1.70555685861385	-0.643125188297812	0.888007656876646	227	23	    0.999997	 2.56087e-06	1	      0.7552	      0.2448	1	    0.755202	    0.244798	   0.0922217	    0.907778
23	0.354987191383716	-0.0771602136088894	-1.4681797348409	-0.977764857434923	2.49371076285425	228	23	    0.999997	 2.56087e-06	1	    0.998799	    0.001201	1	    0.998799	  0.00120091	    0.964774	   0.0352258
23	-1.83595067228866	-0.0771602136088894	0.234854036923787	-1.92479318720243	0.711517175710277	229	23	    0.999997	 2.56087e-06	1	      0.9973	  0.00270012	1	      0.9973	  0.00269994	    0.924034	   0.0759658
23	0.978918348216623	-0.0771602136088894	-0.50907606118858	-1.42497492749134	-0.189154014170306	230	23	    0.999997	 2.56087e-06	1	     0.99954	 0.000460358	1	     0.99954	 0.000460324	    0.986208	   0.0137922
24	-0.846461621881129	0.394095018620576	-0.11623551713465	2.26059691101895	0.412256687724039	231	24	 3.55611e-06	    0.999996	2	    0.123082	    0.876918	2	    0.809964	    0.190036	     0.12308	     0.87692
24	-0.49862147992416	0.394095018620576	2.56393626201961	1.2373607519097	0.91041395702969	232	24	 3.55611e-06	    0.999996	2	  0.00108583	    0.998914	2	   0.0319513	    0.968049	  0.00108572	    0.998914
24	-1.69831807140189	0.394095018620576	3.78903387677195	1.47503782798895	1.91576302258398	233	24	 3.55611e-06	    0.999996	2	 1.41306e-05	    0.999986	2	 0.000428881	    0.999571	 1.41291e-05	    0.999986
24	-0.0761797791409798	0.394095018620576	2.05319828720229	2.96739797311283	1.55519596969865	234	24	 3.55611e-06	    0.999996	2	 0.000152195	    0.999848	2	  0.00460066	    0.995399	 0.000152179	    0.999848
24	0.870852667106348	0.394095018620576	2.91289272204014	2.4554758404115	0.48814488610868	235	24	 3.55611e-06	    0.999996	2	 0.000108325	    0.999892	2	  0.00327875	    0.996721	 0.000108314	    0.999892
24	0.959919351538613	0.394095018620576	1.85349035226647	-0.164447024225058	1.39110732814837	236	24	 3.55611e-06	    0.999996	2	   0.0266486	    0.973351	2	    0.453953	    0.546047	   0.0266471	    0.973353
24	1.06523448206762	0.394095018620576	1.8238012982987	2.89007003168009	-0.584088425464124	237	24	 3.55611e-06	    0.999996	2	   0.0016978	    0.998302	2	    0.049104	    0.950896	  0.00169763	    0.998302
24	0.364974631421858	0.394095018620576	0.944463256902326	1.0464049843747	0.75746825871334	238	24	 3.55611e-06	    0.999996	2	   0.0661023	    0.933898	2	    0.682473	    0.317527	   0.0661002	      0.9339
24	1.6239976880093	0.394095018620576	3.23906895247316	0.473428440261142	0.866240943501652	239	24	 3.55611e-06	    0.999996	2	 0.000649192	    0.999351	2	   0.0193433	    0.980657	 0.000649125	    0.999351
24	-0.97361420497069	0.394095018620576	1.12782635671548	3.05834395978086	0.963869477938082	240	24	 3.55611e-06	    0.999996	2	  0.00175104	    0.998249	2	   0.0505686	    0.949431	  0.00175087	    0.998249
25	2.85400634792099	1.1710831904558	-0.685512759930939	-2.18025886406638	-2.16302792517267	241	25	    0.999994	  5.5841e-06	1	    0.999965	 3.45973e-05	1	    0.999965	 3.45916e-05	    0.998951	  0.00104938
25	2.33766104306652	1.1710831904558	1.75405541628753	0.154773029604536	0.448725193243326	242	25	    0.999994	  5.5841e-06	1	    0.613238	    0.386762	1	    0.613241	    0.386759	   0.0496232	    0.950377
25	-1.45064306134238	1.1710831904558	0.285918893561696	0.676776971264683	-0.296717145190413	243	25	    0.999994	  5.5841e-06	1	     0.96954	   0.0304596	1	    0.969543	    0.030457	    0.511785	    0.488215
25	-0.264876222998298	1.1710831904558	-0.0962387387695353	-1.0270637908282	-1.78498387795703	244	25	    0.999994	  5.5841e-06	1	    0.999442	 0.000557803	1	    0.999442	 0.000557713	    0.983337	   0.0166632
25	0.0268013785685885	1.1710831904558	0.5360352486976	0.28271686041698	-0.3205357323145	245	25	    0.999994	  5.5841e-06	1	    0.971398	   0.0286017	1	    0.971401	   0.0285992	    0.527972	    0.472028
25	1.22814168841713	1.1710831904558	-0.709831218060594	-1.6931570482701	0.381892582683205	246	25	    0.999994	  5.5841e-06	1	    0.999643	 0.000357368	1	    0.999643	  0.00035731	    0.989262	   0.0107378
25	0.998267239531965	1.1710831904558	0.276400851281746	0.371972778731193	-1.13687118918972	247	25	    0.999994	  5.5841e-06	1	     0.98984	   0.0101595	1	    0.989842	   0.0101583	    0.762403	    0.237597
25	0.376477657672156	1.1710831904558	0.307538741741893	1.33643652337677	1.08830456771062	248	25	    0.999994	  5.5841e-06	1	    0.809387	    0.190613	1	    0.809391	    0.190609	    0.122679	    0.877321
25	0.273031728966802	1.1710831904558	-0.826253016429561	-0.297441516166575	-0.487942694354744	249	25	    0.999994	  5.5841e-06	1	    0.999233	 0.000766568	1	    0.999234	 0.000766445	    0.977238	   0.0227623
25	0.478901220218851	1.1710831904558	0.445342810177667	-0.244721369311094	-0.00388018292343139	250	25	    0.999994	  5.5841e-06	1	    0.984794	   0.0152059	1	    0.984796	   0.0152042	    0.680811	    0.319189
26	0.0464265515454149	-0.442268869445659	-0.54951846472008	-0.413637678802945	-0.73609748483155	251	26	    0.999758	 0.000242466	1	    0.999037	 0.000963246	1	    0.999043	 0.000956627	    0.971744	   0.0282561
26	-0.78815719983998	-0.442268869445659	0.557018043890101	2.10737646643977	0.154831001223563	252	26	    0.999758	 0.000242466	1	    0.618937	    0.381063	1	    0.619074	    0.380926	   0.0507994	    0.949201
26	0.884086443281836	-0.442268869445659	-0.224787352050971	0.696859046720892	-0.0433811547784795	253	26	    0.999758	 0.000242466	1	    0.987415	   0.0125854	1	    0.987479	    0.012521	    0.721997	    0.278003
26	0.0516854305014571	-0.442268869445659	0.301541205096059	-0.411334331051676	-1.04426012502585	254	26	    0.999758	 0.000242466	1	    0.995631	  0.00436881	1	    0.995658	  0.00434151	     0.88307	     0.11693
26	0.141969292372585	-0.442268869445659	2.17455055116389	-0.647497727002397	1.17041592245195	255	26	    0.999758	 0.000242466	1	    0.454366	    0.545634	2	     0.45447	     0.54553	   0.0267011	    0.973299
26	1.3203545023454	-0.442268869445659	-0.582841397247516	1.40632627376014	0.611681478405954	256	26	    0.999758	 0.000242466	1	    0.972758	   0.0272422	1	    0.972862	   0.0271375	    0.541397	    0.458603
26	0.925339862507427	-0.442268869445659	-0.229003608218135	1.06877313516691	-0.140193748737236	257	26	    0.999758	 0.000242466	1	    0.980735	    0.019265	1	    0.980821	   0.0191793	    0.627429	    0.372571
26	0.485518616143925	-0.442268869445659	0.995383822650051	0.148383591663828	1.7063598962522	258	26	    0.999758	 0.000242466	1	     0.74458	     0.25542	1	    0.744739	    0.255261	    0.087655	    0.912345
26	1.72316402106322	-0.442268869445659	0.702549863325071	-0.564039533662913	0.386017585174254	259	26	    0.999758	 0.000242466	1	    0.976926	   0.0230735	1	    0.977022	   0.0229781	    0.583367	    0.416633
26	0.227684485905775	-0.442268869445659	-1.06911765608834	-2.34613928398795	-1.49397022868185	260	26	    0.999758	 0.000242466	1	    0.999976	 2.37506e-05	1	    0.999976	 2.35828e-05	    0.999284	 0.000715644
27	0.768777492633304	0.819155698298568	-0.115622009338538	-1.36419896888708	-0.755194556491576	261	27	    0.999955	  4.5312e-05	1	     0.99928	 0.000719657	1	    0.999281	 0.000718721	    0.978626	   0.0213743
27	-0.550937020768257	0.819155698298568	0.692424214921812	0.956998068886062	-2.19459413112319	262	27	    0.999955	  4.5312e-05	1	    0.972076	   0.0279242	1	    0.972096	   0.0279044	    0.534275	    0.465725
27	0.430833432495921	0.819155698298568	-1.67194797365458	-1.76773984318153	0.830990502472002	263	27	    0.999955	  4.5312e-05	1	     0.99992	 7.99685e-05	1	     0.99992	 7.98624e-05	     0.99758	  0.00241951
27	0.095807071129532	0.819155698298568	0.160245362696853	0.224320507387706	-0.0930907466116409	264	27	    0.999955	  4.5312e-05	1	    0.985557	   0.0144427	1	    0.985571	   0.0144294	    0.692236	    0.307764
27	0.692291222485771	0.819155698298568	-0.774689485196757	0.780771497213218	-0.24478221374434	265	27	    0.999955	  4.5312e-05	1	     0.99588	  0.00412006	1	    0.995885	  0.00411519	    0.888508	    0.111492
27	-0.233839441553162	0.819155698298568	2.1155306640967	2.11702228729531	-0.658123073448846	266	27	    0.999955	  4.5312e-05	1	     0.08232	     0.91768	2	   0.0823236	    0.917676	  0.00294545	    0.997055
27	0.10859673393724	0.819155698298568	-1.03897772143373	1.84852941100212	-0.707517187171975	267	27	    0.999955	  4.5312e-05	1	    0.991669	  0.00833079	1	    0.991678	  0.00832196	    0.796918	    0.203082
27	-0.429609533247478	0.819155698298568	0.177564889148007	-0.583950532115303	1.08991852088253	268	27	    0.999955	  4.5312e-05	1	    0.985834	   0.0141656	1	    0.985848	   0.0141525	    0.696409	    0.303591
27	1.49398870056529	0.819155698298568	1.68886362116128	-0.1623272532161	0.234556973188288	269	27	    0.999955	  4.5312e-05	1	    0.761506	    0.238494	1	    0.761536	    0.238464	   0.0951567	    0.904843
27	-0.449178758698607	0.819155698298568	1.17859536149139	0.522778175036325	-0.97672798230835	270	27	    0.999955	  4.5312e-05	1	    0.906012	   0.0939883	1	    0.906042	   0.0939582	    0.241015	    0.758985
28	0.0347437851836514	-0.929259608941306	-0.389312673408208	1.17314878878531	-1.22448330948647	271	28	    0.999999	 9.37734e-07	1	    0.992375	  0.00762533	1	    0.992375	  0.00762516	    0.810811	    0.189189
28	-0.76413733215288	-0.929259608941306	-1.07264845556647	-0.512928554618491	0.546485651164496	272	28	    0.999999	 9.37734e-07	1	    0.999158	 0.000842015	1	    0.999158	 0.000841992	    0.975048	   0.0249518
28	-0.574752994416135	-0.929259608941306	-0.39534635863751	-0.000137571321359344	-0.873994161330058	273	28	    0.999999	 9.37734e-07	1	    0.997982	  0.00201813	1	    0.997982	  0.00201808	    0.942146	   0.0578544
28	1.12045059019052	-0.929259608941306	-0.84498759833155	-0.639127325142142	-0.0292131435225772	274	28	    0.999999	 9.37734e-07	1	    0.999332	 0.000668262	1	    0.999332	 0.000668244	    0.980098	    0.019902
28	-0.741181167520102	-0.929259608941306	-0.655940482090013	0.178497150503847	-0.556447545398077	275	28	    0.999999	 9.37734e-07	1	    0.998077	   0.0019234	1	    0.998077	  0.00192335	    0.944716	   0.0552838
28	-0.731961881839378	-0.929259608941306	-2.50699143903884	0.497458218916702	0.33313449065802	276	28	    0.999999	 9.37734e-07	1	      0.9998	  0.00019955	1	      0.9998	 0.000199544	    0.993976	  0.00602426
28	0.682544672742508	-0.929259608941306	0.167839957700375	-0.163392869712998	-1.15511008369447	277	28	    0.999999	 9.37734e-07	1	    0.995941	  0.00405888	1	    0.995941	  0.00405878	    0.889873	    0.110127
28	0.492339173187748	-0.929259608941306	1.21561048096742	0.414794373609588	0.840609543440712	278	28	    0.999999	 9.37734e-07	1	     0.72447	     0.27553	1	    0.724471	    0.275529	   0.0796868	    0.920313
28	-0.962023262630955	-0.929259608941306	0.255145945830071	-0.577372784950053	1.11407234456493	279	28	    0.999999	 9.37734e-07	1	    0.982643	    0.017357	1	    0.982643	   0.0173566	    0.650881	    0.349119
28	-1.05838897116506	-0.929259608941306	1.61906288695254	-2.04667444820741	0.585076505157092	280	28	    0.999999	 9.37734e-07	1	    0.958152	   0.0418479	1	    0.958153	   0.0418474	    0.429871	    0.570129
29	0.866778889113212	1.77969843571909	1.99587869050023	-0.0485871311195276	2.86241145086029	281	29	  0.00170958	     0.99829	2	  0.00464457	    0.995355	2	    0.119466	    0.880534	  0.00444793	    0.995552
29	-0.783193619133869	1.77969843571909	2.3148199956051	3.29963146692588	1.26615355161842	282	29	  0.00170958	     0.99829	2	 6.18732e-05	    0.999938	2	  0.00178614	    0.998214	 5.89203e-05	    0.999941
29	-1.91363998601043	1.77969843571909	2.1648510186425	2.80944017885248	-1.46771238735828	283	29	  0.00170958	     0.99829	2	  0.00154224	    0.998458	2	   0.0428348	    0.957165	  0.00147153	    0.998528
29	0.289566805834245	1.77969843571909	-0.712664522447988	-1.70286263613771	0.29837045239462	284	29	  0.00170958	     0.99829	2	    0.989817	   0.0101833	1	    0.999661	 0.000339242	      0.9898	   0.0102002
29	-0.500129868267952	1.77969843571909	0.723442409530465	2.33618670428393	1.61449779060585	285	29	  0.00170958	     0.99829	2	   0.0081929	    0.991807	2	     0.19421	     0.80579	  0.00787434	    0.992126
29	-1.35838021056381	1.77969843571909	3.06812336608449	2.17959514747124	0.829432485841276	286	29	  0.00170958	     0.99829	2	 8.37778e-05	    0.999916	2	  0.00241708	    0.997583	  7.9782e-05	     0.99992
29	-1.1207782733127	1.77969843571909	1.19711983153041	1.15215280315936	1.87082177931766	287	29	  0.00170958	     0.99829	2	   0.0131457	    0.986854	2	    0.280696	    0.719304	   0.0126875	    0.987313
29	-0.331106574259535	1.77969843571909	-0.843216047181376	-0.809367218244861	0.700267617472689	288	29	  0.00170958	     0.99829	2	    0.969971	   0.0300288	1	     0.99898	  0.00102017	    0.969922	   0.0300785
29	1.19847079226194	1.77969843571909	3.43512874262739	0.421676075495683	1.20233540156714	289	29	  0.00170958	     0.99829	2	 0.000330004	     0.99967	2	  0.00945915	    0.990541	  0.00031437	    0.999686
29	-0.537230629105993	1.77969843571909	1.02262325136113	2.03426778609473	-2.09866452837446	290	29	  0.00170958	     0.99829	2	   0.0990355	    0.900964	2	    0.767184	    0.232816	   0.0978913	    0.902109
30	1.8586698774454	-0.00196913083997129	2.28381210597011	-0.80410054309062	0.93511502458032	291	30	    0.325992	    0.674008	2	    0.184077	    0.815923	2	    0.499006	    0.500994	   0.0317581	    0.968242
30	-0.5716252114667	-0.00196913083997129	0.31291940345886	0.783977578232646	-1.69073344430572	292	30	    0.325992	    0.674008	2	    0.794898	    0.205102	1	    0.986237	   0.0137632	    0.702355	    0.297645
30	0.241304711593627	-0.00196913083997129	3.52153985940757	0.695525323998304	1.45121455935945	293	30	    0.325992	    0.674008	2	  0.00143627	    0.998564	2	  0.00412395	    0.995876	 0.000136347	    0.999864
30	1.63625216385495	-0.00196913083997129	-0.812133727248252	1.03579906282525	-0.841695071707281	294	30	    0.325992	    0.674008	2	    0.935348	   0.0646516	1	    0.996584	  0.00341572	    0.905731	    0.094269
30	-0.128632436461865	-0.00196913083997129	2.05106006219387	3.0908332063773	0.47833636975518	295	30	    0.325992	    0.674008	2	  0.00320589	    0.996794	2	  0.00920209	    0.990798	  0.00030575	    0.999694
30	-0.421766258716332	-0.00196913083997129	1.51187056115273	0.771559372080696	1.84573428417429	296	30	    0.325992	    0.674008	2	   0.0905168	    0.909483	2	    0.254662	    0.745338	   0.0111262	    0.988874
30	-0.174548485521876	-0.00196913083997129	0.660503280500508	2.23430495106159	1.7050164157158	297	30	    0.325992	    0.674008	2	   0.0822786	    0.917721	2	    0.232027	    0.767973	  0.00985122	    0.990149
30	0.327144410015624	-0.00196913083997129	1.06424021285117	1.65436694549096	-0.52204882481246	298	30	    0.325992	    0.674008	2	    0.250336	    0.749664	2	    0.649172	    0.350828	   0.0574348	    0.942565
30	-0.00310750381276118	-0.00196913083997129	-0.874912261575764	-1.32458052616229	0.435064583789573	299	30	    0.325992	    0.674008	2	    0.991311	  0.00868873	1	    0.999577	 0.000422964	    0.987313	   0.0126866
30	-0.272788832085958	-0.00196913083997129	-0.832404217116367	-0.386334984391695	0.432416933628405	300	30	    0.325992	    0.674008	2	     0.97204	   0.0279602	1	    0.998601	    0.001399	    0.959193	   0.0408068
31	-0.943182392827011	-0.195776404817895	1.78694336745967	0.444344189744496	0.986788694334111	301	31	     0.99998	 1.96567e-05	1	    0.367771	    0.632229	2	    0.367777	    0.632223	   0.0187963	    0.981204
31	-0.751254582000804	-0.195776404817895	-0.148486001349966	-0.0428628305640364	0.792547026785751	302	31	     0.99998	 1.96567e-05	1	    0.988745	   0.0112549	1	     0.98875	   0.0112501	    0.743207	    0.256793
31	-0.393709273349991	-0.195776404817895	-0.075830456184338	1.26843173713222	-1.79034337671713	303	31	     0.99998	 1.96567e-05	1	    0.988649	   0.0113508	1	    0.988654	   0.0113459	    0.741567	    0.258433
31	-0.621614166822905	-0.195776404817895	-0.622058351431822	-0.0535401462262305	1.96716570572158	304	31	     0.99998	 1.96567e-05	1	    0.988266	   0.0117336	1	    0.988271	   0.0117286	    0.735084	    0.264916
31	0.340299238953389	-0.195776404817895	0.453513837844088	-0.061700692306365	-0.0367471541018269	305	31	     0.99998	 1.96567e-05	1	    0.980965	   0.0190347	1	    0.980972	   0.0190278	    0.629317	    0.370683
31	-1.09905685386033	-0.195776404817895	1.1347752001438	0.367152596162325	2.22856013245129	306	31	     0.99998	 1.96567e-05	1	    0.489227	    0.510773	2	    0.489236	    0.510764	    0.030578	    0.969422
31	1.24629716825165	-0.195776404817895	-1.28924386007341	1.09537210892865	-1.57536410331916	307	31	     0.99998	 1.96567e-05	1	    0.999084	 0.000916347	1	    0.999084	 0.000915832	    0.972917	   0.0270827
31	2.31314112029105	-0.195776404817895	0.137448527951058	-1.42977655331528	0.333809274825518	308	31	     0.99998	 1.96567e-05	1	    0.997564	  0.00243627	1	    0.997565	  0.00243496	    0.930992	    0.069008
31	-0.323818419014146	-0.195776404817895	-0.164076238697848	-0.504991557893732	-1.35309750711904	309	31	     0.99998	 1.96567e-05	1	    0.998788	  0.00121224	1	    0.998788	  0.00121157	    0.964472	   0.0355276
31	-0.755244332110776	-0.195776404817895	-0.0187064791585083	-2.23119443565364	-0.221649518192383	310	31	     0.99998	 1.96567e-05	1	    0.999459	 0.000541112	1	    0.999459	 0.000540805	    0.983834	   0.0161659
32	-1.08779090659087	0.290917259369979	-0.214808995802467	0.786126206572782	1.98500663407143	311	32	    0.999962	 3.80383e-05	1	    0.922422	    0.077578	1	    0.922446	   0.0775536	    0.281447	    0.718553
32	0.0171991060114374	0.290917259369979	1.04961835618881	-1.06765187880377	0.47046336568705	312	32	    0.999962	 3.80383e-05	1	    0.969707	   0.0302928	1	    0.969725	   0.0302754	    0.513327	    0.486673
32	-1.61045999877137	0.290917259369979	-1.78140148959061	-0.637938687744245	-0.372885600795382	313	32	    0.999962	 3.80383e-05	1	    0.999901	  9.8866e-05	1	    0.999901	  9.8756e-05	     0.99701	  0.00299025
32	-2.0115463066515	0.290917259369979	-0.231624274801336	1.58507214905885	-2.14145755990379	314	32	    0.999962	 3.80383e-05	1	    0.988986	   0.0110138	1	    0.988995	   0.0110046	    0.747442	    0.252558
32	1.04968926903102	0.290917259369979	0.585334071069629	-1.4438926128979	-0.590928862111981	315	32	    0.999962	 3.80383e-05	1	    0.996826	  0.00317417	1	    0.996829	  0.00317094	    0.911911	    0.088089
32	-0.177790082974075	0.290917259369979	1.62248740442192	0.677658256903132	1.02912806490405	316	32	    0.999962	 3.80383e-05	1	    0.380343	    0.619657	2	    0.380357	    0.619643	   0.0198133	    0.980187
32	-0.501016029310149	0.290917259369979	-0.23053823886158	-0.355228821091102	0.56394056978389	317	32	    0.999962	 3.80383e-05	1	    0.994669	  0.00533058	1	    0.994675	  0.00532546	    0.860153	    0.139847
32	1.81388506350434	0.290917259369979	-0.922248071805758	-0.540403361973478	0.975398684022928	318	32	    0.999962	 3.80383e-05	1	    0.998582	  0.00141841	1	    0.998583	  0.00141689	    0.958692	   0.0413079
32	-0.0529552957017537	0.290917259369979	1.39527752325003	1.23369456897514	-0.395150187512322	319	32	    0.999962	 3.80383e-05	1	    0.594162	    0.405838	1	    0.594183	    0.405817	   0.0459977	    0.954002
32	-0.271139958974111	0.290917259369979	0.064299909750879	0.172190100256439	-0.55148011042001	320	32	    0.999962	 3.80383e-05	1	    0.992014	  0.00798637	1	    0.992021	  0.00797921	    0.803695	    0.196305
33	-2.35309775839223	0.761849260229279	-0.658668650512465	0.699783557218427	-0.332628658620974	321	33	    0.999968	 3.24143e-05	1	    0.995233	  0.00476683	1	    0.995237	  0.00476288	    0.873113	    0.126887
33	0.438238516505048	0.761849260229279	-1.05431768446357	0.72189931021328	-0.130056499041055	322	33	    0.999968	 3.24143e-05	1	    0.997553	  0.00244702	1	    0.997555	  0.00244485	    0.930731	   0.0692695
33	-0.887133788323071	0.761849260229279	-1.53297740769771	-2.58515946969759	0.467433926538207	323	33	    0.999968	 3.24143e-05	1	    0.999965	  3.4643e-05	1	    0.999965	 3.46101e-05	     0.99895	  0.00104994
33	-0.137968394146303	0.761849260229279	0.406597647058725	-0.0865285229430773	-0.455261040907654	324	33	    0.999968	 3.24143e-05	1	     0.98755	   0.0124499	1	    0.987559	   0.0124413	    0.723294	    0.276706
33	-0.349603511287035	0.761849260229279	2.35189317600025	1.14068714338038	-0.90799736373411	325	33	    0.999968	 3.24143e-05	1	    0.205151	    0.794849	2	    0.205158	    0.794842	  0.00842808	    0.991572
33	0.858198049985151	0.761849260229279	-1.73077161998235	-1.02355342649085	0.268016201503449	326	33	    0.999968	 3.24143e-05	1	    0.999896	 0.000103508	1	    0.999897	  0.00010341	    0.996869	  0.00313076
33	0.813751398101452	0.761849260229279	-0.188787487707429	-0.426247827706524	2.97300329137596	327	33	    0.999968	 3.24143e-05	1	     0.95903	   0.0409698	1	    0.959047	   0.0409529	    0.435403	    0.564597
33	0.627686951532052	0.761849260229279	-1.39980045820974	0.75280313308748	-1.21580381596741	328	33	    0.999968	 3.24143e-05	1	    0.999396	 0.000603922	1	    0.999397	 0.000603358	    0.981997	   0.0180032
33	-0.415564729051415	0.761849260229279	0.176797450702696	0.87631459889301	-2.03751484576049	329	33	    0.999968	 3.24143e-05	1	     0.99062	  0.00938038	1	    0.990627	  0.00937344	    0.776797	    0.223203
33	0.109078365880768	0.761849260229279	2.45284804748212	1.57715364267426	-0.370217576809984	330	33	    0.999968	 3.24143e-05	1	   0.0686514	    0.931349	2	   0.0686535	    0.931346	  0.00242157	    0.997578
34	-0.756591395978264	-0.384444663323701	1.14669192568764	0.442785421839649	2.38512319406984	331	34	 3.65693e-05	    0.999963	2	   0.0237699	     0.97623	2	    0.424933	    0.575067	   0.0237552	    0.976245
34	-1.10615216206333	-0.384444663323701	2.9272355377334	1.24082446383838	0.137391834322716	332	34	 3.65693e-05	    0.999963	2	 0.000806238	    0.999194	2	   0.0238923	    0.976108	 0.000805394	    0.999195
34	0.498130543745786	-0.384444663323701	2.02813877951271	1.59737807064689	-0.235357625036354	333	34	 3.65693e-05	    0.999963	2	  0.00591635	    0.994084	2	    0.152949	    0.847051	  0.00591098	    0.994089
34	1.20918627729431	-0.384444663323701	2.35599828197255	1.34711999836847	1.3718966466807	334	34	 3.65693e-05	    0.999963	2	  0.00110006	      0.9989	2	   0.0323276	    0.967672	  0.00109892	    0.998901
34	-0.0352677955431947	-0.384444663323701	3.2735139019278	0.953380762569165	1.32566514379181	335	34	 3.65693e-05	    0.999963	2	 0.000199023	    0.999801	2	  0.00600225	    0.993998	 0.000198811	    0.999801
34	-1.1523799902926	-0.384444663323701	1.58746448520009	2.06574994905253	0.968409564706898	336	34	 3.65693e-05	    0.999963	2	  0.00298238	    0.997018	2	   0.0831973	    0.916803	  0.00297944	    0.997021
34	1.14946284592493	-0.384444663323701	1.68910587666728	3.77135738317937	1.9382692005848	337	34	 3.65693e-05	    0.999963	2	 6.80934e-05	    0.999932	2	  0.00206146	    0.997939	 6.80205e-05	    0.999932
34	-0.711140455997564	-0.384444663323701	0.675603609119909	-0.807882850557068	1.78841356122434	338	34	 3.65693e-05	    0.999963	2	    0.362178	    0.637822	2	    0.945181	   0.0548189	    0.362157	    0.637843
34	1.86974632129617	-0.384444663323701	2.85146402085391	4.25113513899181	2.00595526321922	339	34	 3.65693e-05	    0.999963	2	 1.74167e-06	    0.999998	2	 5.28298e-05	    0.999947	  1.7398e-06	    0.999998
34	0.986151669618118	-0.384444663323701	0.27203534818749	-0.428215732553452	1.72251345782201	340	34	 3.65693e-05	    0.999963	2	    0.486285	    0.513715	2	    0.966379	   0.0336207	    0.486268	    0.513732
35	1.10074866144348	-0.17202767019529	2.04159702462096	1.01174664619083	-0.789679950675815	341	35	 1.96401e-06	    0.999998	2	   0.0201459	    0.979854	2	     0.38436	     0.61564	   0.0201452	    0.979855
35	0.805813669060388	-0.17202767019529	1.83102421117001	0.893043588720438	-0.099655541357546	342	35	 1.96401e-06	    0.999998	2	   0.0230532	    0.976947	2	    0.417437	    0.582563	   0.0230524	    0.976948
35	-0.390848873472618	-0.17202767019529	1.58833186364889	0.726965454561883	0.21794464964738	343	35	 1.96401e-06	    0.999998	2	   0.0376538	    0.962346	2	    0.542991	    0.457009	   0.0376528	    0.962347
35	-0.452075891119664	-0.17202767019529	3.39681851713682	-0.810518345304295	-0.762326744136736	344	35	 1.96401e-06	    0.999998	2	  0.00720613	    0.992794	2	    0.180601	    0.819399	  0.00720579	    0.992794
35	0.0358257289430345	-0.17202767019529	0.954146046056464	1.50887154867682	1.25434958706151	345	35	 1.96401e-06	    0.999998	2	   0.0227799	     0.97722	2	    0.414472	    0.585528	   0.0227791	    0.977221
35	-0.78104372373109	-0.17202767019529	2.11682898572375	0.718883741694467	0.28879280181168	346	35	 1.96401e-06	    0.999998	2	   0.0106656	    0.989334	2	    0.246625	    0.753375	   0.0106652	    0.989335
35	1.21303839122906	-0.17202767019529	2.10562756929295	3.26929570864634	0.806398277245272	347	35	 1.96401e-06	    0.999998	2	 0.000159808	     0.99984	2	  0.00482996	     0.99517	 0.000159799	     0.99984
35	-0.428619983009653	-0.17202767019529	1.93197076668907	1.74472666914515	3.70243946617063	348	35	 1.96401e-06	    0.999998	2	 0.000182664	    0.999817	2	  0.00551706	    0.994483	 0.000182654	    0.999817
35	-0.528707284495108	-0.17202767019529	1.68450151113721	0.637621486037783	2.27872833332577	349	35	 1.96401e-06	    0.999998	2	   0.0061048	    0.993895	2	    0.157195	    0.842805	  0.00610451	    0.993895
35	-0.258093658179166	-0.17202767019529	2.48326339560894	1.12034993203592	-0.00752806363713443	350	35	 1.96401e-06	    0.999998	2	  0.00326638	    0.996734	2	   0.0905039	    0.909496	   0.0032662	    0.996734
36	-0.742368404705774	0.0216422879061107	2.512212941323	1.56093647818301	1.68397607932582	351	36	 3.46919e-05	    0.999965	2	 0.000395922	    0.999604	2	    0.011873	    0.988127	 0.000395524	    0.999604
36	-0.486672675341374	0.0216422879061107	1.05186932865222	0.711698484098209	-0.084602286916132	352	36	 3.46919e-05	    0.999965	2	    0.144218	    0.855782	2	    0.836508	    0.163492	    0.144194	    0.855806
36	1.78111901997125	0.0216422879061107	2.76993374451809	0.97339104462445	2.75532403173671	353	36	 3.46919e-05	    0.999965	2	 0.000200652	    0.999799	2	  0.00605142	    0.993949	 0.000200449	      0.9998
36	1.01547829280668	0.0216422879061107	0.309143208179424	0.667483831945841	0.699361026386431	354	36	 3.46919e-05	    0.999965	2	    0.334223	    0.665777	2	    0.938435	   0.0615652	    0.334202	    0.665798
36	-1.12087071636647	0.0216422879061107	2.3059154662868	2.62038058727414	0.713225689370625	355	36	 3.46919e-05	    0.999965	2	 0.000287486	    0.999713	2	  0.00864834	    0.991352	 0.000287196	    0.999713
36	-0.202538555514178	0.0216422879061107	1.74841710274908	2.7243488231696	0.857820305025915	356	36	 3.46919e-05	    0.999965	2	 0.000827859	    0.999172	2	   0.0245192	    0.975481	 0.000827037	    0.999173
36	-0.843612492592307	0.0216422879061107	2.11893393287275	3.07004432958644	-0.203974549793585	357	36	 3.46919e-05	    0.999965	2	 0.000448444	    0.999552	2	   0.0134276	    0.986572	 0.000447993	    0.999552
36	-0.0676968669893347	0.0216422879061107	0.470273282979423	1.76034498396314	0.217700569601325	358	36	 3.46919e-05	    0.999965	2	   0.0960155	    0.903984	2	    0.763287	    0.236713	   0.0959924	    0.904008
36	-1.1765778390129	0.0216422879061107	2.5253109118915	3.05197248033522	-0.0799622667500017	359	36	 3.46919e-05	    0.999965	2	 0.000156828	    0.999843	2	   0.0047358	    0.995264	  0.00015667	    0.999843
36	-0.149183611263449	0.0216422879061107	2.86448172314306	-0.998878812667183	0.793645302673957	360	36	 3.46919e-05	    0.999965	2	   0.0104425	    0.989558	2	    0.242541	    0.757459	   0.0104344	    0.989566
37	-0.801402053522425	-1.0307181291667	1.92857557212169	4.62877176920555	1.94067516223396	361	37	 3.89765e-07	           1	2	 7.88546e-06	    0.999992	2	   0.0002394	    0.999761	 7.88537e-06	    0.999992
37	-1.03466710945899	-1.0307181291667	2.16739380408103	1.38483069879637	0.948511825561097	362	37	 3.89765e-07	           1	2	  0.00216925	    0.997831	2	   0.0619278	    0.938072	  0.00216922	    0.997831
37	0.596205923788841	-1.0307181291667	0.394576906268911	1.91544922687215	0.751762427367678	363	37	 3.89765e-07	           1	2	   0.0617066	    0.938293	2	    0.666341	    0.333659	   0.0617064	    0.938294
37	-0.613814680014544	-1.0307181291667	1.47036422183843	2.44610853766896	-0.314948271428587	364	37	 3.89765e-07	           1	2	  0.00602858	    0.993971	2	    0.155533	    0.844467	  0.00602853	    0.993971
37	1.87179305211741	-1.0307181291667	1.12388603693149	2.1918382182806	1.07886057054284	365	37	 3.89765e-07	           1	2	  0.00699408	    0.993006	2	    0.176198	    0.823802	  0.00699402	    0.993006
37	1.4019827369839	-1.0307181291667	0.815354115422086	2.60547714940451	1.77962845848292	366	37	 3.89765e-07	           1	2	  0.00389233	    0.996108	2	    0.106073	    0.893927	  0.00389229	    0.996108
37	0.00685955596266014	-1.0307181291667	1.41079491761842	2.69818202300961	1.47353305758842	367	37	 3.89765e-07	           1	2	  0.00111943	    0.998881	2	   0.0329114	    0.967089	  0.00111941	    0.998881
37	0.831617497862528	-1.0307181291667	2.18091246395453	2.14948702905017	-0.194919577498899	368	37	 3.89765e-07	           1	2	  0.00176138	    0.998239	2	   0.0508568	    0.949143	  0.00176136	    0.998239
37	-0.52130062945633	-1.0307181291667	2.14567438780584	2.42019966127772	0.683488665822214	369	37	 3.89765e-07	           1	2	 0.000603899	    0.999396	2	   0.0180188	    0.981981	 0.000603892	    0.999396
37	-0.39139893570468	-1.0307181291667	2.75568147858181	-0.520480045303651	2.101957761612	370	37	 3.89765e-07	           1	2	  0.00250287	    0.997497	2	   0.0708001	      0.9292	  0.00250285	    0.997497
38	0.251133425292324	-0.6987027497027	0.0277737773282606	1.07120435439418	0.548551968710226	371	38	    0.952101	   0.0478993	1	    0.917191	   0.0828091	1	    0.945126	   0.0548736	    0.361913	    0.638087
38	1.48442192164855	-0.6987027497027	2.14470548833987	-0.253739263445229	0.976080297177014	372	38	    0.952101	   0.0478993	1	    0.385385	    0.614615	2	    0.403676	    0.596324	   0.0218059	    0.978194
38	-0.399272400301218	-0.6987027497027	-0.237564377306518	0.275681559856663	0.855318581184831	373	38	    0.952101	   0.0478993	1	    0.971013	   0.0289866	1	    0.985266	   0.0147337	    0.687707	    0.312293
38	1.77861422574216	-0.6987027497027	-0.742848058234538	1.31642205984195	1.03575564505517	374	38	    0.952101	   0.0478993	1	    0.956105	    0.043895	1	    0.975608	   0.0243917	    0.568433	    0.431567
38	-0.430442180107257	-0.6987027497027	0.260905598625214	1.17014775965846	-0.22060217714758	375	38	    0.952101	   0.0478993	1	    0.914354	    0.085646	1	     0.94268	   0.0573198	    0.351312	    0.648688
38	0.0780677686548477	-0.6987027497027	0.429427144905415	-0.541754707176925	0.683269051677046	376	38	    0.952101	   0.0478993	1	     0.96618	   0.0338196	1	    0.982283	   0.0177172	    0.646111	    0.353889
38	-0.178791617728979	-0.6987027497027	1.56498749169822	0.683410743294678	1.53948353179504	377	38	    0.952101	   0.0478993	1	    0.296243	    0.703757	2	    0.310411	    0.689589	   0.0146068	    0.985393
38	-1.23266286854135	-0.6987027497027	1.49764928127945	0.0790148133366155	0.0650031334568678	378	38	    0.952101	   0.0478993	1	    0.759094	    0.240906	1	    0.791688	    0.208312	    0.111231	    0.888769
38	-0.148844699933928	-0.6987027497027	1.26469968482175	1.69155130412424	1.96583238086885	379	38	    0.952101	   0.0478993	1	    0.120869	    0.879131	2	     0.12671	     0.87329	  0.00475534	    0.995245
38	-1.2309035616303	-0.6987027497027	0.253423045269848	0.159890021622137	-0.350307643804304	380	38	    0.952101	   0.0478993	1	    0.972495	   0.0275049	1	    0.986152	   0.0138485	    0.701045	    0.298955
39	1.63159182031634	0.177614931655349	1.18370184032967	1.29324483290499	0.527921004457739	381	39	 1.49969e-05	    0.999985	2	   0.0354875	    0.964513	2	    0.527647	    0.472353	   0.0354801	     0.96452
39	0.70185155333735	0.177614931655349	3.22654969181861	2.7780306711156	-0.409231045331949	382	39	 1.49969e-05	    0.999985	2	 5.85531e-05	    0.999941	2	  0.00177425	    0.998226	 5.85273e-05	    0.999941
39	0.83764299311516	0.177614931655349	2.63448636466062	1.71721568162359	1.38951871819064	383	39	 1.49969e-05	    0.999985	2	 0.000316432	    0.999684	2	  0.00951651	    0.990483	 0.000316294	    0.999684
39	-0.562852792588141	0.177614931655349	2.64310497059486	2.36191176672399	0.131545854651372	384	39	 1.49969e-05	    0.999985	2	 0.000309178	    0.999691	2	  0.00930031	      0.9907	 0.000309043	    0.999691
39	1.06108533548887	0.177614931655349	1.16847723294152	1.60176768601635	0.15723868876881	385	39	 1.49969e-05	    0.999985	2	   0.0309716	    0.969028	2	    0.492477	    0.507523	   0.0309647	    0.969035
39	-2.09835651741899	0.177614931655349	2.23654012149775	0.723100103860376	0.69117558141661	386	39	 1.49969e-05	    0.999985	2	  0.00556927	    0.994431	2	    0.145303	    0.854697	  0.00556717	    0.994433
39	-0.194469518190496	0.177614931655349	1.94779965282254	2.3592533786541	-0.05796691660012	387	39	 1.49969e-05	    0.999985	2	  0.00192229	    0.998078	2	   0.0552331	    0.944767	  0.00192149	    0.998079
39	-0.308355603567942	0.177614931655349	0.916528630152632	-1.92208499075112	0.177014115351365	388	39	 1.49969e-05	    0.999985	2	    0.819341	    0.180659	1	    0.992791	  0.00720873	    0.819338	    0.180662
39	2.06669790342628	0.177614931655349	1.63035388212534	1.81846764255575	1.20047858917507	389	39	 1.49969e-05	    0.999985	2	  0.00358742	    0.996413	2	   0.0985207	    0.901479	  0.00358599	    0.996414
39	0.229313660315093	0.177614931655349	2.26499172026776	1.98225597742172	1.07300353960911	390	39	 1.49969e-05	    0.999985	2	 0.000665308	    0.999335	2	   0.0198079	    0.980192	 0.000665021	    0.999335
40	0.573340252618887	-0.607496879055063	1.56114062490041	3.3106138439587	-0.691947022554815	391	40	 9.64507e-05	    0.999904	2	  0.00165591	    0.998344	2	   0.0478301	     0.95217	  0.00165146	    0.998349
40	-0.0997590644344274	-0.607496879055063	0.840891828054432	2.30520085649758	1.93285534280805	392	40	 9.64507e-05	    0.999904	2	  0.00492714	    0.995073	2	    0.130429	    0.869571	  0.00491503	    0.995085
40	0.938674391985705	-0.607496879055063	1.73594376355534	1.47309536364731	0.869538681664486	393	40	 9.64507e-05	    0.999904	2	  0.00596178	    0.994038	2	    0.153754	    0.846246	  0.00594752	    0.994052
40	0.675634899059939	-0.607496879055063	1.50059468140225	0.422119551089156	0.782043773030571	394	40	 9.64507e-05	    0.999904	2	   0.0454549	    0.954545	2	    0.590886	    0.409114	   0.0454023	    0.954598
40	0.817815328151962	-0.607496879055063	2.82462603563408	1.11873306469307	-1.15045150800759	395	40	 9.64507e-05	    0.999904	2	  0.00340534	    0.996595	2	   0.0937899	     0.90621	  0.00339662	    0.996603
40	-1.0472772127007	-0.607496879055063	1.46752633606377	0.713765612922748	-0.600210452265289	396	40	 9.64507e-05	    0.999904	2	   0.0872936	    0.912706	2	    0.743726	    0.256274	   0.0872303	     0.91277
40	-0.530063928039146	-0.607496879055063	1.61941391695014	3.80961622202911	1.54958615994975	397	40	 9.64507e-05	    0.999904	2	 9.99014e-05	      0.9999	2	  0.00301634	    0.996984	 9.96201e-05	      0.9999
40	-0.722550802391993	-0.607496879055063	0.824367041359691	-0.979893178527345	2.00808248505989	398	40	 9.64507e-05	    0.999904	2	    0.292916	    0.707084	2	    0.926341	   0.0736589	    0.292855	    0.707145
40	-1.02275889693843	-0.607496879055063	-0.766085099928794	1.83716934101256	1.5758298301688	399	40	 9.64507e-05	    0.999904	2	    0.269602	    0.730398	2	    0.918069	   0.0819308	     0.26954	     0.73046
40	-0.660455794146659	-0.607496879055063	1.74819299398604	3.54770120361367	2.18500526022439	400	40	 9.64507e-05	    0.999904	2	 6.61158e-05	    0.999934	2	  0.00199821	    0.998002	 6.59294e-05	    0.999934
41	-0.267716615925272	2.31808242481409	3.66618935634074	2.15786440733968	-0.0595429788789994	401	41	 0.000919137	    0.999081	2	 3.85433e-05	    0.999961	2	  0.00113846	    0.998862	 3.75314e-05	    0.999962
41	-0.739804586468067	2.31808242481409	1.91194081745987	1.24095219263287	0.180825456067999	402	41	 0.000919137	    0.999081	2	  0.00926466	    0.990735	2	    0.217554	    0.782446	  0.00907304	    0.990927
41	-0.88604609476267	2.31808242481409	0.752912768825687	0.886585439232607	0.906111243941235	403	41	 0.000919137	    0.999081	2	    0.103187	    0.896813	2	     0.77632	     0.22368	    0.102568	    0.897432
41	2.32669221251084	2.31808242481409	2.41941132472249	0.184656260672306	-0.762616736173178	404	41	 0.000919137	    0.999081	2	   0.0258434	    0.974157	2	    0.442384	    0.557616	   0.0254602	     0.97454
41	1.64528576937477	2.31808242481409	4.03751818029119	2.17933519911448	1.41789675817039	405	41	 0.000919137	    0.999081	2	 4.49748e-06	    0.999996	2	 0.000132969	    0.999867	 4.37929e-06	    0.999996
41	0.326128866546123	2.31808242481409	0.558548240888471	1.15378443036155	-1.05689971810106	406	41	 0.000919137	    0.999081	2	    0.358348	    0.641652	2	    0.944195	   0.0558049	    0.357809	    0.642191
41	0.299629878219255	2.31808242481409	3.94525308869588	1.24194396243827	0.887944631506437	407	41	 0.000919137	    0.999081	2	  3.4719e-05	    0.999965	2	  0.00102561	    0.998974	 3.38074e-05	    0.999966
41	-2.52319920771922	2.31808242481409	0.590829816264524	4.27824543152634	0.594973496819473	408	41	 0.000919137	    0.999081	2	 0.000911948	    0.999088	2	   0.0262977	    0.973702	 0.000888594	    0.999111
41	-0.156805404844062	2.31808242481409	1.84474120606967	0.951354229528227	2.03268484376711	409	41	 0.000919137	    0.999081	2	  0.00354743	    0.996453	2	   0.0954505	     0.90455	  0.00346288	    0.996537
41	-0.178184849886919	2.31808242481409	-0.497006992322277	-0.245947804395918	0.127150136554524	410	41	 0.000919137	    0.999081	2	    0.928944	   0.0710564	1	    0.997485	  0.00251497	    0.928881	   0.0711194
42	-0.116098059163858	0.0193616928582484	1.00382656060215	-2.66144964106275	0.619906429520275	411	42	    0.999995	 5.22237e-06	1	    0.994139	  0.00586144	1	    0.994139	  0.00586067	    0.848162	    0.151838
42	0.00604722921244121	0.0193616928582484	-0.5109301961095	-0.0734163424614197	-0.371690500504009	412	42	    0.999995	 5.22237e-06	1	    0.997931	  0.00206941	1	    0.997931	  0.00206911	    0.940767	   0.0592334
42	-0.149605273962975	0.0193616928582484	0.127355940327176	0.593249943513178	-0.47025633485781	413	42	    0.999995	 5.22237e-06	1	    0.983311	   0.0166892	1	    0.983312	   0.0166875	    0.659913	    0.340087
42	-1.19510122754015	0.0193616928582484	0.239050867850135	-0.957356100216804	-1.10267939600732	414	42	    0.999995	 5.22237e-06	1	    0.998021	   0.0019787	1	    0.998022	  0.00197841	     0.94322	   0.0567796
42	-0.101101134465806	0.0193616928582484	0.162167074391946	1.40229910580271	1.55198219247593	415	42	    0.999995	 5.22237e-06	1	    0.776205	    0.223795	1	    0.776208	    0.223792	    0.102509	    0.897491
42	0.823255768249238	0.0193616928582484	0.364840089258136	1.08168141279582	-0.397268283243169	416	42	    0.999995	 5.22237e-06	1	    0.946855	   0.0531447	1	    0.946858	   0.0531417	    0.369778	    0.630222
42	0.288547895156443	0.0193616928582484	1.44914945923939	-0.0844033126702017	1.04929854962653	417	42	    0.999995	 5.22237e-06	1	    0.713372	    0.286628	1	    0.713376	    0.286624	   0.0757515	    0.924248
42	-1.10523986913486	0.0193616928582484	-0.594389565671837	-1.15485472079407	-0.945437810368301	418	42	    0.999995	 5.22237e-06	1	    0.999676	 0.000323913	1	    0.999676	 0.000323864	    0.990258	  0.00974212
42	-0.989960885044144	0.0193616928582484	-0.889360820702206	0.981903751781213	-0.642595200061938	419	42	    0.999995	 5.22237e-06	1	     0.99657	  0.00342957	1	    0.996571	   0.0034291	    0.905395	   0.0946045
42	-0.383134272593912	0.0193616928582484	-1.16274989009123	-0.0653468693578523	0.105892710105494	420	42	    0.999995	 5.22237e-06	1	    0.999134	  0.00086646	1	    0.999134	  0.00086633	    0.974345	   0.0256552
43	0.0561207692074924	0.560677320930532	-0.460774119343181	0.860469467210203	0.839942276843874	421	43	    0.999992	 8.05459e-06	1	    0.979889	   0.0201105	1	    0.979892	   0.0201076	     0.61609	     0.38391
43	-0.35003331531342	0.560677320930532	0.121650037441516	-0.454307308612034	-0.287651864744668	422	43	    0.999992	 8.05459e-06	1	    0.995029	  0.00497056	1	     0.99503	  0.00496954	    0.868309	    0.131691
43	-0.297174500313735	0.560677320930532	1.62089007856492	-1.50587155091811	1.69317915611863	423	43	    0.999992	 8.05459e-06	1	     0.83747	     0.16253	1	    0.837476	    0.162524	    0.145071	    0.854929
43	0.369590789365862	0.560677320930532	-0.0311224117580291	0.323352872514993	1.250737419643	424	43	    0.999992	 8.05459e-06	1	     0.96813	   0.0318701	1	    0.968134	   0.0318664	    0.500116	    0.499884
43	-1.36315415067693	0.560677320930532	-0.279156118830204	-1.54882899439551	0.498511380577366	425	43	    0.999992	 8.05459e-06	1	     0.99883	  0.00117049	1	     0.99883	  0.00117023	    0.965644	   0.0343556
43	0.99730546486618	0.560677320930532	-1.28695101726452	0.425808518855348	0.631916752962984	426	43	    0.999992	 8.05459e-06	1	    0.998109	  0.00189143	1	    0.998109	  0.00189101	    0.945597	    0.054403
43	-0.529776052226294	0.560677320930532	1.21359120155132	1.52254102456902	-0.563929699491117	427	43	    0.999992	 8.05459e-06	1	    0.617935	    0.382065	1	     0.61794	     0.38206	    0.050568	    0.949432
43	0.553465308590801	0.560677320930532	-0.247989688010855	0.303927309954779	-0.348980386942581	428	43	    0.999992	 8.05459e-06	1	    0.994312	  0.00568848	1	    0.994313	  0.00568733	     0.85201	     0.14799
43	0.932597191833	0.560677320930532	-0.473628685483107	0.369689145006531	2.53207937134145	429	43	    0.999992	 8.05459e-06	1	    0.957899	    0.042101	1	    0.957903	   0.0420967	    0.428352	    0.571648
43	-0.959187425754873	0.560677320930532	-1.18198948479498	0.55724724063904	-0.0530929103511034	430	43	    0.999992	 8.05459e-06	1	    0.998295	  0.00170491	1	    0.998295	  0.00170452	    0.950706	   0.0492938
44	0.117008500511774	0.541524872493457	-1.21089664711863	-0.926496804969672	0.542523714030377	431	44	     0.99967	 0.000329852	1	    0.999613	 0.000386893	1	    0.999617	 0.000383223	    0.988492	   0.0115078
44	-1.1306923096973	0.541524872493457	1.41073414705462	1.04103947029836	0.413084346165318	432	44	     0.99967	 0.000329852	1	    0.490451	    0.509549	2	    0.490602	    0.509398	   0.0307405	     0.96926
44	1.2851853683849	0.541524872493457	-0.691545067372904	2.11506553693887	-0.886897396862436	433	44	     0.99967	 0.000329852	1	    0.979498	   0.0205022	1	    0.979619	   0.0203812	    0.612823	    0.387177
44	0.94263205927153	0.541524872493457	0.995946074579261	-1.31153955633845	0.38227341255148	434	44	     0.99967	 0.000329852	1	    0.981245	   0.0187546	1	     0.98136	   0.0186401	    0.634197	    0.365803
44	-0.308155614418183	0.541524872493457	0.767395224029981	0.301759570447193	0.555649758871505	435	44	     0.99967	 0.000329852	1	    0.909506	   0.0904939	1	    0.909724	    0.090276	    0.249162	    0.750838
44	0.366457214295486	0.541524872493457	2.50705780044369	2.42444863390761	1.10704310586089	436	44	     0.99967	 0.000329852	1	  0.00551694	    0.994483	2	   0.0055187	    0.994481	 0.000182709	    0.999817
44	-0.104441691158944	0.541524872493457	-0.121106582928508	1.5772372169976	0.441169187056153	437	44	     0.99967	 0.000329852	1	    0.923617	   0.0763832	1	    0.923827	   0.0761726	    0.285399	    0.714601
44	0.817293666137356	0.541524872493457	0.932526966371414	0.0148385672198086	-1.01458403669232	438	44	     0.99967	 0.000329852	1	    0.971849	   0.0281513	1	    0.971993	   0.0280067	    0.533338	    0.466662
44	0.864947537121202	0.541524872493457	-1.47971913494515	1.22303344847271	-0.199671815728856	439	44	     0.99967	 0.000329852	1	    0.997894	  0.00210596	1	    0.997913	  0.00208696	    0.940285	   0.0597148
44	0.695364963238229	0.541524872493457	-1.37116443244933	-2.11757431888434	0.249977884227865	440	44	     0.99967	 0.000329852	1	     0.99994	 6.01377e-05	1	     0.99994	 5.95618e-05	    0.998194	  0.00180556
45	-1.49312778568246	1.84282524455263	0.439347516199436	1.20696521659694	-0.188842299492747	441	45	    0.999996	 4.30222e-06	1	    0.909966	   0.0900345	1	    0.909968	   0.0900316	     0.24972	     0.75028
45	0.778385547766617	1.84282524455263	0.453040961375937	0.662352403989179	0.812639363397592	442	45	    0.999996	 4.30222e-06	1	    0.911084	   0.0889163	1	    0.911087	   0.0889134	      0.2523	      0.7477
45	1.01018877472425	1.84282524455263	-0.281335101115636	-0.0442629850522854	1.08963875845417	443	45	    0.999996	 4.30222e-06	1	    0.989615	   0.0103853	1	    0.989616	   0.0103843	    0.758352	    0.241648
45	-0.167711767039119	1.84282524455263	-1.29505166801752	-0.25894483932365	0.318410180105006	444	45	    0.999996	 4.30222e-06	1	    0.999379	 0.000621174	1	    0.999379	 0.000621097	    0.981477	    0.018523
45	-0.262453637174927	1.84282524455263	-0.966489630651524	0.686589846495019	-0.0652738136998639	445	45	    0.999996	 4.30222e-06	1	    0.997042	  0.00295827	1	    0.997042	  0.00295792	    0.917356	   0.0826444
45	0.85849406381751	1.84282524455263	-0.515450721226044	1.23244828541912	1.8497001985408	446	45	    0.999996	 4.30222e-06	1	    0.932981	   0.0670194	1	    0.932983	   0.0670167	    0.314339	    0.685661
45	0.201561218856097	1.84282524455263	1.16651883111341	-1.03456979570349	0.751864714737708	447	45	    0.999996	 4.30222e-06	1	    0.950132	   0.0498683	1	    0.950134	   0.0498659	    0.385542	    0.614458
45	0.31478816945787	1.84282524455263	1.04524726142961	-0.332540610921363	0.911538040583133	448	45	    0.999996	 4.30222e-06	1	    0.904198	   0.0958017	1	    0.904201	   0.0957988	    0.237116	    0.762884
45	1.54036702714926	1.84282524455263	-0.790664927463106	-0.153419603547388	-0.217389920991168	449	45	    0.999996	 4.30222e-06	1	    0.998844	  0.00115636	1	    0.998844	  0.00115622	    0.966042	   0.0339578
45	0.00388952863157808	1.84282524455263	-0.196895831183498	0.324339543107369	-0.838183481723345	450	45	    0.999996	 4.30222e-06	1	    0.995387	  0.00461285	1	    0.995388	  0.00461234	    0.876645	    0.123355
46	-0.0920760524072899	-0.263596494895159	0.661122033845145	0.873467926189518	0.191780742362201	451	46	    0.161718	    0.838282	2	    0.315728	    0.684272	2	    0.887068	    0.112932	    0.205508	    0.794492
46	1.34831185525541	-0.263596494895159	-1.12633725536277	0.421083439655313	0.830436225333504	452	46	    0.161718	    0.838282	2	    0.930423	   0.0695774	1	     0.99705	  0.00294962	    0.917569	   0.0824309
46	-1.47326001414528	-0.263596494895159	0.649926928795997	3.11169992227815	0.608399532424321	453	46	    0.161718	    0.838282	2	   0.0299875	    0.970013	2	    0.154439	    0.845561	  0.00597869	    0.994021
46	1.07948492223888	-0.263596494895159	0.429321856594915	1.90548548767636	0.0457841106859355	454	46	    0.161718	    0.838282	2	     0.20795	     0.79205	2	    0.770319	    0.229681	   0.0994594	    0.900541
46	0.661283350137206	-0.263596494895159	3.87019982091401	1.35692155215144	1.28059073170314	455	46	    0.161718	    0.838282	2	 0.000146059	    0.999854	2	 0.000771394	    0.999229	 2.54213e-05	    0.999975
46	1.29948778611872	-0.263596494895159	0.573721316222907	2.64082771952394	-0.534368938793916	456	46	    0.161718	    0.838282	2	    0.121516	    0.878484	2	    0.550477	    0.449523	   0.0387629	    0.961237
46	0.0969594192646517	-0.263596494895159	0.537149717326747	1.00530049981121	-0.730324758526062	457	46	    0.161718	    0.838282	2	    0.455669	    0.544331	2	    0.944982	   0.0550177	    0.361272	    0.638728
46	0.258211901775098	-0.263596494895159	0.0486195858993556	-0.0839644060760025	-0.289107177606466	458	46	    0.161718	    0.838282	2	    0.857419	    0.142581	1	    0.993357	  0.00664337	    0.831194	    0.168806
46	0.326524323764709	-0.263596494895159	1.73397840496557	2.83488560815381	0.707658303335902	459	46	    0.161718	    0.838282	2	  0.00463402	    0.995366	2	   0.0243908	    0.975609	 0.000822605	    0.999177
46	-1.07577767882435	-0.263596494895159	0.478835608416862	1.50203984929322	0.767495382248226	460	46	    0.161718	    0.838282	2	    0.193069	    0.806931	2	    0.743084	    0.256916	   0.0869625	    0.913037
47	-0.0493156452180575	-0.302411570988747	-0.62145355052132	-0.819167880648558	-1.1971590147286	461	47	    0.999903	 9.71488e-05	1	    0.999631	 0.000368824	1	    0.999632	 0.000367787	    0.988951	   0.0110492
47	-0.347264122795204	-0.302411570988747	-0.413309127610222	0.931273144734221	0.674195529392555	462	47	    0.999903	 9.71488e-05	1	    0.978419	   0.0215812	1	    0.978456	   0.0215444	    0.599289	    0.400711
47	0.166679912204881	-0.302411570988747	-0.0670096589099768	0.185845483799013	-0.381927389576217	463	47	    0.999903	 9.71488e-05	1	    0.993043	  0.00695705	1	    0.993059	  0.00694071	    0.824918	    0.175082
47	-0.42792934800164	-0.302411570988747	-0.187796557923129	-1.31188279900004	-0.90124438300727	464	47	    0.999903	 9.71488e-05	1	    0.999382	 0.000617737	1	    0.999384	 0.000616012	    0.981626	   0.0183741
47	1.5784499184668	-0.302411570988747	1.81761823928074	2.56569140177438	1.58898320799612	465	47	    0.999903	 9.71488e-05	1	   0.0154917	    0.984508	2	   0.0154932	    0.984507	 0.000517958	    0.999482
47	-0.431851785379261	-0.302411570988747	-0.282883812204051	-0.0344076011301899	0.486610218158456	466	47	    0.999903	 9.71488e-05	1	     0.99326	  0.00674009	1	    0.993276	  0.00672418	    0.829479	    0.170521
47	0.735459117285582	-0.302411570988747	-0.242707660589089	1.01782346036601	1.3162958886409	467	47	    0.999903	 9.71488e-05	1	    0.945397	   0.0546034	1	    0.945453	   0.0545469	    0.363373	    0.636627
47	0.169178122107659	-0.302411570988747	-1.29694840077246	-1.6812652375396	0.348813385118963	468	47	    0.999903	 9.71488e-05	1	     0.99988	  0.00011951	1	    0.999881	 0.000119171	    0.996394	  0.00360626
47	-0.394156356122598	-0.302411570988747	2.50444009510047	1.43221281843898	1.69083205451338	469	47	    0.999903	 9.71488e-05	1	   0.0146418	    0.985358	2	   0.0146431	    0.985357	 0.000489132	    0.999511
47	-0.537810487629503	-0.302411570988747	0.431198206392467	-0.920119890435983	-1.08426883283461	470	47	    0.999903	 9.71488e-05	1	    0.996924	   0.0030762	1	    0.996932	  0.00306819	    0.914529	   0.0854707
48	-0.0134281150654519	1.33140515994538	0.540263933967184	0.576165979377482	2.16438101590272	471	48	 0.000552293	    0.999448	2	   0.0876266	    0.912373	2	    0.743807	    0.256193	   0.0872639	    0.912736
48	0.584826081550519	1.33140515994538	2.30149910262766	3.49971933855773	0.572102075214483	472	48	 0.000552293	    0.999448	2	 8.17828e-05	    0.999918	2	   0.0024382	    0.997562	 8.04807e-05	     0.99992
48	0.587429600136785	1.33140515994538	2.30645950119557	2.65467613745445	0.971536232336708	473	48	 0.000552293	    0.999448	2	 0.000235665	    0.999764	2	  0.00699536	    0.993005	  0.00023193	    0.999768
48	0.0199336635194591	1.33140515994538	2.3734141553098	-0.508488636856179	2.31109762800066	474	48	 0.000552293	    0.999448	2	  0.00530557	    0.994694	2	    0.137729	    0.862271	   0.0052324	    0.994768
48	-1.85771128891694	1.33140515994538	1.7590646382804	2.08398114702446	1.47402882240314	475	48	 0.000552293	    0.999448	2	  0.00126471	    0.998735	2	   0.0364806	    0.963519	  0.00124525	    0.998755
48	-0.571398372812276	1.33140515994538	0.909535923816785	-1.57882020191653	0.637425480792321	476	48	 0.000552293	    0.999448	2	    0.686632	    0.313368	1	    0.985182	   0.0148176	    0.686467	    0.313533
48	-0.430589699176195	1.33140515994538	2.71861118545886	1.08071523413157	3.28742993265477	477	48	 0.000552293	    0.999448	2	 0.000111099	    0.999889	2	  0.00330946	    0.996691	 0.000109332	    0.999891
48	-2.02776158897965	1.33140515994538	1.9461630733633	2.20538356736789	0.134068880996638	478	48	 0.000552293	    0.999448	2	  0.00202271	    0.997977	2	   0.0571547	    0.942845	  0.00199225	    0.998008
48	-0.471058713880855	1.33140515994538	2.15305438918141	-0.156393927795675	-0.516077152647529	479	48	 0.000552293	    0.999448	2	    0.055615	    0.944385	2	    0.639942	    0.360058	   0.0552921	    0.944708
48	-0.97075270477653	1.33140515994538	0.958050322501568	0.129039829787012	-0.157166001050777	480	48	 0.000552293	    0.999448	2	    0.319728	    0.680272	2	    0.934427	   0.0655728	    0.319388	    0.680612
49	-0.396804810214481	-0.697266474028607	1.49070999805317	3.07954636591282	1.08958931638537	481	49	 2.11478e-05	    0.999979	2	 0.000686518	    0.999313	2	   0.0204233	    0.979577	   0.0006861	    0.999314
49	0.380121014219796	-0.697266474028607	1.43237748935869	2.78674591586063	0.786483060676631	482	49	 2.11478e-05	    0.999979	2	  0.00166661	    0.998333	2	   0.0482215	    0.951779	  0.00166563	    0.998334
49	0.489869865088417	-0.697266474028607	3.50029980090041	0.988911206336589	-0.395786333054874	483	49	 2.11478e-05	    0.999979	2	  0.00042638	    0.999574	2	     0.01278	     0.98722	 0.000426119	    0.999574
49	0.0883111924528663	-0.697266474028607	1.22823861210429	1.76215312550379	0.856762409667458	484	49	 2.11478e-05	    0.999979	2	   0.0120439	    0.987956	2	    0.270087	    0.729913	   0.0120384	    0.987962
49	-0.367096126365782	-0.697266474028607	0.155532470316294	0.865161979277222	0.722718879052511	485	49	 2.11478e-05	    0.999979	2	    0.330983	    0.669017	2	    0.937588	   0.0624117	    0.330971	    0.669029
49	-0.298811497285238	-0.697266474028607	1.95847890872841	0.58152961225696	0.651878840328215	486	49	 2.11478e-05	    0.999979	2	   0.0141495	     0.98585	2	    0.303454	    0.696546	   0.0141434	    0.985857
49	0.280177206659747	-0.697266474028607	1.74816395580369	0.717820813090251	0.419765543820999	487	49	 2.11478e-05	    0.999979	2	   0.0233369	    0.976663	2	    0.420403	    0.579597	   0.0233285	    0.976672
49	-0.136836173510618	-0.697266474028607	3.11917801363158	0.00866781356878388	1.27493868938533	488	49	 2.11478e-05	    0.999979	2	  0.00108619	    0.998914	2	   0.0319461	    0.968054	  0.00108554	    0.998914
49	-0.956244862971411	-0.697266474028607	0.556302343694588	1.02294339848831	0.31573696519048	489	49	 2.11478e-05	    0.999979	2	     0.18825	     0.81175	2	    0.875647	    0.124353	    0.188236	    0.811764
49	0.479922664951095	-0.697266474028607	1.93190941629894	2.0938905516958	2.35391919610689	490	49	 2.11478e-05	    0.999979	2	 0.000404547	    0.999595	2	   0.0121333	    0.987867	 0.000404299	    0.999596
50	0.848286710939666	-0.0890032200847345	3.03097997427639	0.9962115173834	0.180201734199961	491	50	  0.00241794	    0.997582	2	 0.000968088	    0.999032	2	   0.0267854	    0.973215	 0.000905512	    0.999094
50	2.3996365980559	-0.0890032200847345	2.26418824688034	1.72444284043858	-1.03038004825843	492	50	  0.00241794	    0.997582	2	  0.00563863	    0.994361	2	    0.139586	    0.860414	  0.00531397	    0.994686
50	-0.724513322976177	-0.0890032200847345	2.26323313107329	1.09476590774067	0.394011567466797	493	50	  0.00241794	    0.997582	2	  0.00439726	    0.995603	2	    0.112006	    0.887994	  0.00413644	    0.995864
50	-1.06228743156348	-0.0890032200847345	-0.0637947475265203	1.05827154398766	-0.990973177374557	494	50	  0.00241794	    0.997582	2	     0.68235	     0.31765	1	    0.984851	   0.0151488	    0.681617	    0.318383
50	-1.37834055875169	-0.0890032200847345	0.206351722741228	0.117780953962308	-0.232978142936435	495	50	  0.00241794	    0.997582	2	    0.714163	    0.285837	1	     0.98695	   0.0130503	    0.713501	    0.286499
50	0.752972314697274	-0.0890032200847345	2.42485333042828	1.61520033447968	1.43233198887269	496	50	  0.00241794	    0.997582	2	 0.000629889	     0.99937	2	   0.0175766	    0.982423	 0.000588813	    0.999411
50	0.294057062400605	-0.0890032200847345	1.26566979712805	1.42650528639164	1.14691587319436	497	50	  0.00241794	    0.997582	2	   0.0150329	    0.984967	2	    0.306227	    0.693773	   0.0143271	    0.985673
50	-1.35241990917073	-0.0890032200847345	2.35357593488799	2.7133684749506	-1.33188783585438	498	50	  0.00241794	    0.997582	2	  0.00108612	    0.998914	2	   0.0299627	    0.970037	  0.00101613	    0.998984
50	1.71830405580895	-0.0890032200847345	-0.618447726554261	-0.36194132872867	1.41725250040334	499	50	  0.00241794	    0.997582	2	    0.876708	    0.123292	1	    0.995378	   0.0046219	     0.87642	     0.12358
50	1.22649358683029	-0.0890032200847345	2.48858096334131	2.2347107546227	2.03005478047108	500	50	  0.00241794	    0.997582	2	 0.000126983	    0.999873	2	  0.00358879	    0.996411	 0.000118592	    0.999881
51	0.642848104825484	-1.24627178298827	0.730603495598745	0.593729093593836	-1.22203370817292	501	51	  0.00309099	    0.996909	2	    0.488628	    0.511372	2	    0.966493	   0.0335067	    0.487146	    0.512854
51	0.386991531923528	-1.24627178298827	1.20563816576721	2.8519311047518	1.20556996327855	502	51	  0.00309099	    0.996909	2	   0.0019133	    0.998087	2	   0.0508613	    0.949139	  0.00176153	    0.998238
51	-1.21542614466788	-1.24627178298827	-0.568435782741688	-1.52988577389466	-1.11955021868673	503	51	  0.00309099	    0.996909	2	    0.994024	  0.00597634	1	    0.999801	 0.000198544	    0.994006	  0.00599425
51	0.33585058990439	-1.24627178298827	2.77859810420567	2.5228241558758	2.1781007104664	504	51	  0.00309099	    0.996909	2	 3.44119e-05	    0.999966	2	 0.000957214	    0.999043	 3.15507e-05	    0.999968
51	-0.00550042635373647	-1.24627178298827	1.84315318163181	1.12868732483983	0.88413229645526	505	51	  0.00309099	    0.996909	2	  0.00783012	     0.99217	2	    0.182321	    0.817679	   0.0072891	    0.992711
51	-0.963173057755843	-1.24627178298827	0.189408099166452	0.936581423304742	0.724305232376515	506	51	  0.00309099	    0.996909	2	    0.292205	    0.707795	2	    0.925473	   0.0745269	    0.290241	    0.709759
51	0.400918162004817	-1.24627178298827	0.0971850988705272	1.98126814596554	0.322976042825266	507	51	  0.00309099	    0.996909	2	    0.136707	    0.863293	2	    0.825236	    0.174764	    0.134572	    0.865428
51	0.779323663061871	-1.24627178298827	4.33700230533656	0.273451545258318	2.8922857299696	508	51	  0.00309099	    0.996909	2	 8.39344e-06	    0.999992	2	 0.000233624	    0.999766	 7.69509e-06	    0.999992
51	-0.97300804216558	-1.24627178298827	1.53810307736819	1.75258985799581	-0.945778080865298	509	51	  0.00309099	    0.996909	2	   0.0243139	    0.975686	2	    0.417881	    0.582119	   0.0230936	    0.976906
51	0.0933236883314869	-1.24627178298827	2.54721322077695	1.70293408791599	4.51485792826361	510	51	  0.00309099	    0.996909	2	 2.15305e-05	    0.999978	2	 0.000599091	    0.999401	 1.97398e-05	     0.99998
52	0.588451594717263	1.08053550321365	0.424586597486192	-1.27956877699206	0.181911458878165	511	52	  0.00964068	    0.990359	2	    0.870572	    0.129428	1	    0.995076	  0.00492414	     0.86936	     0.13064
52	-1.31086989173666	1.08053550321365	0.781267320615618	1.43123734232578	1.33504280804861	512	52	  0.00964068	    0.990359	2	   0.0375144	    0.962486	2	    0.508373	    0.491627	   0.0329308	    0.967069
52	-1.68428475441678	1.08053550321365	1.54918509775153	0.82632012374899	2.08785997897493	513	52	  0.00964068	    0.990359	2	  0.00905521	    0.990945	2	    0.183683	    0.816317	   0.0073553	    0.992645
52	0.288111297180478	1.08053550321365	1.07863415843896	1.6607611136961	0.813941401359609	514	52	  0.00964068	    0.990359	2	   0.0237165	    0.976284	2	     0.38501	     0.61499	   0.0201995	    0.979801
52	-1.05455899076762	1.08053550321365	1.24077760906338	0.68837839541798	1.54462734492156	515	52	  0.00964068	    0.990359	2	   0.0331264	    0.966874	2	    0.474123	    0.525877	   0.0288335	    0.971166
52	0.142910531925234	1.08053550321365	2.17004037579536	0.885195317385283	0.964445655964487	516	52	  0.00964068	    0.990359	2	  0.00559876	    0.994401	2	    0.120283	    0.879717	  0.00448237	    0.995518
52	-0.0676249608902056	1.08053550321365	0.411604922216656	0.016100895053602	1.14413882762333	517	52	  0.00964068	    0.990359	2	    0.395927	    0.604073	2	    0.951119	   0.0488814	    0.390523	    0.609477
52	0.57520120726369	1.08053550321365	0.248322646132984	-0.164180393609627	0.906523891166077	518	52	  0.00964068	    0.990359	2	     0.58975	     0.41025	1	    0.977262	   0.0227379	    0.585978	    0.414022
52	-0.366649836220427	1.08053550321365	2.59316041249976	2.01875351756711	2.41490832495242	519	52	  0.00964068	    0.990359	2	 0.000110079	     0.99989	2	  0.00260013	      0.9974	 8.58393e-05	    0.999914
52	-0.269205678719278	1.08053550321365	1.96624233693637	0.930196978673518	1.5937898226933	520	52	  0.00964068	    0.990359	2	  0.00493611	    0.995064	2	    0.107243	    0.892757	   0.0039402	     0.99606
53	0.0852466428055631	-1.02924339144669	1.35835267715505	2.4130965563266	0.0830762624191221	521	53	 0.000108315	    0.999892	2	  0.00619465	    0.993805	2	      0.1588	      0.8412	  0.00617812	    0.993822
53	0.489800548768874	-1.02924339144669	2.27605609594853	-0.384398412528918	1.53592422758418	522	53	 0.000108315	    0.999892	2	   0.0114447	    0.988555	2	    0.259659	    0.740341	   0.0114178	    0.988582
53	-0.446134194331087	-1.02924339144669	1.76480700316549	0.790430544448942	1.30441181466509	523	53	 0.000108315	    0.999892	2	  0.00972947	    0.990271	2	    0.229359	    0.770641	  0.00970568	    0.990294
53	0.486397756272373	-1.02924339144669	-0.832866105281167	0.0979938814314584	0.664614543108889	524	53	 0.000108315	    0.999892	2	    0.915463	   0.0845369	1	    0.996968	  0.00303203	    0.915454	   0.0845457
53	-1.05927555596405	-1.02924339144669	2.39588873342693	2.87924946466707	0.849956228586703	525	53	 0.000108315	    0.999892	2	 0.000136891	    0.999863	2	  0.00412732	    0.995873	 0.000136459	    0.999864
53	-1.85366838327127	-1.02924339144669	1.38926751359094	1.16747372729994	1.15731946322866	526	53	 0.000108315	    0.999892	2	   0.0145961	    0.985404	2	    0.309777	    0.690223	   0.0145642	    0.985436
53	1.0729083520271	-1.02924339144669	-0.0836583575782148	2.09122179157509	0.627737519407593	527	53	 0.000108315	    0.999892	2	    0.132522	    0.867478	2	    0.822571	    0.177429	    0.132447	    0.867553
53	0.691049752329223	-1.02924339144669	2.72977625769228	2.24466509981112	1.21820601280807	528	53	 0.000108315	    0.999892	2	 0.000129615	     0.99987	2	  0.00390876	    0.996091	 0.000129206	    0.999871
53	-0.388306705292615	-1.02924339144669	0.282736134809658	2.13798736183653	-0.0152990160633628	529	53	 0.000108315	    0.999892	2	   0.0954778	    0.904522	2	     0.76206	     0.23794	   0.0954056	    0.904594
53	1.24318879557942	-1.02924339144669	2.28753237808892	1.96792852165644	2.0815057192092	530	53	 0.000108315	    0.999892	2	 0.000277974	    0.999722	2	  0.00834678	    0.991653	   0.0002771	    0.999723
54	2.36720462782934	-2.48436207736129	-0.351659671270507	1.52227351873698	0.352757607899125	531	54	     0.85777	     0.14223	1	    0.887185	    0.112815	1	    0.960528	   0.0394716	    0.444861	    0.555139
54	-0.39286302860649	-2.48436207736129	0.740497257459944	2.19138530053405	-1.0940877596268	532	54	     0.85777	     0.14223	1	    0.620321	    0.379679	1	    0.710765	    0.289235	   0.0748649	    0.925135
54	-1.48938420723816	-2.48436207736129	-1.03204398706021	0.756461202635131	2.21967573645095	533	54	     0.85777	     0.14223	1	    0.928644	   0.0713565	1	    0.980085	   0.0199152	    0.618408	    0.381592
54	0.162124551575562	-2.48436207736129	0.561915798556893	1.04849163580756	0.915044986913876	534	54	     0.85777	     0.14223	1	    0.713066	    0.286934	1	    0.810797	    0.189203	    0.123666	    0.876334
54	-0.633309559286443	-2.48436207736129	1.3012976406801	0.220171994881037	0.874194747778761	535	54	     0.85777	     0.14223	1	    0.633001	    0.366999	1	    0.724732	    0.275268	    0.079783	    0.920217
54	0.324218033161675	-2.48436207736129	0.474705440217097	-0.139350896214325	-0.286562317953529	536	54	     0.85777	     0.14223	1	    0.942209	   0.0577905	1	    0.985017	   0.0149827	    0.684041	    0.315959
54	-0.691599439424785	-2.48436207736129	-0.646897680078973	0.34180470508012	0.623819170287219	537	54	     0.85777	     0.14223	1	    0.972806	    0.027194	1	    0.993996	  0.00600376	     0.84501	     0.15499
54	0.689481019023514	-2.48436207736129	1.89548407193376	3.46420875190739	1.17828793161868	538	54	     0.85777	     0.14223	1	   0.0035489	    0.996451	2	   0.0041148	    0.995885	 0.000136044	    0.999864
54	-0.590274064975518	-2.48436207736129	0.705186120466464	0.0607169011567854	-0.836997965695749	539	54	     0.85777	     0.14223	1	     0.92427	   0.0757299	1	    0.978352	   0.0216481	     0.59811	     0.40189
54	-0.520341611161788	-2.48436207736129	2.26549293957927	0.57447044768947	1.42499176788757	540	54	     0.85777	     0.14223	1	   0.0859519	    0.914048	2	    0.099602	    0.900398	  0.00362955	     0.99637
55	-0.532519091001606	-0.943208445737806	0.286845560439544	-2.13835159759462	0.435242098334139	541	55	  0.00731246	    0.992688	2	    0.947046	    0.052954	1	    0.998148	  0.00185169	     0.94667	   0.0533304
55	-0.710889476138421	-0.943208445737806	2.29508054616628	3.48061358170823	-0.462286870402921	542	55	  0.00731246	    0.992688	2	 0.000218744	    0.999781	2	  0.00544477	    0.994555	 0.000180248	     0.99982
55	1.30575079358959	-0.943208445737806	3.41146460700959	2.22641845243363	2.65985277619529	543	55	  0.00731246	    0.992688	2	 8.21733e-06	    0.999992	2	 0.000205389	    0.999795	  6.7649e-06	    0.999993
55	1.16907176685805	-0.943208445737806	0.939883367492633	2.42797237918187	1.69979621171185	544	55	  0.00731246	    0.992688	2	  0.00497833	    0.995022	2	    0.113101	    0.886899	  0.00418186	    0.995818
55	-0.511558969145026	-0.943208445737806	0.311696070067877	1.0559722797607	1.20199413257355	545	55	  0.00731246	    0.992688	2	    0.159548	    0.840452	2	    0.847288	    0.152712	    0.154482	    0.845518
55	-1.6632192566308	-0.943208445737806	1.73170505309434	2.44492603865891	-0.0239596380873857	546	55	  0.00731246	    0.992688	2	  0.00309325	    0.996907	2	   0.0728191	    0.927181	  0.00257963	     0.99742
55	0.523754815786741	-0.943208445737806	1.41381444186429	0.438671395523588	1.87721271404523	547	55	  0.00731246	    0.992688	2	   0.0244465	    0.975554	2	    0.402079	    0.597921	   0.0216647	    0.978335
55	0.353773357996775	-0.943208445737806	1.67454840344745	2.1308048630918	2.73904276684527	548	55	  0.00731246	    0.992688	2	 0.000585946	    0.999414	2	   0.0144798	     0.98552	 0.000483599	    0.999516
55	-2.21399779724769	-0.943208445737806	-0.348582094153687	1.41918991420371	0.738909824621851	549	55	  0.00731246	    0.992688	2	    0.373557	    0.626443	2	    0.946762	   0.0532375	    0.369335	    0.630665
55	1.35862053941622	-0.943208445737806	-1.22146439597966	1.40582233165784	0.311665758739737	550	55	  0.00731246	    0.992688	2	    0.837924	    0.162076	1	    0.993618	  0.00638245	    0.836777	    0.163223
56	0.565785094559681	1.36884571512641	2.11049444246755	0.646613308990792	-1.41967025276482	551	56	    0.999708	 0.000291644	1	    0.573233	    0.426767	1	    0.573388	    0.426612	   0.0423843	    0.957616
56	-0.989394823410963	1.36884571512641	-0.315956776441677	0.131255210731207	1.86847045691192	552	56	    0.999708	 0.000291644	1	    0.974891	   0.0251094	1	    0.975011	    0.024989	    0.562338	    0.437662
56	-0.514423702635443	1.36884571512641	-0.0565177067610501	-0.479936661962204	-0.151784290171446	553	56	    0.999708	 0.000291644	1	     0.99625	   0.0037501	1	    0.996279	  0.00372147	    0.898124	    0.101876
56	1.27068000397177	1.36884571512641	1.42860859162545	-1.40724231019237	0.185431270559042	554	56	    0.999708	 0.000291644	1	    0.963214	   0.0367858	1	     0.96336	   0.0366402	    0.464043	    0.535957
56	-0.456358779193403	1.36884571512641	1.15524482815696	-0.254969651484534	0.658748757108596	555	56	    0.999708	 0.000291644	1	    0.889349	    0.110651	1	    0.889547	    0.110453	    0.209617	    0.790383
56	0.30432080547894	1.36884571512641	0.570964013609086	0.242072904780165	-1.34196014806842	556	56	    0.999708	 0.000291644	1	    0.985805	   0.0141952	1	    0.985889	   0.0141109	    0.697039	    0.302961
56	0.877246389607381	1.36884571512641	2.40960490108804	2.38649238290897	0.905093508331743	557	56	    0.999708	 0.000291644	1	  0.00888892	    0.991111	2	  0.00889142	    0.991109	 0.000295338	    0.999705
56	0.48418096284552	1.36884571512641	0.193476881867247	1.67014262635259	-0.679012455072833	558	56	    0.999708	 0.000291644	1	    0.929588	   0.0704119	1	    0.929771	   0.0702293	    0.303606	    0.696394
56	0.0510160544854377	1.36884571512641	0.647272865887272	-1.09649543817897	-0.323851902843084	559	56	    0.999708	 0.000291644	1	    0.993221	  0.00677947	1	    0.993268	  0.00673166	    0.829321	    0.170679
56	-0.721449753520729	1.36884571512641	-1.3801425463556	0.0536049808871986	-0.379706061107006	560	56	    0.999708	 0.000291644	1	    0.999526	  0.00047398	1	     0.99953	 0.000470011	    0.985921	   0.0140785
57	0.158305081243136	-0.766401105406382	3.00195460303612	-0.020716987644487	0.875371342007202	561	57	 3.59678e-06	    0.999996	2	  0.00213248	    0.997868	2	    0.060935	    0.939065	  0.00213227	    0.997868
57	-1.05356622245978	-0.766401105406382	1.43072932098144	3.6272108106145	0.787501882409542	562	57	 3.59678e-06	    0.999996	2	  0.00039279	    0.999607	2	   0.0117906	    0.988209	 0.000392749	    0.999607
57	-0.313435630849566	-0.766401105406382	3.48162269110778	-1.14756572019599	0.797773609120169	563	57	 3.59678e-06	    0.999996	2	   0.0026023	    0.997398	2	   0.0734071	    0.926593	  0.00260205	    0.997398
57	-0.918254420377	-0.766401105406382	2.66790606069811	1.11634666214418	1.05386926904954	564	57	 3.59678e-06	    0.999996	2	 0.000876418	    0.999124	2	   0.0259438	    0.974056	 0.000876328	    0.999124
57	0.327673556470823	-0.766401105406382	0.82305491769527	-0.721910048312091	-0.789372508191924	565	57	 3.59678e-06	    0.999996	2	    0.752373	    0.247627	1	    0.989278	   0.0107222	    0.752372	    0.247628
57	-0.254613559148126	-0.766401105406382	2.44627316334872	1.21336569556022	0.828556370927312	566	57	 3.59678e-06	    0.999996	2	  0.00161157	    0.998388	2	   0.0467228	    0.953277	  0.00161141	    0.998389
57	-0.324152542216606	-0.766401105406382	3.53702211925097	1.17694570550172	1.8277700135486	567	57	 3.59678e-06	    0.999996	2	 4.72865e-05	    0.999953	2	  0.00143381	    0.998566	 4.72815e-05	    0.999953
57	-0.985071758363549	-0.766401105406382	1.7466019419372	0.683554236590188	3.35674619866022	568	57	 3.59678e-06	    0.999996	2	  0.00177224	    0.998228	2	   0.0511505	    0.948849	  0.00177207	    0.998228
57	-1.01183865993222	-0.766401105406382	2.46102276654202	1.60779336892771	2.03296187416408	569	57	 3.59678e-06	    0.999996	2	  0.00030412	    0.999696	2	  0.00915253	    0.990847	 0.000304088	    0.999696
57	-0.347239096971863	-0.766401105406382	1.00004000656215	2.37325371651299	0.38639820135762	570	57	 3.59678e-06	    0.999996	2	   0.0113119	    0.988688	2	    0.257836	    0.742164	    0.011311	    0.988689
58	0.587202295944685	-1.07259353934018	0.0573901512068745	0.0446718868034176	-0.250375444786705	571	58	  0.00500605	    0.994994	2	    0.801951	    0.198049	1	    0.991885	  0.00811506	    0.800996	    0.199004
58	0.56052692270309	-1.07259353934018	1.91227429763235	2.06829128598324	0.92465245336106	572	58	  0.00500605	    0.994994	2	  0.00175063	    0.998249	2	   0.0446036	    0.955396	  0.00153503	    0.998465
58	0.841965716304573	-1.07259353934018	1.54521816205139	0.885775069163553	2.17503418613786	573	58	  0.00500605	    0.994994	2	  0.00768876	    0.992311	2	    0.173294	    0.826706	  0.00685556	    0.993144
58	-0.807640222550223	-1.07259353934018	3.45654645919367	2.06752085943989	-0.627987235087553	574	58	  0.00500605	    0.994994	2	 0.000127859	    0.999872	2	  0.00337546	    0.996625	  0.00011152	    0.999888
58	-0.751527255189147	-1.07259353934018	3.61883970043734	1.68072176178547	1.20521151767504	575	58	  0.00500605	    0.994994	2	 3.56198e-05	    0.999964	2	 0.000942286	    0.999058	 3.10582e-05	    0.999969
58	-1.1668734065569	-1.07259353934018	1.07109464631003	-1.77472578209813	1.98832675366798	576	58	  0.00500605	    0.994994	2	    0.373257	    0.626743	2	    0.946986	    0.053014	     0.37037	     0.62963
58	0.719457534940605	-1.07259353934018	1.68932534060333	-0.850703832280339	0.193065367112608	577	58	  0.00500605	    0.994994	2	    0.200691	    0.799309	2	     0.88183	     0.11817	    0.197264	    0.802736
58	1.49682118761137	-1.07259353934018	1.00902853250075	-2.00271120130773	0.686212083736866	578	58	  0.00500605	    0.994994	2	    0.741106	    0.258894	1	    0.988554	    0.011446	    0.739861	    0.260139
58	-0.568685912932841	-1.07259353934018	1.87232069896192	2.47468286440646	-0.186328330633792	579	58	  0.00500605	    0.994994	2	  0.00237056	    0.997629	2	   0.0595984	    0.940402	  0.00208264	    0.997917
58	-1.99624821897755	-1.07259353934018	1.80066432187982	1.73300332996951	0.189466785626594	580	58	  0.00500605	    0.994994	2	  0.00617222	    0.993828	2	    0.143385	    0.856615	  0.00548187	    0.994518
59	-0.394769157370008	-1.55422665656395	0.625659305836271	1.22414310385772	-1.65982664366987	581	59	    0.999035	 0.000964809	1	     0.95085	   0.0491499	1	     0.95139	   0.0486101	    0.391916	    0.608084
59	0.476662730949372	-1.55422665656395	1.08018712404559	-0.747669343161602	1.36171777563114	582	59	    0.999035	 0.000964809	1	    0.908253	    0.091747	1	    0.908891	   0.0911087	    0.247278	    0.752722
59	-0.177023479158177	-1.55422665656395	-0.46242085268093	0.80350123204288	0.71374768680321	583	59	    0.999035	 0.000964809	1	      0.9828	   0.0171996	1	    0.983115	   0.0168852	    0.657221	    0.342779
59	2.43435651240395	-1.55422665656395	3.65814526975629	3.08343490041554	1.2679152422293	584	59	    0.999035	 0.000964809	1	  9.8801e-05	    0.999901	2	 9.88933e-05	    0.999901	 3.25691e-06	    0.999997
59	1.28719472166079	-1.55422665656395	0.700314074110231	-1.39261910282267	1.99728414901595	585	59	    0.999035	 0.000964809	1	    0.965524	   0.0344758	1	     0.96599	   0.0340101	    0.483291	    0.516709
59	0.865526005826306	-1.55422665656395	-0.467356743804601	-1.13911911142723	-1.19855931960338	586	59	    0.999035	 0.000964809	1	    0.999658	   0.0003423	1	    0.999667	 0.000332961	    0.989987	   0.0100131
59	0.320435906305173	-1.55422665656395	-0.185913426734877	-1.56460176836916	0.563810162392648	587	59	    0.999035	 0.000964809	1	    0.998576	  0.00142359	1	    0.998614	  0.00138591	     0.95956	     0.04044
59	0.39445423648442	-1.55422665656395	0.91597445356878	-1.12748119569485	0.83689515228478	588	59	    0.999035	 0.000964809	1	    0.971512	   0.0284879	1	    0.971936	   0.0280643	    0.532812	    0.467188
59	0.140886507958351	-1.55422665656395	1.01841854545567	1.67989988056872	1.3757525369312	589	59	    0.999035	 0.000964809	1	    0.301357	    0.698643	2	    0.301635	    0.698365	   0.0140237	    0.985976
59	-0.513228288497245	-1.55422665656395	-1.80634179122405	-2.00429158448763	0.0946832672408562	590	59	    0.999035	 0.000964809	1	    0.999971	 2.87478e-05	1	    0.999972	 2.79564e-05	    0.999152	 0.000848255
60	-0.201689036220147	-1.05031924469389	0.870900695578889	1.86451158646892	1.29020263577584	591	60	   0.0190964	    0.980904	2	   0.0215343	    0.978466	2	    0.325206	    0.674794	   0.0156223	    0.984378
60	1.32940985599107	-1.05031924469389	0.338884091954379	-0.575657942734326	0.356882456953769	592	60	   0.0190964	    0.980904	2	    0.761529	    0.238471	1	    0.989545	   0.0104552	     0.75709	     0.24291
60	-0.266937572991758	-1.05031924469389	1.815713524257	1.89019689763727	1.57655476366083	593	60	   0.0190964	    0.980904	2	  0.00217167	    0.997828	2	   0.0411787	    0.958821	  0.00141227	    0.998588
60	0.0342391660359851	-1.05031924469389	1.25386353905064	0.330553967761701	0.642190141928587	594	60	   0.0190964	    0.980904	2	    0.106069	    0.893931	2	    0.757741	    0.242259	   0.0933819	    0.906618
60	-1.44226202079552	-1.05031924469389	3.14435093187724	1.49036197299753	2.82184149358125	595	60	   0.0190964	    0.980904	2	 4.96168e-05	     0.99995	2	 0.000964779	    0.999035	 3.18003e-05	    0.999968
60	0.729021888879946	-1.05031924469389	1.42898070687233	0.145420918428939	0.503691576620723	596	60	   0.0190964	    0.980904	2	    0.104536	    0.895464	2	    0.754453	    0.245547	   0.0918835	    0.908117
60	0.409919552211082	-1.05031924469389	1.66338500820405	1.19638393966605	-2.03115507235829	597	60	   0.0190964	    0.980904	2	   0.0924885	    0.907511	2	    0.725753	    0.274247	     0.08016	     0.91984
60	0.964353947872095	-1.05031924469389	-1.81725380545853	-1.04029482457902	0.790524302160514	598	60	   0.0190964	    0.980904	2	    0.996089	  0.00391084	1	    0.999868	 0.000131716	    0.996016	  0.00398441
60	0.602916932111166	-1.05031924469389	2.07292726896844	1.41919704284207	0.772886871405181	599	60	   0.0190964	    0.980904	2	  0.00475014	     0.99525	2	   0.0873533	    0.912647	  0.00314201	    0.996858
60	-0.246190998349906	-1.05031924469389	0.428795568795529	0.911414251105909	1.2400218637093	600	60	   0.0190964	    0.980904	2	    0.159023	    0.840977	2	    0.838272	    0.161728	      0.1458	      0.8542
