g	browse	lectures	forum_read	forum_post	attendance	id	g	GClass#1	GClass#2	GClass#	Cluster#1	Cluster#2	Cluster#	joint2_1_1	joint2_1_2	joint2_2_1	joint2_2_2
1	0.73	-0.08	0.3	0.67	0.72	1	1	    0.999985	 1.47299e-05	1	 0.000443621	    0.999556	2	 0.000443627	    0.999556	 2.48384e-05	    0.999975
1	0.68	0.53	-0.02	-0.55	0.7	2	1	    0.999985	 1.47299e-05	1	   0.0148536	    0.985146	2	   0.0148538	    0.985146	 0.000843131	    0.999157
1	-1.51	-0.51	-0.91	-0.8	-0.97	3	1	    0.999985	 1.47299e-05	1	    0.999998	 2.42065e-06	1	    0.999998	 2.42005e-06	    0.999957	 4.32398e-05
1	0.64	-1.02	-1.62	-1.2	-1.26	4	1	    0.999985	 1.47299e-05	1	    0.999996	  3.8632e-06	1	    0.999996	 3.86224e-06	    0.999931	 6.90061e-05
1	-0.94	-0.37	-0.71	-0.28	-1.52	5	1	    0.999985	 1.47299e-05	1	    0.999994	 5.74912e-06	1	    0.999994	  5.7477e-06	    0.999897	  0.00010269
1	-0.36	-0.46	-0.77	-0.43	-1.34	6	1	    0.999985	 1.47299e-05	1	    0.999977	 2.27764e-05	1	    0.999977	 2.27707e-05	    0.999593	 0.000406711
1	0.38	-1.85	-0.84	-1.09	-1.12	7	1	    0.999985	 1.47299e-05	1	    0.999977	 2.30083e-05	1	    0.999977	 2.30026e-05	    0.999589	 0.000410851
1	-1.44	0.66	-0.67	-1.67	-1	8	1	    0.999985	 1.47299e-05	1	    0.999989	 1.10661e-05	1	    0.999989	 1.10634e-05	    0.999802	 0.000197643
1	-0.76	-0.43	-1.04	-0.69	-1.37	9	1	    0.999985	 1.47299e-05	1	    0.999998	 2.17348e-06	1	    0.999998	 2.17294e-06	    0.999961	 3.88247e-05
1	0.26	-0.95	-0.51	-1.89	-1.45	10	1	    0.999985	 1.47299e-05	1	     0.99999	 9.51019e-06	1	     0.99999	 9.50783e-06	     0.99983	 0.000169859
1	-0.89	0.29	-0.5	-1.74	-1.06	11	1	    0.999985	 1.47299e-05	1	    0.999978	 2.23022e-05	1	    0.999978	 2.22967e-05	    0.999602	 0.000398247
1	-1.15	-1.27	-0.8	-0.65	-0.36	12	1	    0.999985	 1.47299e-05	1	    0.999946	 5.38993e-05	1	    0.999946	  5.3886e-05	    0.999038	  0.00096196
1	-0.19	-1.4	-0.9	-1.25	-0.77	13	1	    0.999985	 1.47299e-05	1	    0.999979	  2.0616e-05	1	    0.999979	 2.06109e-05	    0.999632	 0.000368148
2	-2.6	-0.84	0.08	-0.84	-1.24	14	2	           1	 6.39102e-08	1	    0.999998	 1.78937e-06	1	    0.999998	 1.78936e-06	    0.999968	 3.19714e-05
2	-1.53	-0.7	-1.12	-0.83	-1.33	15	2	           1	 6.39102e-08	1	           1	 2.13526e-07	1	           1	 2.13526e-07	    0.999996	 3.81527e-06
2	-0.29	-0.14	-0.24	-0.42	-0.26	16	2	           1	 6.39102e-08	1	    0.979008	   0.0209924	1	    0.979008	   0.0209923	    0.722996	    0.277004
2	-0.26	-0.76	-0.44	-1.52	-1.04	17	2	           1	 6.39102e-08	1	    0.999967	 3.28149e-05	1	    0.999967	 3.28149e-05	    0.999414	 0.000586012
2	-2.41	0.41	-1.79	-1.79	-2.29	18	2	           1	 6.39102e-08	1	           1	  1.9183e-10	1	           1	 1.91829e-10	           1	 3.42761e-09
2	-0.51	-1.3	0.06	-0.88	-1.83	19	2	           1	 6.39102e-08	1	    0.999993	 6.90141e-06	1	    0.999993	  6.9014e-06	    0.999877	   0.0001233
2	-0.7	-0.11	-0.43	-0.41	-2.12	20	2	           1	 6.39102e-08	1	    0.999998	 2.42683e-06	1	    0.999998	 2.42682e-06	    0.999957	 4.33607e-05
2	-0.82	-0.02	-1.17	0.1	-0.46	21	2	           1	 6.39102e-08	1	    0.999404	  0.00059566	1	    0.999404	 0.000595659	    0.989463	   0.0105374
2	-1.15	-0.57	-1.36	0.26	-0.87	22	2	           1	 6.39102e-08	1	    0.999978	 2.21194e-05	1	    0.999978	 2.21193e-05	    0.999605	 0.000395081
2	-0.65	-1.06	-0.97	0.09	-1.91	23	2	           1	 6.39102e-08	1	    0.999999	 1.12865e-06	1	    0.999999	 1.12864e-06	     0.99998	 2.01663e-05
2	-0.61	-0.45	-2.09	-0.66	-1.72	24	2	           1	 6.39102e-08	1	           1	 4.71603e-08	1	           1	 4.71602e-08	    0.999999	 8.42659e-07
2	-1.74	0.24	-1.69	-0.61	-1.43	25	2	           1	 6.39102e-08	1	           1	 1.17147e-07	1	           1	 1.17147e-07	    0.999998	 2.09317e-06
2	-1.56	-0.61	-1.54	-0.09	-0.9	26	2	           1	 6.39102e-08	1	    0.999998	 1.91829e-06	1	    0.999998	 1.91829e-06	    0.999966	 3.42749e-05
3	1.42	0.13	0.49	-0.22	0.91	27	3	  6.0051e-10	           1	2	 7.34439e-06	    0.999993	2	 0.000131213	    0.999869	 7.34439e-06	    0.999993
3	-0.3	1.06	0.47	1.23	-0.45	28	3	  6.0051e-10	           1	2	 0.000306906	    0.999693	2	  0.00545556	    0.994544	 0.000306906	    0.999693
3	0.52	1.07	-0.52	1.42	0.41	29	3	  6.0051e-10	           1	2	 2.24933e-05	    0.999978	2	 0.000401758	    0.999598	 2.24933e-05	    0.999978
3	1.11	1.25	0.39	1.4	0.37	30	3	  6.0051e-10	           1	2	  1.4945e-07	           1	2	 2.67036e-06	    0.999997	  1.4945e-07	           1
3	1.73	-0.19	0.71	-1.14	0.89	31	3	  6.0051e-10	           1	2	 1.39537e-05	    0.999986	2	 0.000249266	    0.999751	 1.39537e-05	    0.999986
3	1.07	0.85	0.85	-0.18	0.39	32	3	  6.0051e-10	           1	2	 8.04694e-06	    0.999992	2	 0.000143763	    0.999856	 8.04694e-06	    0.999992
3	0.58	-0.19	-0.67	0.03	0.53	33	3	  6.0051e-10	           1	2	   0.0190309	    0.980969	2	    0.257412	    0.742588	   0.0190309	    0.980969
3	0.84	0.27	0.04	0.83	1.18	34	3	  6.0051e-10	           1	2	 2.39468e-06	    0.999998	2	 4.27864e-05	    0.999957	 2.39468e-06	    0.999998
3	0.41	-1.22	0	1.13	-0.17	35	3	  6.0051e-10	           1	2	  0.00576926	    0.994231	2	    0.093943	    0.906057	  0.00576926	    0.994231
3	-0.29	1.45	0.26	0.11	-0.11	36	3	  6.0051e-10	           1	2	  0.00224641	    0.997754	2	   0.0386735	    0.961327	  0.00224641	    0.997754
3	-0.14	-0.61	0.4	-0.33	0.59	37	3	  6.0051e-10	           1	2	  0.00747682	    0.992523	2	    0.118634	    0.881366	  0.00747682	    0.992523
3	-0.61	0.83	-0.04	-0.11	0.24	38	3	  6.0051e-10	           1	2	   0.0256327	    0.974367	2	    0.319753	    0.680247	   0.0256327	    0.974367
3	0.18	-1.05	-0.09	0.6	1.41	39	3	  6.0051e-10	           1	2	 9.46471e-05	    0.999905	2	  0.00168846	    0.998312	 9.46471e-05	    0.999905
3	0.71	-0.01	1.3	1	1.11	40	3	  6.0051e-10	           1	2	 2.14053e-08	           1	2	  3.8247e-07	           1	 2.14053e-08	           1
4	1.77	0.79	-0.11	0.55	1.51	41	4	 1.32743e-09	           1	2	 7.77292e-08	           1	2	 1.38886e-06	    0.999999	 7.77292e-08	           1
4	-0.36	-0.74	0.71	0.68	0.06	42	4	 1.32743e-09	           1	2	  0.00241354	    0.997586	2	   0.0414381	    0.958562	  0.00241354	    0.997586
4	0.42	1.81	0.93	-0.21	0.89	43	4	 1.32743e-09	           1	2	 3.38182e-07	           1	2	  6.0426e-06	    0.999994	 3.38182e-07	           1
4	0.45	0.63	0.51	0.54	0.88	44	4	 1.32743e-09	           1	2	 4.53023e-06	    0.999995	2	   8.094e-05	    0.999919	 4.53023e-06	    0.999995
4	-0.11	-0.38	1.23	1.15	0.5	45	4	 1.32743e-09	           1	2	 2.87113e-06	    0.999997	2	 5.12988e-05	    0.999949	 2.87113e-06	    0.999997
4	0.33	0.9	-0.05	0.74	-0.57	46	4	 1.32743e-09	           1	2	  0.00657494	    0.993425	2	    0.105752	    0.894248	  0.00657494	    0.993425
4	1.2	0.62	0.5	0.78	-0.17	47	4	 1.32743e-09	           1	2	 2.72801e-05	    0.999973	2	 0.000487216	    0.999513	 2.72801e-05	    0.999973
4	0.23	0.95	1.57	1.07	0.48	48	4	 1.32743e-09	           1	2	 3.36301e-08	           1	2	 6.00902e-07	    0.999999	 3.36301e-08	           1
4	0.33	-0.21	0.94	0.58	0.58	49	4	 1.32743e-09	           1	2	 1.38339e-05	    0.999986	2	 0.000247127	    0.999753	 1.38339e-05	    0.999986
4	-0.36	0.9	0.89	0.87	1.48	50	4	 1.32743e-09	           1	2	 9.63724e-08	           1	2	 1.72198e-06	    0.999998	 9.63724e-08	           1
4	0.59	1.86	0.7	-0.57	0.59	51	4	 1.32743e-09	           1	2	 4.00317e-06	    0.999996	2	 7.15239e-05	    0.999928	 4.00317e-06	    0.999996
4	0.89	1.19	-0.47	-0.18	0.46	52	4	 1.32743e-09	           1	2	 0.000684323	    0.999316	2	    0.012088	    0.987912	 0.000684323	    0.999316
4	1.63	0.87	-0.3	0.3	0.21	53	4	 1.32743e-09	           1	2	 9.41729e-05	    0.999906	2	  0.00168001	     0.99832	 9.41729e-05	    0.999906
5	0.05	0.17	-1.22	-0.11	0.32	54	5	    0.999999	 1.24818e-06	1	    0.928265	   0.0717348	1	    0.928266	   0.0717342	    0.420027	    0.579973
5	0.21	-2.06	-0.62	-1.06	-0.66	55	5	    0.999999	 1.24818e-06	1	    0.999801	 0.000198829	1	    0.999801	 0.000198824	    0.996459	  0.00354072
5	0.34	-0.91	-0.58	-0.94	0.4	56	5	    0.999999	 1.24818e-06	1	    0.940494	    0.059506	1	    0.940495	   0.0595055	     0.46937	     0.53063
5	-1.13	-0.35	-0.4	-0.99	-0.13	57	5	    0.999999	 1.24818e-06	1	    0.999197	 0.000803366	1	    0.999197	 0.000803349	    0.985838	   0.0141623
5	-0.79	-0.27	-1.06	-1.43	-0.81	58	5	    0.999999	 1.24818e-06	1	    0.999993	 7.28625e-06	1	    0.999993	 7.28609e-06	     0.99987	 0.000130172
5	-0.86	0.07	-0.11	-1.6	0.5	59	5	    0.999999	 1.24818e-06	1	     0.95585	   0.0441504	1	     0.95585	   0.0441499	    0.547853	    0.452147
5	-0.66	-1.8	-1.84	-1.29	-1.69	60	5	    0.999999	 1.24818e-06	1	           1	  9.3166e-09	1	           1	  9.3164e-09	           1	 1.66465e-07
5	0.09	-1.39	0.18	1.27	-0.61	61	5	    0.999999	 1.24818e-06	1	    0.322415	    0.677585	2	    0.322415	    0.677585	   0.0259395	    0.974061
5	-1.35	-1.53	-1.23	-1.52	-2.12	62	5	    0.999999	 1.24818e-06	1	           1	 1.62851e-09	1	           1	 1.62848e-09	           1	 2.90977e-08
5	-0.8	-0.41	-0.78	-0.43	-2.02	63	5	    0.999999	 1.24818e-06	1	    0.999999	 5.65518e-07	1	    0.999999	 5.65506e-07	     0.99999	 1.01044e-05
5	-0.35	-0.66	-0.94	-0.11	-1.19	64	5	    0.999999	 1.24818e-06	1	    0.999959	 4.09812e-05	1	    0.999959	 4.09803e-05	    0.999268	 0.000731731
5	-0.56	-0.75	-0.51	-0.81	-0.7	65	5	    0.999999	 1.24818e-06	1	    0.999848	 0.000151925	1	    0.999848	 0.000151922	    0.997292	  0.00270761
5	-0.53	-2.09	-0.79	-0.41	-0.4	66	5	    0.999999	 1.24818e-06	1	    0.999799	 0.000200709	1	    0.999799	 0.000200705	    0.996426	  0.00357409
5	-1.25	-0.07	-0.02	-0.01	-0.66	67	5	    0.999999	 1.24818e-06	1	    0.996798	  0.00320234	1	    0.996798	  0.00320227	    0.945714	   0.0542859
6	0.53	2.83	0.76	-0.97	1.47	68	6	   0.0198403	     0.98016	2	 1.08185e-08	           1	2	 1.44834e-07	           1	 8.10579e-09	           1
6	-0.02	-0.21	-0.74	-0.93	-0.39	69	6	   0.0198403	     0.98016	2	    0.975081	   0.0249189	1	    0.998544	  0.00145609	    0.974606	   0.0253938
6	-1.33	-2.25	-1.79	-1.46	-1.53	70	6	   0.0198403	     0.98016	2	           1	 5.87634e-08	1	           1	 3.35152e-09	           1	  5.9885e-08
6	-0.96	-0.84	-1.59	-1.82	-1.55	71	6	   0.0198403	     0.98016	2	           1	 3.15804e-07	1	           1	 1.80116e-08	           1	 3.21831e-07
6	0.25	-0.05	0.6	1.06	-0.1	72	6	   0.0198403	     0.98016	2	 0.000256025	    0.999744	2	  0.00341943	    0.996581	 0.000191991	    0.999808
6	0.98	0.73	1.4	2.34	0.41	73	6	   0.0198403	     0.98016	2	 1.78121e-10	           1	2	 2.38461e-09	           1	 1.33457e-10	           1
6	1.52	0.44	1.42	1.01	1.11	74	6	   0.0198403	     0.98016	2	 8.77972e-10	           1	2	  1.1754e-08	           1	 6.57821e-10	           1
6	0.46	0.28	-0.49	-0.35	-0.74	75	6	   0.0198403	     0.98016	2	     0.76506	     0.23494	1	    0.982695	   0.0173054	    0.760654	    0.239346
6	0.33	-0.07	-1.39	-1.07	-1	76	6	   0.0198403	     0.98016	2	    0.999316	 0.000684012	1	    0.999961	 3.90377e-05	    0.999303	 0.000697068
6	0.41	-0.54	0.55	0.09	-0.81	77	6	   0.0198403	     0.98016	2	    0.118747	    0.881253	2	    0.682391	    0.317609	    0.107338	    0.892662
6	1.68	2.33	0.33	1.18	1.09	78	6	   0.0198403	     0.98016	2	 2.89094e-10	           1	2	 3.87028e-09	           1	 2.16604e-10	           1
6	0.12	-0.03	2.21	0.44	1.24	79	6	   0.0198403	     0.98016	2	 5.07429e-09	           1	2	 6.79327e-08	           1	 3.80192e-09	           1
7	1.13	1.21	0.64	0.66	1.14	80	7	  1.1232e-09	           1	2	 2.97869e-08	           1	2	 5.32232e-07	    0.999999	 2.97869e-08	           1
7	-1.69	-0.83	0.56	0.82	-0.13	81	7	  1.1232e-09	           1	2	    0.109542	    0.890458	2	    0.687313	    0.312687	    0.109542	    0.890458
7	1.26	-0.98	0.82	0.08	-0.29	82	7	  1.1232e-09	           1	2	 0.000899155	    0.999101	2	   0.0158261	    0.984174	 0.000899155	    0.999101
7	1.05	-0.69	2.23	0.92	0.02	83	7	  1.1232e-09	           1	2	 3.11458e-08	           1	2	 5.56513e-07	    0.999999	 3.11458e-08	           1
7	-0.66	1.26	0.79	0.76	0.68	84	7	  1.1232e-09	           1	2	 5.30013e-06	    0.999995	2	 9.46943e-05	    0.999905	 5.30013e-06	    0.999995
7	0.16	-0.88	-0.7	0.61	-0.2	85	7	  1.1232e-09	           1	2	    0.364122	    0.635878	2	    0.910967	   0.0890333	    0.364122	    0.635878
7	0.46	1.41	0.66	-0.37	0.53	86	7	  1.1232e-09	           1	2	 1.87591e-05	    0.999981	2	 0.000335081	    0.999665	 1.87591e-05	    0.999981
7	1.99	0.35	0.25	1.49	-0.84	87	7	  1.1232e-09	           1	2	 1.83492e-05	    0.999982	2	 0.000327762	    0.999672	 1.83492e-05	    0.999982
7	0.29	-0.08	0.39	0.83	0.79	88	7	  1.1232e-09	           1	2	   2.281e-05	    0.999977	2	 0.000407413	    0.999593	   2.281e-05	    0.999977
7	0.01	-0.46	0.02	1.47	-0.08	89	7	  1.1232e-09	           1	2	  0.00120175	    0.998798	2	   0.0210462	    0.978954	  0.00120175	    0.998798
7	1.24	1.43	1.12	0.35	1.27	90	7	  1.1232e-09	           1	2	 2.39475e-09	           1	2	 4.27894e-08	           1	 2.39475e-09	           1
7	-0.02	1.41	1.6	1.13	0.77	91	7	  1.1232e-09	           1	2	 4.13402e-09	           1	2	 7.38667e-08	           1	 4.13402e-09	           1
7	1.17	0.68	-0.43	1.91	0.89	92	7	  1.1232e-09	           1	2	 1.36437e-07	           1	2	 2.43785e-06	    0.999998	 1.36437e-07	           1
7	0.41	0.16	1.45	0.53	0.67	93	7	  1.1232e-09	           1	2	 4.99536e-07	           1	2	 8.92564e-06	    0.999991	 4.99536e-07	           1
7	1.03	-0.43	0.46	0.93	0.73	94	7	  1.1232e-09	           1	2	 4.17542e-06	    0.999996	2	 7.46011e-05	    0.999925	 4.17542e-06	    0.999996
8	1.38	-0.01	-0.33	-0.82	0.2	95	8	    0.998933	  0.00106729	1	    0.215861	    0.784139	2	    0.216075	    0.783925	   0.0151917	    0.984808
8	-0.05	-0.06	0.12	-0.04	-1.42	96	8	    0.998933	  0.00106729	1	    0.996586	  0.00341369	1	    0.996643	  0.00335669	    0.943237	   0.0567634
8	-2.7	-1.57	-1.75	-1.92	-1.34	97	8	    0.998933	  0.00106729	1	           1	 4.39925e-10	1	           1	 4.32145e-10	           1	 7.72158e-09
8	-1.67	-0.15	-1.6	-1.62	-0.76	98	8	    0.998933	  0.00106729	1	           1	 2.96975e-07	1	           1	 2.91723e-07	    0.999995	 5.21248e-06
8	-1.19	-1.1	-0.44	-0.7	-0.9	99	8	    0.998933	  0.00106729	1	    0.999981	 1.87347e-05	1	    0.999982	 1.84035e-05	    0.999671	 0.000328732
8	-0.29	-1.07	-0.83	-0.42	0.3	100	8	    0.998933	  0.00106729	1	    0.990183	  0.00981737	1	    0.990331	  0.00966915	    0.851459	    0.148541
8	-1.82	-1.13	-1.32	-0.83	-1.64	101	8	    0.998933	  0.00106729	1	           1	 1.24832e-08	1	           1	 1.22624e-08	           1	 2.19105e-07
8	-1.39	-1.38	-0.67	-0.34	-0.63	102	8	    0.998933	  0.00106729	1	    0.999971	 2.91671e-05	1	    0.999971	 2.86516e-05	    0.999488	   0.0005117
8	-1.61	-0.2	-0.58	-0.66	-1.19	103	8	    0.998933	  0.00106729	1	    0.999995	 4.72405e-06	1	    0.999995	 4.64052e-06	    0.999917	 8.29103e-05
8	0.19	-1.45	-1.37	-1.16	-1.04	104	8	    0.998933	  0.00106729	1	    0.999995	 4.72418e-06	1	    0.999995	 4.64064e-06	    0.999917	 8.29125e-05
8	-0.87	-1.27	0.05	-0.67	-0.18	105	8	    0.998933	  0.00106729	1	    0.996181	  0.00381875	1	    0.996245	  0.00375541	    0.936896	   0.0631042
8	1.43	-0.43	1.33	0.83	2.05	106	8	    0.998933	  0.00106729	1	 3.13532e-09	           1	2	 3.13848e-09	           1	 1.75648e-10	           1
8	-0.12	2.11	0.83	0.55	0.16	107	8	    0.998933	  0.00106729	1	  3.7794e-05	    0.999962	2	 3.78321e-05	    0.999962	 2.11739e-06	    0.999998
8	0.64	-0.75	0.63	-0.09	-0.29	108	8	    0.998933	  0.00106729	1	    0.173706	    0.826294	2	    0.173879	    0.826121	   0.0116424	    0.988358
9	1.91	0.33	0.55	1.32	1.09	109	9	 4.30912e-10	           1	2	 4.48715e-09	           1	2	 8.01764e-08	           1	 4.48715e-09	           1
9	0.35	1.77	-0.08	-0.08	0.56	110	9	 4.30912e-10	           1	2	 7.44089e-05	    0.999926	2	  0.00132787	    0.998672	 7.44089e-05	    0.999926
9	0.53	-1.27	0.05	-0.45	0.48	111	9	 4.30912e-10	           1	2	   0.0227127	    0.977287	2	    0.293417	    0.706583	   0.0227127	    0.977287
9	-0.25	0.79	1.36	0.1	0.82	112	9	 4.30912e-10	           1	2	 1.93271e-06	    0.999998	2	 3.45325e-05	    0.999965	 1.93271e-06	    0.999998
9	-0.27	1.52	1.09	0.47	0.18	113	9	 4.30912e-10	           1	2	 6.10487e-06	    0.999994	2	 0.000109071	    0.999891	 6.10487e-06	    0.999994
9	-1.55	-0.36	2	0.83	0.47	114	9	 4.30912e-10	           1	2	 5.66159e-06	    0.999994	2	 0.000101152	    0.999899	 5.66159e-06	    0.999994
9	1.34	0.6	0.99	1.15	1.7	115	9	 4.30912e-10	           1	2	 2.66256e-10	           1	2	 4.75747e-09	           1	 2.66256e-10	           1
9	-0.84	1.49	-0.27	0.65	1.46	116	9	 4.30912e-10	           1	2	 1.41214e-05	    0.999986	2	 0.000252262	    0.999748	 1.41214e-05	    0.999986
9	-0.38	-0.12	0.53	0.55	-0.3	117	9	 4.30912e-10	           1	2	   0.0152249	    0.984775	2	    0.216451	    0.783549	   0.0152249	    0.984775
9	0.06	1.17	1.73	1.91	0.67	118	9	 4.30912e-10	           1	2	  2.3077e-10	           1	2	  4.1234e-09	           1	  2.3077e-10	           1
9	0.49	2.1	1.41	0.7	0.44	119	9	 4.30912e-10	           1	2	 7.34783e-09	           1	2	 1.31291e-07	           1	 7.34783e-09	           1
9	-0.15	1.04	0.9	0.74	1	120	9	 4.30912e-10	           1	2	 4.85713e-07	           1	2	 8.67866e-06	    0.999991	 4.85713e-07	           1
9	0.31	-1.21	0.53	0.98	0.24	121	9	 4.30912e-10	           1	2	  0.00028885	    0.999711	2	  0.00513615	    0.994864	  0.00028885	    0.999711
9	0.22	0.93	1.08	0.21	-0.36	122	9	 4.30912e-10	           1	2	 0.000169632	     0.99983	2	  0.00302235	    0.996978	 0.000169632	     0.99983
10	0.37	-0.45	-1.35	-0.81	-0.84	123	10	    0.999998	 1.56493e-06	1	    0.999918	 8.24778e-05	1	    0.999918	 8.24756e-05	    0.998528	  0.00147163
10	-0.37	0.84	-0.45	0.11	-0.73	124	10	    0.999998	 1.56493e-06	1	    0.972901	   0.0270992	1	    0.972901	   0.0270988	    0.667696	    0.332304
10	-2.26	-0.48	-0.64	-0.95	-0.64	125	10	    0.999998	 1.56493e-06	1	    0.999996	 3.96359e-06	1	    0.999996	 3.96349e-06	    0.999929	 7.08149e-05
10	-1.19	-0.01	-1.27	-1.61	-1.82	126	10	    0.999998	 1.56493e-06	1	           1	 3.33492e-08	1	           1	 3.33483e-08	    0.999999	 5.95867e-07
10	-1.3	0.41	-0.31	-1.67	-1.17	127	10	    0.999998	 1.56493e-06	1	    0.999985	 1.52045e-05	1	    0.999985	 1.52041e-05	    0.999728	 0.000271598
10	-1.09	0.4	-1.39	-0.6	-1.34	128	10	    0.999998	 1.56493e-06	1	    0.999998	  1.9957e-06	1	    0.999998	 1.99565e-06	    0.999964	 3.56571e-05
10	-1.82	1.43	-2.57	-1.01	-0.42	129	10	    0.999998	 1.56493e-06	1	    0.999994	 5.55645e-06	1	    0.999994	 5.55631e-06	    0.999901	 9.92708e-05
10	-0.77	0.4	-0.49	-0.4	-0.84	130	10	    0.999998	 1.56493e-06	1	    0.999258	 0.000741915	1	    0.999258	 0.000741896	    0.986908	   0.0130924
10	-0.99	-1.07	-1.12	-0.54	-0.47	131	10	    0.999998	 1.56493e-06	1	    0.999973	 2.68103e-05	1	    0.999973	 2.68096e-05	    0.999521	 0.000478818
10	0.25	-0.05	-1.07	-0.64	-0.74	132	10	    0.999998	 1.56493e-06	1	    0.999484	   0.0005162	1	    0.999484	 0.000516187	    0.990856	  0.00914362
10	-0.95	-1.25	-1.62	-1.22	-1.52	133	10	    0.999998	 1.56493e-06	1	           1	 2.62505e-08	1	           1	 2.62498e-08	           1	 4.69031e-07
10	0.01	1.34	0.75	-0.29	0.78	134	10	    0.999998	 1.56493e-06	1	 0.000237595	    0.999762	2	 0.000237596	    0.999762	 1.33003e-05	    0.999987
10	1.36	0.11	0.42	-0.31	0.95	135	10	    0.999998	 1.56493e-06	1	 0.000219136	    0.999781	2	 0.000219136	    0.999781	 1.22667e-05	    0.999988
10	-0.37	-0.89	-0.36	-1.53	0.12	136	10	    0.999998	 1.56493e-06	1	     0.99658	  0.00341953	1	    0.996581	  0.00341944	    0.942233	   0.0577667
10	-1.18	-0.69	-0.24	-0.46	-1.63	137	10	    0.999998	 1.56493e-06	1	    0.999995	 4.81799e-06	1	    0.999995	 4.81786e-06	    0.999914	 8.60786e-05
11	-0.4	0.18	-0.75	-0.69	-2.35	138	11	 5.59164e-08	           1	2	    0.999989	 1.07583e-05	1	    0.999999	 6.02102e-07	    0.999989	 1.07583e-05
11	-0.19	-0.04	2.14	0.18	0.9	139	11	 5.59164e-08	           1	2	 1.01796e-07	           1	2	 1.81888e-06	    0.999998	 1.01796e-07	           1
11	0.43	1.67	0.06	1.32	1.52	140	11	 5.59164e-08	           1	2	 1.03949e-08	           1	2	 1.85736e-07	           1	 1.03949e-08	           1
11	-0.94	0.27	1.15	-0.12	0.27	141	11	 5.59164e-08	           1	2	  0.00117208	    0.998828	2	   0.0205367	    0.979463	  0.00117208	    0.998828
11	0.02	0.58	0.99	2.08	0.71	142	11	 5.59164e-08	           1	2	 1.15812e-08	           1	2	 2.06933e-07	           1	 1.15812e-08	           1
11	0.94	1.01	0.24	0.45	0.58	143	11	 5.59164e-08	           1	2	 7.83545e-06	    0.999992	2	 0.000139985	     0.99986	 7.83545e-06	    0.999992
11	0.44	0.58	-0.48	-0.64	0.08	144	11	 5.59164e-08	           1	2	    0.101356	    0.898644	2	    0.668358	    0.331642	    0.101356	    0.898644
11	0.8	0.72	0.55	0.71	1.13	145	11	 5.59164e-08	           1	2	 2.72626e-07	           1	2	 4.87126e-06	    0.999995	 2.72626e-07	           1
11	0.41	2.23	1.2	-0.47	1.19	146	11	 5.59164e-08	           1	2	 1.50189e-08	           1	2	 2.68357e-07	           1	 1.50188e-08	           1
11	1.46	-0.62	0.59	-1.05	1.62	147	11	 5.59164e-08	           1	2	 3.32919e-06	    0.999997	2	 5.94826e-05	    0.999941	 3.32918e-06	    0.999997
11	0.32	0.63	0.34	1.22	0.72	148	11	 5.59164e-08	           1	2	 2.43558e-06	    0.999998	2	 4.35171e-05	    0.999956	 2.43557e-06	    0.999998
11	0.85	0.28	-0.15	0.98	2.41	149	11	 5.59164e-08	           1	2	 1.42341e-08	           1	2	 2.54335e-07	           1	 1.42341e-08	           1
11	0.27	0.49	0.92	1.2	0.68	150	11	 5.59164e-08	           1	2	 4.21425e-07	           1	2	 7.52997e-06	    0.999992	 4.21425e-07	           1
12	1.81	2.22	1.28	0.71	1.71	151	12	 0.000967206	    0.999033	2	 1.38038e-12	           1	2	 2.42688e-11	           1	 1.35823e-12	           1
12	0.12	-0.42	0.11	-0.61	0.77	152	12	 0.000967206	    0.999033	2	  0.00841835	    0.991582	2	    0.130099	    0.869901	  0.00830055	    0.991699
12	-0.57	0.38	-0.54	0.35	-0.15	153	12	 0.000967206	    0.999033	2	    0.341355	    0.658645	2	    0.902325	   0.0976747	    0.340812	    0.659188
12	0.34	-0.63	1.55	2.16	0.66	154	12	 0.000967206	    0.999033	2	 2.56938e-09	           1	2	 4.51728e-08	           1	 2.52814e-09	           1
12	-1.19	-0.36	-1.59	-1.27	-1.66	155	12	 0.000967206	    0.999033	2	           1	 4.22599e-07	1	           1	 2.36728e-08	           1	 4.22985e-07
12	-0.33	-2.26	-0.49	-0.96	-0.7	156	12	 0.000967206	    0.999033	2	     0.99852	  0.00147959	1	    0.999917	 8.29983e-05	    0.998519	  0.00148094
12	-1.09	-1.94	-1.42	-1.87	-1.47	157	12	 0.000967206	    0.999033	2	           1	 2.36096e-07	1	           1	 1.32254e-08	           1	 2.36312e-07
12	-1.83	0.54	-0.27	-0.21	-1.11	158	12	 0.000967206	    0.999033	2	    0.997964	  0.00203557	1	    0.999886	 0.000114247	    0.997963	  0.00203743
12	-1.26	-0.44	-1.01	-1.78	-1.04	159	12	 0.000967206	    0.999033	2	    0.999988	  1.1577e-05	1	    0.999999	  6.4852e-07	    0.999988	 1.15876e-05
12	-0.01	-0.62	-0.22	1.02	0.02	160	12	 0.000967206	    0.999033	2	   0.0129601	     0.98704	2	    0.187986	    0.812014	   0.0127907	    0.987209
12	0.89	0.27	-0.17	0.36	-0.1	161	12	 0.000967206	    0.999033	2	  0.00424858	    0.995751	2	    0.069848	    0.930152	  0.00418507	    0.995815
12	0.83	0.76	0.84	0.9	2.21	162	12	 0.000967206	    0.999033	2	  3.7023e-10	           1	2	 6.50908e-09	           1	 3.64287e-10	           1
12	1.26	2.17	0.61	-1.35	1.14	163	12	 0.000967206	    0.999033	2	 1.53984e-07	           1	2	 2.70721e-06	    0.999997	 1.51512e-07	           1
12	0.49	1.03	0.73	1.18	1.08	164	12	 0.000967206	    0.999033	2	 3.52345e-08	           1	2	 6.19464e-07	    0.999999	 3.46689e-08	           1
12	-0.42	0.53	0.49	1.92	0.25	165	12	 0.000967206	    0.999033	2	 4.12397e-06	    0.999996	2	 7.24994e-05	    0.999928	 4.05778e-06	    0.999996
13	0.75	0.36	0.5	1.5	1.46	166	13	 4.01326e-06	    0.999996	2	 1.13382e-08	           1	2	 2.02576e-07	           1	 1.13374e-08	           1
13	0.69	0.48	0.84	1.07	2.15	167	13	 4.01326e-06	    0.999996	2	 6.60798e-10	           1	2	 1.18063e-08	           1	 6.60753e-10	           1
13	1.28	-0.86	0.59	1.35	0.1	168	13	 4.01326e-06	    0.999996	2	 6.60984e-06	    0.999993	2	 0.000118084	    0.999882	  6.6094e-06	    0.999993
13	0.99	-0.17	0.77	0.98	0.86	169	13	 4.01326e-06	    0.999996	2	  4.3242e-07	           1	2	  7.7259e-06	    0.999992	 4.32391e-07	           1
13	0.45	-0.58	0.84	-0.47	-0.92	170	13	 4.01326e-06	    0.999996	2	    0.168824	    0.831176	2	     0.78398	     0.21602	    0.168822	    0.831178
13	0.02	0.71	0.88	0.91	-0.01	171	13	 4.01326e-06	    0.999996	2	 2.89475e-05	    0.999971	2	 0.000516946	    0.999483	 2.89455e-05	    0.999971
13	0.55	-0.8	2.19	3.02	0.93	172	13	 4.01326e-06	    0.999996	2	   3.468e-13	           1	2	  6.1962e-12	           1	 3.46776e-13	           1
13	1.29	1.06	0.52	1.72	0.96	173	13	 4.01326e-06	    0.999996	2	 2.04739e-09	           1	2	 3.65803e-08	           1	 2.04725e-09	           1
13	0.22	1.2	-0.32	0.22	0.43	174	13	 4.01326e-06	    0.999996	2	 0.000845394	    0.999155	2	   0.0148922	    0.985108	 0.000845338	    0.999155
13	-1.47	0.48	-1.57	-0.85	-1.31	175	13	 4.01326e-06	    0.999996	2	    0.999992	 8.07165e-06	1	           1	 4.51742e-07	    0.999992	 8.07168e-06
13	-0.33	-1.07	-0.11	-0.83	-0.31	176	13	 4.01326e-06	    0.999996	2	    0.939501	   0.0604985	1	    0.996409	  0.00359096	    0.939501	   0.0604988
13	0.08	0.23	0.45	0.21	1.65	177	13	 4.01326e-06	    0.999996	2	 3.01605e-06	    0.999997	2	 5.38844e-05	    0.999946	 3.01585e-06	    0.999997
13	-0.19	0.99	1.46	1.39	1.69	178	13	 4.01326e-06	    0.999996	2	 2.55528e-10	           1	2	 4.56547e-09	           1	 2.55511e-10	           1
13	0.97	-1.16	-0.47	0.29	-1	179	13	 4.01326e-06	    0.999996	2	    0.764927	    0.235073	1	    0.983092	   0.0169084	    0.764926	    0.235074
14	-1.01	-0.67	-0.75	1.27	0.96	180	14	 0.000488326	    0.999512	2	  0.00626852	    0.993731	2	    0.100621	    0.899379	  0.00622242	    0.993778
14	-0.67	1.09	0.27	0.2	0.52	181	14	 0.000488326	    0.999512	2	 0.000717904	    0.999282	2	    0.012573	    0.987427	 0.000712112	    0.999288
14	-0.54	0.12	2.09	0.22	1.56	182	14	 0.000488326	    0.999512	2	 1.23566e-08	           1	2	 2.18984e-07	           1	 1.22557e-08	           1
14	1.27	-1.36	0.66	0.54	0.97	183	14	 0.000488326	    0.999512	2	  3.3395e-06	    0.999997	2	 5.91795e-05	    0.999941	 3.31222e-06	    0.999997
14	1.06	-0.03	0.52	1.63	0.8	184	14	 0.000488326	    0.999512	2	 9.21308e-08	           1	2	 1.63274e-06	    0.999998	 9.13781e-08	           1
14	-0.29	-0.86	-1.4	-1.02	-0.95	185	14	 0.000488326	    0.999512	2	    0.999927	 7.31984e-05	1	    0.999996	 4.09879e-06	    0.999927	 7.32321e-05
14	-0.91	-1.27	0.22	-0.52	-0.07	186	14	 0.000488326	    0.999512	2	    0.799423	    0.200577	1	    0.986145	   0.0138553	    0.799332	    0.200668
14	1.24	0.93	0.05	0.51	0.55	187	14	 0.000488326	    0.999512	2	 8.54567e-06	    0.999991	2	 0.000151425	    0.999849	 8.47587e-06	    0.999992
14	-1.9	-0.21	-1.25	-0.59	-1.16	188	14	 0.000488326	    0.999512	2	    0.999993	 7.44988e-06	1	           1	 4.17135e-07	    0.999993	 7.45331e-06
14	-0.2	-0.34	-1.14	-0.48	-0.38	189	14	 0.000488326	    0.999512	2	    0.989921	   0.0100788	1	     0.99943	 0.000569752	    0.989917	   0.0100834
14	1.46	0.36	1.33	0.77	1.67	190	14	 0.000488326	    0.999512	2	 2.85443e-10	           1	2	 5.05864e-09	           1	 2.83111e-10	           1
14	-0.22	0.17	-0.05	0.88	0.37	191	14	 0.000488326	    0.999512	2	  0.00134564	    0.998654	2	   0.0233267	    0.976673	   0.0013349	    0.998665
15	-1.53	-0.59	0.11	-0.85	-0.63	192	15	 1.79686e-05	    0.999982	2	    0.995421	  0.00457864	1	    0.999743	 0.000257365	    0.995421	  0.00457872
15	-0.19	-2.07	-1.41	-0.54	-0.82	193	15	 1.79686e-05	    0.999982	2	    0.999831	 0.000169011	1	    0.999991	 9.46052e-06	    0.999831	 0.000169014
15	-0.3	0	0.22	-1.64	-0.14	194	15	 1.79686e-05	    0.999982	2	    0.627522	    0.372478	1	    0.967848	   0.0321524	    0.627516	    0.372484
15	0.9	-0.35	0.51	1.17	-0.02	195	15	 1.79686e-05	    0.999982	2	 4.20375e-05	    0.999958	2	 0.000750367	     0.99925	 4.20247e-05	    0.999958
15	1.68	3.1	2.21	0.17	1.99	196	15	 1.79686e-05	    0.999982	2	 1.49828e-15	           1	2	 2.67632e-14	           1	 1.49783e-15	           1
15	0.99	-0.99	-0.55	0.35	0.62	197	15	 1.79686e-05	    0.999982	2	  0.00356123	    0.996439	2	   0.0600101	     0.93999	  0.00356021	     0.99644
15	1.75	0.83	1.57	0.39	1.69	198	15	 1.79686e-05	    0.999982	2	 4.82949e-11	           1	2	 8.62673e-10	           1	 4.82803e-11	           1
15	1.61	1	0.84	1.07	1.47	199	15	 1.79686e-05	    0.999982	2	 3.71444e-10	           1	2	 6.63496e-09	           1	 3.71332e-10	           1
15	0.93	0.4	-0.5	0.82	0.51	200	15	 1.79686e-05	    0.999982	2	 0.000177618	    0.999822	2	  0.00316325	    0.996837	 0.000177565	    0.999822
15	0.38	0.37	1.07	0.18	0.79	201	15	 1.79686e-05	    0.999982	2	 3.44677e-06	    0.999997	2	 6.15646e-05	    0.999938	 3.44572e-06	    0.999997
15	0.23	0.02	1.08	0.92	1.35	202	15	 1.79686e-05	    0.999982	2	 8.51021e-08	           1	2	 1.52014e-06	    0.999998	 8.50763e-08	           1
15	0.76	0.48	0.64	0.51	-0.11	203	15	 1.79686e-05	    0.999982	2	 0.000114541	    0.999885	2	  0.00204206	    0.997958	 0.000114507	    0.999885
15	0.58	0.46	-0.73	1.42	-0.42	204	15	 1.79686e-05	    0.999982	2	  0.00448355	    0.995516	2	   0.0744599	     0.92554	  0.00448229	    0.995518
15	-1.06	-0.06	-0.94	-0.08	-0.1	205	15	 1.79686e-05	    0.999982	2	    0.968156	   0.0318441	1	    0.998163	  0.00183745	    0.968155	   0.0318446
16	1.56	0.73	-0.66	1.13	0.6	206	16	 1.31794e-10	           1	2	 7.05098e-06	    0.999993	2	 0.000125972	    0.999874	 7.05098e-06	    0.999993
16	-0.03	0.85	0.59	-0.56	0.62	207	16	 1.31794e-10	           1	2	 0.000319466	    0.999681	2	  0.00567763	    0.994322	 0.000319466	    0.999681
16	0.73	1.67	1.27	0.38	0.33	208	16	 1.31794e-10	           1	2	 1.13328e-07	           1	2	 2.02495e-06	    0.999998	 1.13328e-07	           1
16	0.68	0.09	0.61	-0.32	0.4	209	16	 1.31794e-10	           1	2	  0.00034648	    0.999654	2	  0.00615494	    0.993845	  0.00034648	    0.999654
16	0.08	0	-0.17	1.92	0.56	210	16	 1.31794e-10	           1	2	 1.12216e-05	    0.999989	2	 0.000200469	      0.9998	 1.12216e-05	    0.999989
16	0.36	-1.04	0.26	-0.77	0.16	211	16	 1.31794e-10	           1	2	    0.085677	    0.914323	2	    0.626074	    0.373926	    0.085677	    0.914323
16	0.36	1.05	-0.24	1.61	1.09	212	16	 1.31794e-10	           1	2	 3.57891e-07	           1	2	 6.39476e-06	    0.999994	 3.57891e-07	           1
16	1.77	1.86	0.94	1.75	1.38	213	16	 1.31794e-10	           1	2	 1.78946e-12	           1	2	 3.19741e-11	           1	 1.78946e-12	           1
16	1.43	0.02	0.95	1.95	-0.51	214	16	 1.31794e-10	           1	2	 3.19958e-07	           1	2	 5.71697e-06	    0.999994	 3.19958e-07	           1
16	0.97	-0.73	0.78	0.81	0.27	215	16	 1.31794e-10	           1	2	 1.93954e-05	    0.999981	2	 0.000346443	    0.999654	 1.93954e-05	    0.999981
16	0.49	0.33	0.41	0.36	1.54	216	16	 1.31794e-10	           1	2	 1.14618e-06	    0.999999	2	 2.04796e-05	     0.99998	 1.14618e-06	    0.999999
16	-0.07	0.88	0.83	0.05	0.93	217	16	 1.31794e-10	           1	2	 7.90497e-06	    0.999992	2	 0.000141227	    0.999859	 7.90497e-06	    0.999992
16	1.09	0.75	2.02	0.97	1.56	218	16	 1.31794e-10	           1	2	 9.84779e-12	           1	2	  1.7596e-10	           1	 9.84779e-12	           1
16	1.93	0.87	1.23	0.27	1.25	219	16	 1.31794e-10	           1	2	 1.21166e-09	           1	2	   2.165e-08	           1	 1.21166e-09	           1
16	2.02	-0.09	0.84	0.22	1.7	220	16	 1.31794e-10	           1	2	 5.49996e-09	           1	2	 9.82732e-08	           1	 5.49996e-09	           1
17	-0.64	1.38	0.95	1.25	0.89	221	17	 1.72552e-09	           1	2	 1.41005e-07	           1	2	 2.51948e-06	    0.999997	 1.41005e-07	           1
17	0.82	2.02	0.65	1.3	1.38	222	17	 1.72552e-09	           1	2	 2.74445e-10	           1	2	 4.90378e-09	           1	 2.74444e-10	           1
17	0.94	-0.32	1.6	-0.3	1.02	223	17	 1.72552e-09	           1	2	 2.90718e-07	           1	2	 5.19452e-06	    0.999995	 2.90718e-07	           1
17	0.23	0.45	0.12	1.01	0.24	224	17	 1.72552e-09	           1	2	 0.000160906	    0.999839	2	  0.00286729	    0.997133	 0.000160906	    0.999839
17	-0.25	1.43	1.12	1.04	0.86	225	17	 1.72552e-09	           1	2	 5.84461e-08	           1	2	 1.04431e-06	    0.999999	 5.84461e-08	           1
17	0.91	0.07	0.11	-0.25	-0.25	226	17	 1.72552e-09	           1	2	   0.0180905	     0.98191	2	    0.247666	    0.752334	   0.0180905	     0.98191
17	1.93	0.21	0.37	1.24	0.3	227	17	 1.72552e-09	           1	2	 4.06841e-07	           1	2	  7.2694e-06	    0.999993	 4.06841e-07	           1
17	0.23	-0.83	-0.2	0.86	0.27	228	17	 1.72552e-09	           1	2	  0.00525755	    0.994742	2	   0.0862895	    0.913711	  0.00525755	    0.994742
17	-0.23	-0.16	0.87	-0.65	0.4	229	17	 1.72552e-09	           1	2	    0.003103	    0.996897	2	   0.0526867	    0.947313	    0.003103	    0.996897
17	0.28	0.3	0.04	0.49	0.36	230	17	 1.72552e-09	           1	2	 0.000838637	    0.999161	2	   0.0147758	    0.985224	 0.000838637	    0.999161
17	-0.15	0.47	1.27	-0.94	0.55	231	17	 1.72552e-09	           1	2	  0.00013298	    0.999867	2	  0.00237076	    0.997629	  0.00013298	    0.999867
17	0.28	0	1.14	2.01	0.52	232	17	 1.72552e-09	           1	2	 2.79871e-08	           1	2	 5.00073e-07	    0.999999	 2.79871e-08	           1
17	0.4	-0.34	0.19	1.13	1.79	233	17	 1.72552e-09	           1	2	 2.84188e-07	           1	2	 5.07784e-06	    0.999995	 2.84188e-07	           1
18	1.15	1.07	1.39	0.17	0.58	234	18	 3.43859e-07	           1	2	 6.55971e-08	           1	2	 1.17208e-06	    0.999999	 6.55968e-08	           1
18	1.27	0.8	0.2	1.97	-0.04	235	18	 3.43859e-07	           1	2	 3.12142e-07	           1	2	  5.5773e-06	    0.999994	  3.1214e-07	           1
18	-0.68	-1.66	-0.62	-1.67	-0.69	236	18	 3.43859e-07	           1	2	    0.999789	  0.00021062	1	    0.999988	 1.17899e-05	    0.999789	 0.000210621
18	0.91	1.58	0.53	-0.04	1.41	237	18	 3.43859e-07	           1	2	 7.38249e-08	           1	2	 1.31909e-06	    0.999999	 7.38245e-08	           1
18	0.52	0.14	1.68	1.62	0.62	238	18	 3.43859e-07	           1	2	 3.39789e-09	           1	2	 6.07131e-08	           1	 3.39787e-09	           1
18	0.23	0.82	-0.42	-0.06	0.68	239	18	 3.43859e-07	           1	2	  0.00205344	    0.997947	2	   0.0354624	    0.964538	  0.00205343	    0.997947
18	0.48	1.04	0.21	1.18	1.43	240	18	 3.43859e-07	           1	2	 6.37624e-08	           1	2	  1.1393e-06	    0.999999	  6.3762e-08	           1
18	0.18	0.2	0.15	1.9	0.73	241	18	 3.43859e-07	           1	2	 1.02695e-06	    0.999999	2	 1.83491e-05	    0.999982	 1.02695e-06	    0.999999
18	-0.56	1.02	0.57	-0.55	0.79	242	18	 3.43859e-07	           1	2	 0.000383945	    0.999616	2	  0.00681614	    0.993184	 0.000383943	    0.999616
18	0.99	-0.23	0.7	-0.8	-1.03	243	18	 3.43859e-07	           1	2	    0.150476	    0.849524	2	    0.759901	    0.240099	    0.150476	    0.849524
18	0.03	0.93	-0.83	1.34	0.96	244	18	 3.43859e-07	           1	2	 3.74506e-05	    0.999963	2	 0.000668742	    0.999331	 3.74504e-05	    0.999963
18	1.53	1.72	1.74	0.62	1.57	245	18	 3.43859e-07	           1	2	 3.48075e-12	           1	2	 6.21936e-11	           1	 3.48073e-12	           1
19	1.57	0.01	1.18	-0.31	0.23	246	19	 2.30581e-05	    0.999977	2	 6.74789e-06	    0.999993	2	 0.000120511	    0.999879	 6.74527e-06	    0.999993
19	-1.08	-0.27	-0.52	-0.44	-0.31	247	19	 2.30581e-05	    0.999977	2	    0.984179	   0.0158213	1	    0.999101	 0.000898898	    0.984178	   0.0158216
19	1.82	-0.55	1.5	0.38	0.26	248	19	 2.30581e-05	    0.999977	2	 2.61371e-07	           1	2	 4.66835e-06	    0.999995	  2.6127e-07	           1
19	0.25	0.58	0.05	0.09	0.27	249	19	 2.30581e-05	    0.999977	2	  0.00227918	    0.997721	2	   0.0392026	    0.960797	  0.00227833	    0.997722
19	-1.05	1.72	0.87	1.16	0.42	250	19	 2.30581e-05	    0.999977	2	 1.98012e-06	    0.999998	2	 3.53658e-05	    0.999965	 1.97935e-06	    0.999998
19	-0.41	0.53	0.62	0.15	0.56	251	19	 2.30581e-05	    0.999977	2	 0.000319463	    0.999681	2	  0.00567539	    0.994325	  0.00031934	    0.999681
19	0.02	-1.42	0.23	-0.33	-0.43	252	19	 2.30581e-05	    0.999977	2	    0.601907	    0.398093	1	    0.964305	   0.0356951	    0.601899	    0.398101
19	0.06	0.62	1.14	0.42	0.12	253	19	 2.30581e-05	    0.999977	2	 2.79203e-05	    0.999972	2	 0.000498452	    0.999502	 2.79095e-05	    0.999972
19	0.16	0.55	0.55	0.74	0.65	254	19	 2.30581e-05	    0.999977	2	 1.28372e-05	    0.999987	2	 0.000229237	    0.999771	 1.28323e-05	    0.999987
19	-0.16	-1.06	1.18	0.71	1.12	255	19	 2.30581e-05	    0.999977	2	 2.91288e-06	    0.999997	2	 5.20246e-05	    0.999948	 2.91175e-06	    0.999997
19	1.85	0.79	1.51	0.65	1.5	256	19	 2.30581e-05	    0.999977	2	 5.45738e-11	           1	2	 9.74747e-10	           1	 5.45526e-11	           1
19	0.56	0.74	-0.08	-1.09	0.13	257	19	 2.30581e-05	    0.999977	2	    0.025737	    0.974263	2	    0.320601	    0.679399	   0.0257302	     0.97427
19	-0.57	-1.59	-0.49	-1.73	-0.99	258	19	 2.30581e-05	    0.999977	2	    0.999881	 0.000119159	1	    0.999993	 6.66974e-06	    0.999881	 0.000119162
19	-1.67	0.84	-2	-1.78	-1.58	259	19	 2.30581e-05	    0.999977	2	           1	 3.70496e-07	1	           1	 2.07356e-08	           1	 3.70504e-07
20	-0.95	-0.53	-2.52	-1.89	-1.68	260	20	  0.00247542	    0.997525	2	           1	 3.04909e-08	1	           1	 1.71045e-09	           1	 3.05623e-08
20	-1.26	-1.1	-0.79	-0.47	-0.74	261	20	  0.00247542	    0.997525	2	    0.999727	 0.000273463	1	    0.999985	 1.53444e-05	    0.999726	 0.000274103
20	1.74	-0.16	0.51	0.02	1.38	262	20	  0.00247542	    0.997525	2	 3.62494e-07	           1	2	  6.2174e-06	    0.999994	 3.47965e-07	           1
20	0.55	0.62	0.07	0.46	-0.21	263	20	  0.00247542	    0.997525	2	  0.00252988	     0.99747	2	   0.0417517	    0.958248	  0.00243255	    0.997567
20	-0.66	0.12	0.7	0.15	-0.31	264	20	  0.00247542	    0.997525	2	   0.0320147	    0.967985	2	    0.365163	    0.634837	    0.031188	    0.968812
20	-1.11	-1.31	-0.6	-0.81	-0.95	265	20	  0.00247542	    0.997525	2	    0.999873	 0.000127183	1	    0.999993	 7.13546e-06	    0.999873	 0.000127481
20	-1.35	0.23	-1.29	-2.28	-1.17	266	20	  0.00247542	    0.997525	2	    0.999995	 5.01397e-06	1	           1	  2.8127e-07	    0.999995	 5.02571e-06
20	1.71	0.86	-0.79	1.19	0.92	267	20	  0.00247542	    0.997525	2	 1.17714e-06	    0.999999	2	 2.01897e-05	     0.99998	 1.12996e-06	    0.999999
20	1.39	1.98	1.32	0.57	0.51	268	20	  0.00247542	    0.997525	2	  1.8865e-09	           1	2	  3.2357e-08	           1	 1.81089e-09	           1
20	1.02	-1.3	0.65	0.25	0.54	269	20	  0.00247542	    0.997525	2	 9.37023e-05	    0.999906	2	  0.00160483	    0.998395	 8.99523e-05	     0.99991
20	-0.1	1.79	-0.28	0.97	0.32	270	20	  0.00247542	    0.997525	2	 5.32069e-05	    0.999947	2	 0.000911843	    0.999088	 5.10761e-05	    0.999949
20	1.13	-0.21	1.33	-0.76	-0.5	271	20	  0.00247542	    0.997525	2	 0.000828528	    0.999171	2	   0.0140304	     0.98597	 0.000795767	    0.999204
20	0.92	-0.42	0.04	-0.79	-1.23	272	20	  0.00247542	    0.997525	2	     0.89359	     0.10641	1	    0.993363	  0.00663749	    0.893343	    0.106657
20	1.31	0.62	1.62	-0.43	0.08	273	20	  0.00247542	    0.997525	2	 1.42558e-06	    0.999999	2	 2.44507e-05	    0.999976	 1.36844e-06	    0.999999
20	-0.64	-0.84	-1.11	-1.1	0.34	274	20	  0.00247542	    0.997525	2	    0.986153	   0.0138467	1	    0.999213	 0.000787069	    0.986121	   0.0138791
21	-0.03	0.54	1.15	0.96	0.08	275	21	 2.72095e-05	    0.999973	2	 8.17572e-06	    0.999992	2	 0.000145997	    0.999854	 8.17197e-06	    0.999992
21	1.07	-0.13	0.08	1.57	0.63	276	21	 2.72095e-05	    0.999973	2	   1.519e-06	    0.999998	2	 2.71284e-05	    0.999973	 1.51831e-06	    0.999998
21	-0.54	0.39	1.6	0.15	0.8	277	21	 2.72095e-05	    0.999973	2	 2.59674e-06	    0.999997	2	 4.63752e-05	    0.999954	 2.59555e-06	    0.999997
21	0.2	-1.04	1.28	1.03	0.1	278	21	 2.72095e-05	    0.999973	2	 1.91339e-05	    0.999981	2	 0.000341618	    0.999658	 1.91251e-05	    0.999981
21	0.51	1.07	0.07	2.25	0.56	279	21	 2.72095e-05	    0.999973	2	 4.43351e-08	           1	2	 7.91816e-07	    0.999999	 4.43148e-08	           1
21	1.32	0.36	0.78	-0.15	-0.16	280	21	 2.72095e-05	    0.999973	2	 0.000141287	    0.999859	2	  0.00251737	    0.997483	 0.000141223	    0.999859
21	0.23	1.25	1.45	0.29	0.36	281	21	 2.72095e-05	    0.999973	2	 5.76949e-07	    0.999999	2	 1.03041e-05	     0.99999	 5.76684e-07	    0.999999
21	1.53	0.62	1.29	0.74	0.97	282	21	 2.72095e-05	    0.999973	2	 3.66521e-09	           1	2	 6.54599e-08	           1	 3.66353e-09	           1
21	-0.85	-0.13	-1.44	0.02	-1.4	283	21	 2.72095e-05	    0.999973	2	    0.999932	 6.80858e-05	1	    0.999996	 3.81083e-06	    0.999932	 6.80875e-05
21	-1.85	-0.74	-0.77	-0.71	-0.93	284	21	 2.72095e-05	    0.999973	2	    0.999965	 3.54271e-05	1	    0.999998	 1.98283e-06	    0.999965	  3.5428e-05
21	-1.46	-0.33	-1.21	-0.57	-0.63	285	21	 2.72095e-05	    0.999973	2	    0.999844	 0.000156181	1	    0.999991	 8.74232e-06	    0.999844	 0.000156185
21	0.48	0.24	1.38	-0.25	-0.49	286	21	 2.72095e-05	    0.999973	2	 0.000513405	    0.999487	2	  0.00909066	    0.990909	 0.000513171	    0.999487
21	1.42	-0.01	-1.19	-0.03	0.71	287	21	 2.72095e-05	    0.999973	2	  0.00460577	    0.995394	2	   0.0763333	    0.923667	  0.00460382	    0.995396
21	0.24	-0.25	-0.09	-1.45	-1.44	288	21	 2.72095e-05	    0.999973	2	    0.997292	  0.00270849	1	    0.999848	 0.000151975	    0.997291	  0.00270856
22	0.79	0.51	-0.01	0.25	0.89	289	22	    0.181108	    0.818892	2	 0.000168786	    0.999831	2	 0.000743646	    0.999256	 4.16481e-05	    0.999958
22	1.14	0.72	0.78	0.47	1.12	290	22	    0.181108	    0.818892	2	 3.91394e-07	           1	2	 1.72467e-06	    0.999998	 9.65228e-08	           1
22	0.79	0.2	-0.21	0.85	0.17	291	22	    0.181108	    0.818892	2	  0.00201596	    0.997984	2	  0.00886816	    0.991132	 0.000500505	    0.999499
22	1.33	0.69	2.01	2.42	1.87	292	22	    0.181108	    0.818892	2	 1.72216e-14	           1	2	 7.58867e-14	           1	 4.24707e-15	           1
22	-0.63	-0.62	-0.53	-2	-0.29	293	22	    0.181108	    0.818892	2	    0.997482	  0.00251829	1	     0.99983	 0.000170487	    0.996962	  0.00303753
22	0.47	0.52	-0.33	-0.68	-0.66	294	22	    0.181108	    0.818892	2	    0.681952	    0.318048	1	    0.966696	   0.0333036	    0.618977	    0.381023
22	-0.86	1.01	-0.54	-0.68	-0.7	295	22	    0.181108	    0.818892	2	    0.973377	    0.026623	1	    0.998147	  0.00185273	    0.967899	   0.0321013
22	-1.49	-0.3	-1.14	-1.19	-0.53	296	22	    0.181108	    0.818892	2	     0.99992	 7.95889e-05	1	    0.999995	 5.37337e-06	    0.999904	 9.60027e-05
22	-1.19	0.08	-0.17	-1.06	-0.02	297	22	    0.181108	    0.818892	2	    0.940238	   0.0597623	1	    0.995675	   0.0043249	    0.927977	    0.072023
22	-0.76	0.53	-0.57	-0.43	0.16	298	22	    0.181108	    0.818892	2	     0.63428	     0.36572	1	    0.958306	   0.0416943	    0.562617	    0.437383
22	-0.78	-0.25	-1.64	0.48	-0.18	299	22	    0.181108	    0.818892	2	    0.983133	   0.0168665	1	    0.998839	  0.00116064	     0.97966	   0.0203401
22	0.21	0.85	0.56	1.69	0.11	300	22	    0.181108	    0.818892	2	 6.84524e-06	    0.999993	2	 3.01632e-05	     0.99997	 1.68816e-06	    0.999998
22	0.55	0.31	0.62	0.35	0.23	301	22	    0.181108	    0.818892	2	 0.000457968	    0.999542	2	  0.00201725	    0.997983	 0.000113113	    0.999887
23	2.17	1.68	0.88	-0.4	0.42	302	23	 1.12825e-09	           1	2	 6.86807e-08	           1	2	 1.22719e-06	    0.999999	 6.86807e-08	           1
23	0.26	0.93	0.86	1.36	1.01	303	23	 1.12825e-09	           1	2	 3.02195e-08	           1	2	 5.39962e-07	    0.999999	 3.02195e-08	           1
23	-0.67	0.42	0.28	1.11	0.93	304	23	 1.12825e-09	           1	2	 2.88646e-05	    0.999971	2	 0.000515502	    0.999484	 2.88646e-05	    0.999971
23	-0.5	1.27	0.42	0.67	1.24	305	23	 1.12825e-09	           1	2	 2.07688e-06	    0.999998	2	 3.71083e-05	    0.999963	 2.07688e-06	    0.999998
23	-0.6	0.02	0.53	-0.02	1.32	306	23	 1.12825e-09	           1	2	 0.000113103	    0.999887	2	  0.00201708	    0.997983	 0.000113103	    0.999887
23	0.36	-1.1	0.27	0.46	0.46	307	23	 1.12825e-09	           1	2	  0.00139376	    0.998606	2	   0.0243317	    0.975668	  0.00139376	    0.998606
23	0.01	0.35	1.43	-0.21	1.89	308	23	 1.12825e-09	           1	2	 4.23646e-08	           1	2	  7.5697e-07	    0.999999	 4.23646e-08	           1
23	0.6	2.17	0.56	-0.6	0.68	309	23	 1.12825e-09	           1	2	  2.0075e-06	    0.999998	2	 3.58688e-05	    0.999964	  2.0075e-06	    0.999998
23	1.09	0.57	0.37	0.87	1.3	310	23	 1.12825e-09	           1	2	 1.05145e-07	           1	2	 1.87874e-06	    0.999998	 1.05145e-07	           1
23	1.49	1.29	1.05	0.26	1.94	311	23	 1.12825e-09	           1	2	 1.78499e-10	           1	2	 3.18943e-09	           1	 1.78499e-10	           1
23	-1.3	0.19	-0.67	-0.87	-1.32	312	23	 1.12825e-09	           1	2	    0.999911	 8.86192e-05	1	    0.999995	 4.96007e-06	    0.999911	 8.86192e-05
23	0.71	2.33	0.43	0.95	1.65	313	23	 1.12825e-09	           1	2	 3.77772e-10	           1	2	 6.75004e-09	           1	 3.77772e-10	           1
23	1.17	-0.6	-0.63	0.5	0.18	314	23	 1.12825e-09	           1	2	  0.00766761	    0.992332	2	    0.121314	    0.878686	  0.00766761	    0.992332
23	-0.5	-0.64	0.53	1.01	0.16	315	23	 1.12825e-09	           1	2	  0.00136363	    0.998636	2	   0.0238175	    0.976182	  0.00136363	    0.998636
23	0.3	1.44	-0.45	0.48	1.08	316	23	 1.12825e-09	           1	2	 1.82786e-05	    0.999982	2	 0.000326502	    0.999673	 1.82786e-05	    0.999982
24	1.05	1.01	0.13	1.65	1.63	317	24	   0.0610684	    0.938932	2	 3.11784e-09	           1	2	 2.74417e-08	           1	  1.5358e-09	           1
24	0.59	1.44	1.53	2.14	1.29	318	24	   0.0610684	    0.938932	2	 4.52503e-12	           1	2	 3.98272e-11	           1	 2.22897e-12	           1
24	0.57	-1.39	0.61	-0.46	-0.85	319	24	   0.0610684	    0.938932	2	    0.422545	    0.577455	2	    0.919577	   0.0804227	    0.390218	    0.609782
24	-0.42	-0.56	-1.09	-0.44	-0.61	320	24	   0.0610684	    0.938932	2	    0.997891	  0.00210937	1	    0.999874	  0.00012554	    0.997762	   0.0022384
24	1.66	0.9	0.41	0.58	0.9	321	24	   0.0610684	    0.938932	2	 2.78707e-07	           1	2	 2.45305e-06	    0.999998	 1.37287e-07	           1
24	-0.71	-1.48	-0.97	-0.68	-1.2	322	24	   0.0610684	    0.938932	2	    0.999964	 3.63546e-05	1	    0.999998	 2.15917e-06	    0.999961	 3.85787e-05
24	-0.66	-0.67	-0.21	-0.66	-0.82	323	24	   0.0610684	    0.938932	2	    0.994888	  0.00511194	1	    0.999695	 0.000305154	    0.994575	  0.00542458
24	-2.29	-0.11	-1.51	-1.28	-0.92	324	24	   0.0610684	    0.938932	2	    0.999998	 1.53554e-06	1	           1	 9.11954e-08	    0.999998	 1.62948e-06
24	0.35	1.19	-0.29	0.67	1.6	325	24	   0.0610684	    0.938932	2	 2.16214e-06	    0.999998	2	   1.903e-05	    0.999981	 1.06505e-06	    0.999999
24	-0.16	-0.08	0.72	0.88	1.35	326	24	   0.0610684	    0.938932	2	 2.77183e-06	    0.999997	2	 2.43961e-05	    0.999976	 1.36538e-06	    0.999999
24	-1.36	-1.77	-1.11	0.64	-0.37	327	24	   0.0610684	    0.938932	2	    0.995728	  0.00427177	1	    0.999745	 0.000254786	    0.995467	  0.00453303
24	-1.42	0.11	-0.41	-0.96	-0.71	328	24	   0.0610684	    0.938932	2	     0.99861	  0.00138988	1	    0.999917	 8.26592e-05	    0.998525	   0.0014749
24	0.88	0.45	0.23	-0.26	0.1	329	24	   0.0610684	    0.938932	2	  0.00302984	     0.99697	2	   0.0263562	    0.973644	  0.00151269	    0.998487
24	-0.39	0.33	0.12	1.09	-0.17	330	24	   0.0610684	    0.938932	2	  0.00704044	     0.99296	2	   0.0602841	    0.939716	  0.00357745	    0.996423
25	1.3	-0.39	-0.71	0.32	0.42	331	25	 1.63756e-06	    0.999998	2	  0.00337471	    0.996625	2	   0.0570502	     0.94295	  0.00337462	    0.996625
25	-0.29	0.66	1.3	-0.89	0.3	332	25	 1.63756e-06	    0.999998	2	 0.000285887	    0.999714	2	  0.00508358	    0.994916	 0.000285879	    0.999714
25	1.14	2.85	0.61	0.61	1.53	333	25	 1.63756e-06	    0.999998	2	 5.34766e-11	           1	2	 9.55493e-10	           1	 5.34751e-11	           1
25	2.1	-0.12	-0.45	-0.29	0.24	334	25	 1.63756e-06	    0.999998	2	  0.00113178	    0.998868	2	   0.0198434	    0.980157	  0.00113175	    0.998868
25	-1	-0.38	-1.49	0.35	0.11	335	25	 1.63756e-06	    0.999998	2	    0.965164	    0.034836	1	    0.997984	  0.00201593	    0.965164	    0.034836
25	0.45	-1.23	-0.78	-1.5	-1.14	336	25	 1.63756e-06	    0.999998	2	    0.999551	 0.000449386	1	    0.999975	  2.5161e-05	    0.999551	 0.000449387
25	0.2	1.5	0.38	0.77	0.5	337	25	 1.63756e-06	    0.999998	2	  4.3276e-06	    0.999996	2	 7.73178e-05	    0.999923	 4.32748e-06	    0.999996
25	0.95	1.41	-0.22	-0.48	-0.17	338	25	 1.63756e-06	    0.999998	2	   0.0038333	    0.996167	2	    0.064332	    0.935668	   0.0038332	    0.996167
25	-0.08	1.35	0.47	1.26	1.29	339	25	 1.63756e-06	    0.999998	2	 5.58069e-08	           1	2	  9.9713e-07	    0.999999	 5.58054e-08	           1
25	-0.11	-1.33	-1.14	-0.52	-0.52	340	25	 1.63756e-06	    0.999998	2	    0.997755	  0.00224481	1	    0.999874	   0.0001259	    0.997755	  0.00224481
25	0.21	-1.63	1.03	2.11	0.79	341	25	 1.63756e-06	    0.999998	2	  6.5057e-08	           1	2	 1.16241e-06	    0.999999	 6.50552e-08	           1
25	1.39	-1.99	-0.33	0.87	-0.01	342	25	 1.63756e-06	    0.999998	2	  0.00305927	    0.996941	2	   0.0519793	    0.948021	  0.00305919	    0.996941
25	1.67	-0.82	-0.05	2.64	0.22	343	25	 1.63756e-06	    0.999998	2	 5.66003e-08	           1	2	  1.0113e-06	    0.999999	 5.65987e-08	           1
25	1.81	0.41	0.04	-0.21	1.72	344	25	 1.63756e-06	    0.999998	2	 2.79074e-07	           1	2	 4.98633e-06	    0.999995	 2.79066e-07	           1
26	0.59	1.58	1.09	1.63	1.34	345	26	 2.25493e-08	           1	2	 8.40392e-11	           1	2	 1.50161e-09	           1	 8.40392e-11	           1
26	1.24	-0.15	0.19	-2.15	-0.39	346	26	 2.25493e-08	           1	2	      0.1882	      0.8118	2	    0.805536	    0.194464	      0.1882	      0.8118
26	0.37	1.36	0.41	1.13	-0.42	347	26	 2.25493e-08	           1	2	 4.87029e-05	    0.999951	2	 0.000869509	     0.99913	 4.87029e-05	    0.999951
26	1.85	-0.06	0.67	-0.42	1.68	348	26	 2.25493e-08	           1	2	 9.04172e-08	           1	2	 1.61557e-06	    0.999998	 9.04172e-08	           1
26	0.61	-1.07	1.25	0.8	0.07	349	26	 2.25493e-08	           1	2	 2.05124e-05	    0.999979	2	 0.000366389	    0.999634	 2.05124e-05	    0.999979
26	1.55	0.03	1.14	1.39	1.74	350	26	 2.25493e-08	           1	2	 7.74193e-11	           1	2	 1.38333e-09	           1	 7.74193e-11	           1
26	1.62	0.7	0.73	-0.36	0.31	351	26	 2.25493e-08	           1	2	 9.22499e-06	    0.999991	2	 0.000164806	    0.999835	 9.22498e-06	    0.999991
26	0.59	1	0.21	1.08	0.91	352	26	 2.25493e-08	           1	2	 6.92849e-07	    0.999999	2	 1.23797e-05	    0.999988	 6.92849e-07	    0.999999
26	1.25	0.3	1.58	-0.23	0.05	353	26	 2.25493e-08	           1	2	  2.6065e-06	    0.999997	2	 4.65709e-05	    0.999953	  2.6065e-06	    0.999997
26	-0.63	-0.56	-0.21	0.22	0.2	354	26	 2.25493e-08	           1	2	     0.21835	     0.78165	2	    0.833093	    0.166907	     0.21835	     0.78165
26	0.38	0.54	0.49	0.4	0.63	355	26	 2.25493e-08	           1	2	 3.04542e-05	     0.99997	2	 0.000543877	    0.999456	 3.04542e-05	     0.99997
26	0.95	1.95	0.24	-0.85	-0.23	356	26	 2.25493e-08	           1	2	 0.000411877	    0.999588	2	  0.00730865	    0.992691	 0.000411877	    0.999588
26	0.77	0.49	-0.17	-0.48	0.85	357	26	 2.25493e-08	           1	2	 0.000578358	    0.999422	2	   0.0102343	    0.989766	 0.000578358	    0.999422
27	1.61	1.02	1.38	-0.35	1.47	358	27	 0.000905997	    0.999094	2	 1.95974e-09	           1	2	 3.44895e-08	           1	 1.93024e-09	           1
27	0.86	-0.63	0.03	1.01	0.84	359	27	 0.000905997	    0.999094	2	 2.13176e-05	    0.999979	2	 0.000375038	    0.999625	 2.09968e-05	    0.999979
27	0.9	0.4	1.11	0.34	0.38	360	27	 0.000905997	    0.999094	2	 2.70789e-06	    0.999997	2	 4.76542e-05	    0.999952	 2.66713e-06	    0.999997
27	-1.46	-0.81	-1.22	-1.15	-0.96	361	27	 0.000905997	    0.999094	2	    0.999992	 7.74864e-06	1	           1	 4.34035e-07	    0.999992	 7.75528e-06
27	-0.55	0.08	-1.25	-0.02	0.03	362	27	 0.000905997	    0.999094	2	    0.908131	   0.0918692	1	    0.994365	  0.00563505	    0.908053	   0.0919474
27	0.21	-1.63	-0.47	0.04	-0.21	363	27	 0.000905997	    0.999094	2	    0.694689	    0.305311	1	    0.975966	   0.0240344	    0.694434	    0.305566
27	-1.56	-0.16	-1.02	-0.73	-1.02	364	27	 0.000905997	    0.999094	2	    0.999958	 4.22972e-05	1	    0.999998	 2.36932e-06	    0.999958	 4.23334e-05
27	-0.38	0.34	0.6	-1.87	-0.84	365	27	 0.000905997	    0.999094	2	    0.844998	    0.155002	1	    0.989828	   0.0101719	    0.844867	    0.155133
27	0.17	-0.97	-0.2	-0.53	-0.62	366	27	 0.000905997	    0.999094	2	    0.923982	   0.0760182	1	    0.995412	  0.00458755	    0.923917	   0.0760829
27	1.26	-0.34	0.44	0.51	0.63	367	27	 0.000905997	    0.999094	2	 1.31839e-05	    0.999987	2	 0.000231975	    0.999768	 1.29855e-05	    0.999987
27	0.68	1.95	0.37	1.14	1.28	368	27	 0.000905997	    0.999094	2	 4.18315e-09	           1	2	 7.36194e-08	           1	 4.12018e-09	           1
27	0	-0.32	1.14	1.46	1.04	369	27	 0.000905997	    0.999094	2	 9.96408e-08	           1	2	 1.75358e-06	    0.999998	  9.8141e-08	           1
27	1.15	-0.46	-0.17	0.63	0.2	370	27	 0.000905997	    0.999094	2	 0.000875515	    0.999124	2	   0.0151907	    0.984809	 0.000862534	    0.999137
27	1.13	0.8	0.24	0.13	0.25	371	27	 0.000905997	    0.999094	2	 7.68236e-05	    0.999923	2	  0.00135033	     0.99865	 7.56687e-05	    0.999924
27	0.39	1	0.59	1.54	1.98	372	27	 0.000905997	    0.999094	2	 4.70405e-10	           1	2	 8.27868e-09	           1	 4.63324e-10	           1
28	0.69	1.04	0.71	0.61	0.59	373	28	   0.0204368	    0.979563	2	 1.63652e-06	    0.999998	2	 2.17448e-05	    0.999978	 1.21699e-06	    0.999999
28	0.91	-1.55	1.92	0.52	1.61	374	28	   0.0204368	    0.979563	2	 2.78003e-09	           1	2	 3.69395e-08	           1	 2.06735e-09	           1
28	-0.89	-1.65	-1.18	-0.78	-2.2	375	28	   0.0204368	    0.979563	2	           1	 1.81602e-07	1	           1	 1.03635e-08	           1	 1.85175e-07
28	-0.7	-0.47	-0.64	-0.17	-0.59	376	28	   0.0204368	    0.979563	2	    0.989361	   0.0106391	1	    0.999387	 0.000613415	    0.989152	   0.0108483
28	-1.85	-0.03	-0.27	-1.04	-2.45	377	28	   0.0204368	    0.979563	2	    0.999999	  6.0527e-07	1	           1	  3.4541e-08	    0.999999	 6.17178e-07
28	-0.17	-0.38	-0.85	-0.25	-1.2	378	28	   0.0204368	    0.979563	2	    0.998586	  0.00141411	1	    0.999919	 8.08087e-05	    0.998558	  0.00144193
28	-2.07	-1.48	-0.62	-1.57	-1.12	379	28	   0.0204368	    0.979563	2	    0.999998	 2.39689e-06	1	           1	 1.36783e-07	    0.999998	 2.44404e-06
28	0.57	-0.57	-1.5	1.24	0.07	380	28	   0.0204368	    0.979563	2	   0.0663027	    0.933697	2	    0.518617	    0.481383	    0.056866	    0.943134
28	0.22	-0.53	0.24	0.74	0.89	381	28	   0.0204368	    0.979563	2	  0.00010953	     0.99989	2	  0.00145392	    0.998546	  8.1482e-05	    0.999919
28	0.64	-1.52	0.33	-0.93	-0.29	382	28	   0.0204368	    0.979563	2	    0.319749	    0.680251	2	    0.888251	    0.111749	    0.307888	    0.692112
28	0.58	1.45	1.09	1.79	2.19	383	28	   0.0204368	    0.979563	2	 2.21472e-12	           1	2	  2.9428e-11	           1	 1.64697e-12	           1
28	0	-1.09	-1.04	-0.26	-0.69	384	28	   0.0204368	    0.979563	2	    0.995896	  0.00410413	1	    0.999765	 0.000235138	    0.995815	  0.00418485
28	1.43	0	1.18	1	0.18	385	28	   0.0204368	    0.979563	2	 3.80988e-07	           1	2	 5.06234e-06	    0.999995	  2.8332e-07	           1
28	0.03	0.45	0.27	0.77	0.21	386	28	   0.0204368	    0.979563	2	 0.000499068	    0.999501	2	  0.00660119	    0.993399	 0.000371759	    0.999628
28	0.45	2.73	1.59	0.96	0.84	387	28	   0.0204368	    0.979563	2	 4.69324e-11	           1	2	 6.23612e-10	           1	  3.4901e-11	           1
29	-0.08	1.07	-1	1.54	0	388	29	 9.86905e-08	           1	2	  0.00152149	    0.998479	2	   0.0265058	    0.973494	  0.00152149	    0.998479
29	1.48	0.2	0.54	-0.15	0.08	389	29	 9.86905e-08	           1	2	 0.000124036	    0.999876	2	  0.00221165	    0.997788	 0.000124036	    0.999876
29	-0.18	-0.39	2.41	2.22	0.77	390	29	 9.86905e-08	           1	2	 3.97845e-11	           1	2	 7.10868e-10	           1	 3.97844e-11	           1
29	-0.03	0.01	-1.05	-0.7	-0.98	391	29	 9.86905e-08	           1	2	    0.998157	  0.00184294	1	    0.999897	 0.000103322	    0.998157	  0.00184294
29	-0.11	-0.29	1.21	1.31	0.98	392	29	 9.86905e-08	           1	2	 2.03571e-07	           1	2	 3.63738e-06	    0.999996	  2.0357e-07	           1
29	0.72	0.36	1.41	0.28	2.27	393	29	 9.86905e-08	           1	2	 4.43409e-10	           1	2	 7.92283e-09	           1	 4.43409e-10	           1
29	-0.13	0.74	1.14	-0.15	0.56	394	29	 9.86905e-08	           1	2	 2.49263e-05	    0.999975	2	 0.000445196	    0.999555	 2.49263e-05	    0.999975
29	0.73	0.09	0.39	-0.75	0.4	395	29	 9.86905e-08	           1	2	  0.00180633	    0.998194	2	   0.0313211	    0.968679	  0.00180633	    0.998194
29	0.33	1.11	0.61	0.72	1.34	396	29	 9.86905e-08	           1	2	 1.12694e-07	           1	2	 2.01361e-06	    0.999998	 1.12694e-07	           1
29	1.21	1.83	0.63	1.97	0.43	397	29	 9.86905e-08	           1	2	 6.91831e-10	           1	2	 1.23616e-08	           1	  6.9183e-10	           1
29	-0.37	-0.12	0.92	0.99	0.71	398	29	 9.86905e-08	           1	2	 1.03509e-05	     0.99999	2	 0.000184917	    0.999815	 1.03508e-05	     0.99999
29	0.9	0.37	0.97	0.95	0.09	399	29	 9.86905e-08	           1	2	 2.56553e-06	    0.999997	2	 4.58389e-05	    0.999954	 2.56553e-06	    0.999997
30	-0.4	-0.66	-0.72	-0.38	-1.41	400	30	           1	 8.35278e-09	1	    0.999984	 1.59356e-05	1	    0.999984	 1.59356e-05	    0.999715	 0.000284661
30	-1.45	1	-1.04	-0.84	-1.43	401	30	           1	 8.35278e-09	1	    0.999996	 3.98946e-06	1	    0.999996	 3.98946e-06	    0.999929	  7.1279e-05
30	-1.11	-0.44	-0.29	-0.38	-1.55	402	30	           1	 8.35278e-09	1	    0.999989	  1.0539e-05	1	    0.999989	  1.0539e-05	    0.999812	 0.000188278
30	-0.66	-2.25	-0.93	-1	-0.34	403	30	           1	 8.35278e-09	1	    0.999961	 3.91523e-05	1	    0.999961	 3.91523e-05	    0.999301	 0.000699111
30	0.1	-0.57	-1.15	0.12	-0.57	404	30	           1	 8.35278e-09	1	    0.998415	  0.00158462	1	    0.998415	  0.00158462	    0.972423	   0.0275769
30	-1.74	-0.99	-0.42	-1.35	-1.96	405	30	           1	 8.35278e-09	1	           1	 3.34438e-08	1	           1	 3.34438e-08	    0.999999	 5.97574e-07
30	-0.94	-1.3	-0.03	-0.39	-0.94	406	30	           1	 8.35278e-09	1	    0.999816	 0.000183962	1	    0.999816	 0.000183962	    0.996723	  0.00327687
30	-1.72	-0.28	-0.86	0.09	0.83	407	30	           1	 8.35278e-09	1	    0.968912	   0.0310882	1	    0.968912	   0.0310882	    0.635604	    0.364396
30	-0.91	-0.81	-0.47	-1.33	-0.41	408	30	           1	 8.35278e-09	1	    0.999891	 0.000109054	1	    0.999891	 0.000109054	    0.998055	    0.001945
30	-1.76	0.14	-1.27	-0.69	-0.66	409	30	           1	 8.35278e-09	1	    0.999994	 5.80662e-06	1	    0.999994	 5.80662e-06	    0.999896	 0.000103743
30	0.22	0.7	-0.35	-0.71	-0.61	410	30	           1	 8.35278e-09	1	    0.971528	    0.028472	1	    0.971528	    0.028472	     0.65632	     0.34368
30	-1.06	-1.15	-1.35	-1.59	-1.48	411	30	           1	 8.35278e-09	1	           1	 3.43604e-08	1	           1	 3.43604e-08	    0.999999	 6.13952e-07
30	0.63	-1.47	-1.08	-0.8	-1.81	412	30	           1	 8.35278e-09	1	    0.999998	 2.48268e-06	1	    0.999998	 2.48268e-06	    0.999956	 4.43588e-05
30	-0.1	-0.46	-0.76	-1.42	0.37	413	30	           1	 8.35278e-09	1	    0.990987	  0.00901309	1	    0.990987	  0.00901309	    0.860207	    0.139793
30	-1.44	-0.5	-0.89	0.19	-0.91	414	30	           1	 8.35278e-09	1	    0.999963	 3.66743e-05	1	    0.999963	 3.66743e-05	    0.999345	 0.000654891
31	0.16	0.07	-1.29	0.14	-0.72	415	31	     0.71058	     0.28942	1	    0.989819	   0.0101805	1	    0.998224	  0.00177624	    0.969185	   0.0308146
31	-1.78	-1.01	-0.15	-1.35	-1.59	416	31	     0.71058	     0.28942	1	    0.999998	 2.03858e-06	1	           1	 3.46585e-07	    0.999994	 6.19274e-06
31	0.01	-0.86	-1.38	-0.64	-1.01	417	31	     0.71058	     0.28942	1	    0.999921	 7.93901e-05	1	    0.999987	    1.35e-05	    0.999759	 0.000241163
31	-2.08	-0.14	-0.76	-0.69	-2.1	418	31	     0.71058	     0.28942	1	           1	 1.56199e-07	1	           1	 2.65557e-08	           1	 4.74497e-07
31	0.04	1.75	0.27	0.07	0.68	419	31	     0.71058	     0.28942	1	 0.000236701	    0.999763	2	 0.000325683	    0.999674	 1.82328e-05	    0.999982
31	-0.81	0.07	-1.42	-0.47	-0.03	420	31	     0.71058	     0.28942	1	    0.996915	  0.00308505	1	    0.999471	 0.000528602	    0.990638	   0.0093616
31	-0.89	-1.24	-1.98	-0.64	-1.6	421	31	     0.71058	     0.28942	1	           1	 1.40394e-07	1	           1	 2.38687e-08	           1	 4.26486e-07
31	-1.14	-1.31	-1.64	-1.47	-1.52	422	31	     0.71058	     0.28942	1	           1	 6.68299e-08	1	           1	 1.13619e-08	           1	 2.03014e-07
31	0.04	-0.14	-1.37	-0.98	-0.78	423	31	     0.71058	     0.28942	1	    0.999692	 0.000308088	1	    0.999948	 5.24194e-05	    0.999064	 0.000935802
31	0.98	1.63	0.57	-0.4	0.15	424	31	     0.71058	     0.28942	1	 0.000279572	     0.99972	2	  0.00038467	    0.999615	 2.15362e-05	    0.999978
31	1.02	1.42	-0.11	0.15	0.88	425	31	     0.71058	     0.28942	1	 7.47816e-05	    0.999925	2	 0.000102894	    0.999897	 5.75915e-06	    0.999994
31	1.35	0.07	0.14	0.52	0.59	426	31	     0.71058	     0.28942	1	 0.000262066	    0.999738	2	 0.000360584	    0.999639	 2.01873e-05	     0.99998
31	0.19	0.86	1.37	1.41	1.54	427	31	     0.71058	     0.28942	1	 4.84672e-09	           1	2	 6.66878e-09	           1	 3.73224e-10	           1
31	1.09	1.77	0.25	0.44	1.01	428	31	     0.71058	     0.28942	1	 1.59291e-06	    0.999998	2	 2.19175e-06	    0.999998	 1.22664e-07	           1
32	0.08	0.34	0.63	1.54	0.83	429	32	 6.85645e-09	           1	2	 4.38408e-07	           1	2	 7.83342e-06	    0.999992	 4.38408e-07	           1
32	-0.09	0.82	1.49	-0.29	0.78	430	32	 6.85645e-09	           1	2	 2.10648e-06	    0.999998	2	 3.76372e-05	    0.999962	 2.10648e-06	    0.999998
32	-1.52	-0.5	0.86	1.32	-0.14	431	32	 6.85645e-09	           1	2	  0.00295299	    0.997047	2	   0.0502605	     0.94974	  0.00295299	    0.997047
32	-0.04	2.66	-0.56	1.72	1.38	432	32	 6.85645e-09	           1	2	 5.03921e-09	           1	2	 9.00407e-08	           1	 5.03921e-09	           1
32	1.5	2.13	0.94	0.68	1.68	433	32	 6.85645e-09	           1	2	  2.3557e-11	           1	2	 4.20917e-10	           1	  2.3557e-11	           1
32	0.8	0.74	0.32	-0.06	0	434	32	 6.85645e-09	           1	2	 0.000677494	    0.999323	2	   0.0119687	    0.988031	 0.000677494	    0.999323
32	0.29	-0.13	1.33	2.42	0.4	435	32	 6.85645e-09	           1	2	 3.54923e-09	           1	2	 6.34177e-08	           1	 3.54923e-09	           1
32	-0.29	-0.2	0.81	-0.84	-0.2	436	32	 6.85645e-09	           1	2	   0.0783853	    0.921615	2	    0.603129	    0.396871	   0.0783853	    0.921615
32	-1.24	0.83	1.79	0.44	0.76	437	32	 6.85645e-09	           1	2	 1.01168e-06	    0.999999	2	 1.80763e-05	    0.999982	 1.01168e-06	    0.999999
32	0.28	-0.72	1.31	0.82	-0.2	438	32	 6.85645e-09	           1	2	 7.00422e-05	     0.99993	2	  0.00125004	     0.99875	 7.00422e-05	     0.99993
32	1.11	0.98	0.52	-0.22	0.59	439	32	 6.85645e-09	           1	2	 1.02134e-05	     0.99999	2	 0.000182462	    0.999818	 1.02134e-05	     0.99999
32	0.03	0.49	0.21	0.02	-0.56	440	32	 6.85645e-09	           1	2	   0.0860601	     0.91394	2	    0.627216	    0.372784	   0.0860601	     0.91394
32	-0.09	0.47	1.17	-0.34	0.81	441	32	 6.85645e-09	           1	2	 1.87337e-05	    0.999981	2	 0.000334629	    0.999665	 1.87337e-05	    0.999981
33	-1.23	0.1	1.26	1.31	0.19	442	33	   0.0641558	    0.935844	2	 6.13718e-05	    0.999939	2	 0.000526538	    0.999473	 2.94828e-05	    0.999971
33	0.9	0.79	0.47	-0.12	0.08	443	33	   0.0641558	    0.935844	2	 0.000450025	     0.99955	2	  0.00385551	    0.996144	 0.000216565	    0.999783
33	-0.89	-1.49	-1.53	-1.24	-1.97	444	33	   0.0641558	    0.935844	2	           1	 8.53188e-08	1	           1	 5.08279e-09	           1	 9.08193e-08
33	0.28	-0.16	-1.1	-1.45	-1.51	445	33	   0.0641558	    0.935844	2	    0.999914	 8.59081e-05	1	    0.999995	 5.11833e-06	    0.999909	 9.14465e-05
33	-0.95	-0.59	-0.76	0.95	-0.73	446	33	   0.0641558	    0.935844	2	    0.951545	   0.0484554	1	    0.996966	  0.00303381	    0.948431	   0.0515692
33	0.31	0.28	1.12	1.1	1.25	447	33	   0.0641558	    0.935844	2	 6.35369e-08	           1	2	 5.45235e-07	    0.999999	 3.05146e-08	           1
33	0.34	0.05	1.01	0.62	0.68	448	33	   0.0641558	    0.935844	2	 7.96889e-06	    0.999992	2	 6.83822e-05	    0.999932	 3.82732e-06	    0.999996
33	-0.22	-0.26	-0.49	1.33	-0.36	449	33	   0.0641558	    0.935844	2	   0.0772933	    0.922707	2	    0.482196	    0.517804	   0.0495356	    0.950464
33	1.34	1.72	1.12	0.49	1.12	450	33	   0.0641558	    0.935844	2	 2.19846e-09	           1	2	 1.88658e-08	           1	 1.05584e-09	           1
33	0.21	0.82	0.33	-1.59	0.09	451	33	   0.0641558	    0.935844	2	   0.0429146	    0.957085	2	    0.310429	    0.689571	   0.0245754	    0.975425
33	-0.04	-1.77	-0.19	0.09	-0.37	452	33	   0.0641558	    0.935844	2	    0.754121	    0.245879	1	    0.980577	   0.0194227	    0.738597	    0.261403
33	-0.83	-0.6	-0.44	-1.25	-1.06	453	33	   0.0641558	    0.935844	2	    0.999761	 0.000239149	1	    0.999986	 1.42505e-05	    0.999745	 0.000254567
33	-0.35	-1.47	-0.24	-0.78	-0.8	454	33	   0.0641558	    0.935844	2	    0.996142	  0.00385839	1	    0.999769	 0.000230751	    0.995893	  0.00410708
34	0.98	0.89	1.52	1.19	1.22	455	34	 0.000466758	    0.999533	2	 2.19234e-10	           1	2	 3.88667e-09	           1	 2.17521e-10	           1
34	0.75	0.95	2.23	1.29	1.47	456	34	 0.000466758	    0.999533	2	 2.38738e-12	           1	2	 4.23245e-11	           1	 2.36873e-12	           1
34	-1.41	-0.78	-0.74	-0.34	-1.95	457	34	 0.000466758	    0.999533	2	    0.999997	  3.1722e-06	1	           1	 1.77614e-07	    0.999997	  3.1736e-06
34	1.22	0.06	0.98	-0.53	0.73	458	34	 0.000466758	    0.999533	2	 7.60006e-06	    0.999992	2	  0.00013472	    0.999865	  7.5407e-06	    0.999992
34	-0.44	1.89	0.27	0.83	1.88	459	34	 0.000466758	    0.999533	2	 2.40043e-08	           1	2	 4.25559e-07	           1	 2.38168e-08	           1
34	0.34	-0.25	0.04	0.61	0.43	460	34	 0.000466758	    0.999533	2	  0.00093497	    0.999065	2	   0.0163222	    0.983678	 0.000927784	    0.999072
34	0.1	0.28	1.42	1.91	0.46	461	34	 0.000466758	    0.999533	2	 1.48071e-08	           1	2	 2.62506e-07	           1	 1.46914e-08	           1
34	-0.35	1.06	-0.69	1.06	0.25	462	34	 0.000466758	    0.999533	2	  0.00237904	    0.997621	2	    0.040574	    0.959426	   0.0023612	    0.997639
34	1.45	-0.82	0.41	-0.51	1.33	463	34	 0.000466758	    0.999533	2	 1.14564e-05	    0.999989	2	 0.000203066	    0.999797	  1.1367e-05	    0.999989
34	0.25	-0.12	-0.06	0.95	1.06	464	34	 0.000466758	    0.999533	2	 3.20813e-05	    0.999968	2	 0.000568448	    0.999432	 3.18308e-05	    0.999968
34	-0.29	-2.08	-0.41	0.14	-1.1	465	34	 0.000466758	    0.999533	2	    0.995307	  0.00469267	1	    0.999736	 0.000263915	    0.995305	  0.00469474
34	-1.17	-1.43	-1.72	-0.14	-0.88	466	34	 0.000466758	    0.999533	2	    0.999979	 2.14536e-05	1	    0.999999	 1.20122e-06	    0.999979	  2.1463e-05
34	-0.98	-0.39	-1.03	-0.75	0.04	467	34	 0.000466758	    0.999533	2	    0.992461	  0.00753882	1	    0.999575	  0.00042513	    0.992458	  0.00754214
34	-0.85	-2.5	-0.82	-1.36	-0.2	468	34	 0.000466758	    0.999533	2	    0.999326	 0.000673996	1	    0.999962	 3.77615e-05	    0.999326	 0.000674293
35	-0.87	1.56	-0.16	0.91	0.48	469	35	    0.999985	 1.51336e-05	1	   0.0040344	    0.995966	2	  0.00403446	    0.995966	 0.000226656	    0.999773
35	0.46	0.4	1.98	1.03	1.95	470	35	    0.999985	 1.51336e-05	1	  3.2571e-10	           1	2	 3.25715e-10	           1	 1.82289e-11	           1
35	-1.43	-0.98	-1.65	-0.48	-1.1	471	35	    0.999985	 1.51336e-05	1	           1	 2.26422e-07	1	           1	 2.26364e-07	    0.999996	 4.04466e-06
35	-1.65	-0.88	-1.5	-0.87	-0.8	472	35	    0.999985	 1.51336e-05	1	           1	  3.7877e-07	1	           1	 3.78673e-07	    0.999993	 6.76609e-06
35	-0.73	-0.38	-0.89	-0.04	-1.37	473	35	    0.999985	 1.51336e-05	1	    0.999983	 1.66516e-05	1	    0.999983	 1.66474e-05	    0.999703	 0.000297372
35	0.08	-1.22	0.25	-1.22	-1.02	474	35	    0.999985	 1.51336e-05	1	    0.999077	 0.000923151	1	    0.999077	  0.00092292	    0.983762	   0.0162379
35	-1.49	-0.88	-0.39	-0.9	-0.77	475	35	    0.999985	 1.51336e-05	1	    0.999983	 1.70299e-05	1	    0.999983	 1.70255e-05	    0.999696	 0.000304125
35	-0.69	0.01	-1.71	-1.24	0.16	476	35	    0.999985	 1.51336e-05	1	    0.999836	 0.000163572	1	    0.999836	  0.00016353	    0.997086	  0.00291393
35	-1.21	0.04	-1.24	-0.36	-0.76	477	35	    0.999985	 1.51336e-05	1	    0.999978	 2.19467e-05	1	    0.999978	 2.19411e-05	    0.999608	   0.0003919
35	-1.1	0.18	-1.49	-0.74	-1.73	478	35	    0.999985	 1.51336e-05	1	           1	 1.56698e-07	1	           1	 1.56658e-07	    0.999997	 2.79916e-06
35	-1.23	-1.71	-1.03	-0.96	-0.87	479	35	    0.999985	 1.51336e-05	1	    0.999999	  1.1872e-06	1	    0.999999	  1.1869e-06	    0.999979	 2.12071e-05
35	-0.97	-0.64	-1.56	0.27	-1.11	480	35	    0.999985	 1.51336e-05	1	    0.999993	 6.70769e-06	1	    0.999993	 6.70597e-06	     0.99988	 0.000119809
35	-1.18	0.54	-2.58	-0.68	-0.78	481	35	    0.999985	 1.51336e-05	1	    0.999999	 1.08625e-06	1	    0.999999	 1.08598e-06	    0.999981	 1.94039e-05
36	0.08	-0.74	1.42	0.8	0.63	482	36	   1.323e-07	           1	2	 2.33396e-06	    0.999998	2	 4.17014e-05	    0.999958	 2.33395e-06	    0.999998
36	1.96	0.92	2.02	0.95	0.75	483	36	   1.323e-07	           1	2	 2.21628e-11	           1	2	 3.96003e-10	           1	 2.21627e-11	           1
36	-1.23	-0.57	-0.38	-0.99	-0.53	484	36	   1.323e-07	           1	2	    0.998221	  0.00177894	1	      0.9999	 9.97278e-05	    0.998221	  0.00177894
36	-1.13	-0.73	-1.23	-1.16	-2.08	485	36	   1.323e-07	           1	2	           1	  1.7584e-07	1	           1	 9.84104e-09	           1	  1.7584e-07
36	0.73	2.97	0.62	-0.68	1.41	486	36	   1.323e-07	           1	2	 4.10537e-09	           1	2	 7.33547e-08	           1	 4.10537e-09	           1
36	0.01	0.1	1.53	-0.21	0.87	487	36	   1.323e-07	           1	2	 3.16866e-06	    0.999997	2	 5.66144e-05	    0.999943	 3.16865e-06	    0.999997
36	-0.47	0.63	1.42	-0.05	0.46	488	36	   1.323e-07	           1	2	 2.26752e-05	    0.999977	2	 0.000405004	    0.999595	 2.26751e-05	    0.999977
36	0.9	0.95	0.49	-0.19	0.22	489	36	   1.323e-07	           1	2	 9.26031e-05	    0.999907	2	  0.00165205	    0.998348	 9.26029e-05	    0.999907
36	1.28	0.14	2.81	0.72	0.92	490	36	   1.323e-07	           1	2	 9.99137e-12	           1	2	 1.78525e-10	           1	 9.99134e-12	           1
36	0.88	2.12	0.73	2.47	1.38	491	36	   1.323e-07	           1	2	 8.18243e-13	           1	2	 1.46203e-11	           1	 8.18241e-13	           1
36	0.33	0.22	0.62	1.48	0.04	492	36	   1.323e-07	           1	2	 1.07825e-05	    0.999989	2	 0.000192626	    0.999807	 1.07824e-05	    0.999989
36	1.16	-0.23	1.51	0.14	0.78	493	36	   1.323e-07	           1	2	 2.05432e-07	           1	2	 3.67064e-06	    0.999996	 2.05432e-07	           1
36	0.17	-1.69	-0.19	0.29	0.38	494	36	   1.323e-07	           1	2	   0.0407056	    0.959294	2	    0.431233	    0.568767	   0.0407055	    0.959294
36	0.71	-0.76	0.65	2.32	1.26	495	36	   1.323e-07	           1	2	 2.45946e-09	           1	2	 4.39455e-08	           1	 2.45945e-09	           1
37	2.14	-0.23	1.74	1.14	0.21	496	37	 1.61466e-07	           1	2	 2.28167e-09	           1	2	 4.07687e-08	           1	 2.28166e-09	           1
37	0.55	-0.18	1.04	1.1	1.17	497	37	 1.61466e-07	           1	2	  7.3088e-08	           1	2	 1.30593e-06	    0.999999	 7.30878e-08	           1
37	-0.94	0.17	1.13	0.25	0.34	498	37	 1.61466e-07	           1	2	 0.000434513	    0.999565	2	  0.00770737	    0.992293	 0.000434512	    0.999565
37	1.21	1.26	1.18	-0.24	1.41	499	37	 1.61466e-07	           1	2	 7.82443e-09	           1	2	 1.39807e-07	           1	 7.82441e-09	           1
37	0.9	-1.53	0.19	0.22	0.85	500	37	 1.61466e-07	           1	2	 0.000264609	    0.999735	2	  0.00470701	    0.995293	 0.000264608	    0.999735
37	0.56	-0.24	0.26	1.67	1.26	501	37	 1.61466e-07	           1	2	 1.52105e-07	           1	2	 2.71779e-06	    0.999997	 1.52104e-07	           1
37	2.02	0.4	0.4	1.38	1.39	502	37	 1.61466e-07	           1	2	 1.18555e-09	           1	2	 2.11834e-08	           1	 1.18555e-09	           1
37	0.44	0.52	-0.52	1.37	0.39	503	37	 1.61466e-07	           1	2	 0.000118871	    0.999881	2	  0.00211974	     0.99788	 0.000118871	    0.999881
37	-1.11	-1.39	1.12	0.04	-0.74	504	37	 1.61466e-07	           1	2	    0.404307	    0.595693	2	    0.923823	   0.0761771	    0.404307	    0.595693
37	0.58	0.03	-0.23	0.44	0.75	505	37	 1.61466e-07	           1	2	 0.000389965	     0.99961	2	  0.00692234	    0.993078	 0.000389964	     0.99961
37	1.26	0.51	0.64	1.16	0.4	506	37	 1.61466e-07	           1	2	 4.12198e-07	           1	2	 7.36508e-06	    0.999993	 4.12197e-07	           1
37	0.49	1.75	-0.08	0.58	0.68	507	37	 1.61466e-07	           1	2	 5.36329e-06	    0.999995	2	 9.58225e-05	    0.999904	 5.36328e-06	    0.999995
37	-1.11	-0.37	-1.53	-0.73	-1.39	508	37	 1.61466e-07	           1	2	    0.999996	 4.17873e-06	1	           1	 2.33868e-07	    0.999996	 4.17873e-06
38	-0.31	0.29	-1.05	-0.95	-0.31	509	38	    0.886703	    0.113297	1	    0.997483	    0.002517	1	    0.999127	 0.000873443	     0.98462	   0.0153801
38	-0.59	0.62	-1.54	-0.24	-1.75	510	38	    0.886703	    0.113297	1	    0.999993	 7.46402e-06	1	    0.999997	 2.56407e-06	    0.999954	 4.58129e-05
38	-1.35	-1.07	-0.65	-0.08	-1.06	511	38	    0.886703	    0.113297	1	     0.99996	  3.9561e-05	1	    0.999986	 1.35919e-05	    0.999757	 0.000242805
38	-1.73	0.25	-1.61	-0.82	-0.52	512	38	    0.886703	    0.113297	1	    0.999988	 1.20154e-05	1	    0.999996	 4.12767e-06	    0.999926	 7.37481e-05
38	-0.85	0.49	-0.06	0	-0.77	513	38	    0.886703	    0.113297	1	    0.970401	   0.0295989	1	    0.988542	   0.0114582	    0.828426	    0.171574
38	-0.79	-1.55	-1.89	-1.12	-1.74	514	38	    0.886703	    0.113297	1	           1	 2.13217e-08	1	           1	  7.3243e-09	           1	 1.30871e-07
38	0.51	1.72	0.26	-0.39	0.66	515	38	    0.886703	    0.113297	1	 0.000347899	    0.999652	2	 0.000389564	     0.99961	 2.18103e-05	    0.999978
38	0.83	-0.71	0.45	-0.03	0.14	516	38	    0.886703	    0.113297	1	   0.0323591	    0.967641	2	   0.0362255	    0.963775	  0.00209918	    0.997901
38	0.6	0.2	-0.73	0.1	-0.87	517	38	    0.886703	    0.113297	1	    0.958333	   0.0416674	1	    0.983072	   0.0169281	    0.764713	    0.235287
38	-0.09	1.25	0.31	0.17	1.86	518	38	    0.886703	    0.113297	1	 6.46953e-06	    0.999994	2	 7.24436e-06	    0.999993	  4.0544e-07	           1
38	1.05	0.3	0.51	-0.37	1.09	519	38	    0.886703	    0.113297	1	 0.000137967	    0.999862	2	  0.00015449	    0.999846	 8.64747e-06	    0.999991
38	1.96	-0.36	0.34	1.32	0.38	520	38	    0.886703	    0.113297	1	 8.80223e-06	    0.999991	2	 9.85644e-06	     0.99999	  5.5163e-07	    0.999999
38	-0.36	-1.98	-1.29	-0.13	-1.83	521	38	    0.886703	    0.113297	1	    0.999999	  1.1129e-06	1	           1	 3.82299e-07	    0.999993	 6.83088e-06
39	-0.4	-0.39	-0.4	-0.16	-0.26	522	39	    0.999999	 1.11266e-06	1	    0.988129	   0.0118706	1	     0.98813	   0.0118704	    0.823283	    0.176717
39	-0.53	-0.4	-1.4	-0.99	-0.56	523	39	    0.999999	 1.11266e-06	1	    0.999979	 2.14545e-05	1	    0.999979	 2.14541e-05	    0.999617	 0.000383204
39	-0.03	-0.39	-1.28	-0.95	-0.97	524	39	    0.999999	 1.11266e-06	1	    0.999981	 1.92271e-05	1	    0.999981	 1.92267e-05	    0.999657	 0.000343431
39	-0.94	0.39	-0.36	-1.01	-1.02	525	39	    0.999999	 1.11266e-06	1	    0.999883	 0.000117186	1	    0.999883	 0.000117184	     0.99791	  0.00208971
39	-0.43	-1.04	-0.46	-0.11	-0.8	526	39	    0.999999	 1.11266e-06	1	    0.999471	 0.000529106	1	    0.999471	 0.000529096	     0.99063	  0.00937026
39	-1.33	-1.27	-0.88	0.06	-0.75	527	39	    0.999999	 1.11266e-06	1	    0.999971	 2.91542e-05	1	    0.999971	 2.91537e-05	    0.999479	 0.000520662
39	-2.2	-1.06	-1.22	-1.54	-2.17	528	39	    0.999999	 1.11266e-06	1	           1	 3.46196e-10	1	           1	  3.4619e-10	           1	 6.18572e-09
39	-0.41	-1.85	-1.17	-0.11	-0.61	529	39	    0.999999	 1.11266e-06	1	    0.999925	 7.52897e-05	1	    0.999925	 7.52883e-05	    0.998656	  0.00134355
39	-1.04	-0.31	-0.26	-0.71	-0.55	530	39	    0.999999	 1.11266e-06	1	    0.999513	   0.0004875	1	    0.999513	 0.000487491	    0.991361	  0.00863945
39	-0.25	0.82	0.03	-0.91	-0.77	531	39	    0.999999	 1.11266e-06	1	    0.982578	   0.0174219	1	    0.982578	   0.0174217	    0.759411	    0.240589
39	-1.89	-0.1	-0.15	-0.98	-0.85	532	39	    0.999999	 1.11266e-06	1	    0.999969	 3.06256e-05	1	    0.999969	  3.0625e-05	    0.999453	 0.000546926
40	-1.57	1.56	0.65	1.54	1.5	533	40	 2.65691e-05	    0.999973	2	 5.71608e-08	           1	2	 1.02089e-06	    0.999999	 5.71352e-08	           1
40	0.78	-0.07	-0.04	-0.68	1.49	534	40	 2.65691e-05	    0.999973	2	 9.44207e-05	    0.999906	2	  0.00168368	    0.998316	 9.43785e-05	    0.999906
40	-0.5	1.14	0.69	0.67	0.55	535	40	 2.65691e-05	    0.999973	2	 1.74183e-05	    0.999983	2	    0.000311	    0.999689	 1.74105e-05	    0.999983
40	0.87	-0.03	1.61	0.84	0.81	536	40	 2.65691e-05	    0.999973	2	 2.11267e-08	           1	2	 3.77323e-07	           1	 2.11173e-08	           1
40	-0.44	-0.68	-0.87	-1.33	-0.42	537	40	 2.65691e-05	    0.999973	2	    0.998322	  0.00167793	1	    0.999906	 9.40583e-05	    0.998322	  0.00167797
40	0.2	0.67	0.63	0.73	1.22	538	40	 2.65691e-05	    0.999973	2	 6.11606e-07	    0.999999	2	 1.09232e-05	    0.999989	 6.11333e-07	    0.999999
40	0.25	0.49	1.73	0.51	1.95	539	40	 2.65691e-05	    0.999973	2	  4.8343e-10	           1	2	 8.63406e-09	           1	 4.83213e-10	           1
40	1.77	-0.39	1.17	1.49	1.11	540	40	 2.65691e-05	    0.999973	2	 7.00472e-10	           1	2	 1.25104e-08	           1	 7.00158e-10	           1
40	-0.19	0.81	0.02	-0.93	-0.21	541	40	 2.65691e-05	    0.999973	2	    0.231037	    0.768963	2	    0.842965	    0.157035	     0.23102	     0.76898
40	0.82	-0.32	1.22	0.45	0.11	542	40	 2.65691e-05	    0.999973	2	 1.47187e-05	    0.999985	2	 0.000262811	    0.999737	 1.47121e-05	    0.999985
40	1.69	0.28	1.57	-0.06	0.02	543	40	 2.65691e-05	    0.999973	2	 6.62407e-07	    0.999999	2	 1.18305e-05	    0.999988	  6.6211e-07	    0.999999
40	-0.76	-0.96	-2.1	-1.53	-2.32	544	40	 2.65691e-05	    0.999973	2	           1	 7.68546e-09	1	           1	 4.30135e-10	           1	 7.68565e-09
40	-1.71	-1.91	-0.83	0.11	-2.02	545	40	 2.65691e-05	    0.999973	2	    0.999999	 1.28856e-06	1	           1	 7.21173e-08	    0.999999	 1.28859e-06
40	-0.77	-0.81	-1.12	-0.5	-0.47	546	40	 2.65691e-05	    0.999973	2	    0.998908	  0.00109164	1	    0.999939	 6.11593e-05	    0.998908	  0.00109167
40	1.41	0.28	1.3	2.65	1.91	547	40	 2.65691e-05	    0.999973	2	 6.47277e-14	           1	2	 1.15604e-12	           1	 6.46987e-14	           1
41	-0.23	0.94	0.41	0.11	0.5	548	41	 0.000595427	    0.999405	2	 0.000299022	    0.999701	2	  0.00526379	    0.994736	 0.000296064	    0.999704
41	-1.63	1.7	0.91	1	1.09	549	41	 0.000595427	    0.999405	2	 6.32724e-07	    0.999999	2	  1.1193e-05	    0.999989	 6.26432e-07	    0.999999
41	-0.27	-0.32	-0.08	0.54	-0.05	550	41	 0.000595427	    0.999405	2	   0.0589696	     0.94103	2	    0.526979	    0.473021	   0.0586907	    0.941309
41	1.64	0.8	0.89	0.78	0.48	551	41	 0.000595427	    0.999405	2	 7.69996e-08	           1	2	 1.36215e-06	    0.999999	  7.6234e-08	           1
41	-1.02	0.28	-0.87	-0.65	-0.94	552	41	 0.000595427	    0.999405	2	    0.999294	 0.000706305	1	     0.99996	 3.95777e-05	    0.999293	 0.000706702
41	-1.56	-1.02	-0.27	-0.79	-1.45	553	41	 0.000595427	    0.999405	2	    0.999973	 2.65279e-05	1	    0.999999	 1.48553e-06	    0.999973	 2.65429e-05
41	1.07	-0.97	-0.05	0.37	0.21	554	41	 0.000595427	    0.999405	2	  0.00261304	    0.997387	2	   0.0443114	    0.955689	   0.0025882	    0.997412
41	0.83	-0.64	1.28	0.91	0	555	41	 0.000595427	    0.999405	2	 6.11937e-06	    0.999994	2	 0.000108243	    0.999892	 6.05853e-06	    0.999994
41	2	0.51	1.37	0.77	0.57	556	41	 0.000595427	    0.999405	2	 4.36374e-09	           1	2	  7.7196e-08	           1	 4.32035e-09	           1
41	-0.41	-1.81	1.04	1.05	0.5	557	41	 0.000595427	    0.999405	2	 6.98182e-05	     0.99993	2	  0.00123368	    0.998766	 6.91248e-05	    0.999931
41	-0.14	0.14	0.62	0.05	1.04	558	41	 0.000595427	    0.999405	2	 6.16043e-05	    0.999938	2	  0.00108869	    0.998911	 6.09924e-05	    0.999939
41	-1.3	-1.09	0.36	0.7	-0.6	559	41	 0.000595427	    0.999405	2	    0.620022	    0.379978	1	    0.966811	   0.0331893	    0.619815	    0.380185
41	-0.24	-0.87	0.26	-1.26	-1.28	560	41	 0.000595427	    0.999405	2	     0.99634	  0.00365979	1	    0.999794	  0.00020565	    0.996338	  0.00366185
41	-0.42	-1.06	-0.74	-1.98	-0.15	561	41	 0.000595427	    0.999405	2	    0.997224	  0.00277644	1	    0.999844	 0.000155883	    0.997222	  0.00277801
42	-0.12	2.58	1.21	1.24	1.46	562	42	    0.999635	 0.000364604	1	 6.36368e-10	           1	2	 6.36587e-10	           1	 3.56272e-11	           1
42	-0.64	1.66	2.3	-0.48	0.97	563	42	    0.999635	 0.000364604	1	 1.99682e-07	           1	2	 1.99751e-07	           1	 1.11793e-08	           1
42	0.23	0.03	0.51	-0.95	0.16	564	42	    0.999635	 0.000364604	1	    0.226558	    0.773442	2	    0.226635	    0.773365	   0.0161362	    0.983864
42	-0.62	-0.36	-0.3	-0.09	-0.45	565	42	    0.999635	 0.000364604	1	     0.99417	  0.00583048	1	    0.994202	  0.00579819	    0.905628	   0.0943721
42	0.36	-0.12	-1.47	-0.96	-1.62	566	42	    0.999635	 0.000364604	1	    0.999997	 3.02931e-06	1	    0.999997	 3.01079e-06	    0.999946	 5.37941e-05
42	0.05	0.59	0.75	-1.45	-1.19	567	42	    0.999635	 0.000364604	1	    0.969446	   0.0305541	1	    0.969566	   0.0304341	     0.64067	     0.35933
42	0.44	-1	-0.32	-1.58	-1.42	568	42	    0.999635	 0.000364604	1	    0.999959	 4.11228e-05	1	    0.999959	 4.08716e-05	     0.99927	 0.000729791
42	0.08	-0.51	-1.38	-1.82	-1.73	569	42	    0.999635	 0.000364604	1	           1	 2.43542e-07	1	           1	 2.42054e-07	    0.999996	   4.325e-06
42	-1.15	-1.89	-0.63	-0.28	-1.25	570	42	    0.999635	 0.000364604	1	    0.999996	 3.78845e-06	1	    0.999996	 3.76529e-06	    0.999933	  6.7274e-05
42	-0.64	-0.98	-1.25	-0.35	-1.88	571	42	    0.999635	 0.000364604	1	           1	 2.11217e-07	1	           1	 2.09926e-07	    0.999996	 3.75094e-06
42	-1.14	-1.66	-0.33	-0.86	-0.39	572	42	    0.999635	 0.000364604	1	    0.999877	  0.00012288	1	    0.999878	 0.000122131	    0.997822	  0.00217775
42	-0.18	0.56	-0.5	-0.44	-0.97	573	42	    0.999635	 0.000364604	1	    0.997973	  0.00202657	1	    0.997985	  0.00201461	    0.965186	   0.0348141
42	-0.59	-1.17	-0.88	-0.41	-0.12	574	42	    0.999635	 0.000364604	1	    0.999309	 0.000691484	1	    0.999313	 0.000687309	     0.98786	   0.0121401
43	-0.36	-1.69	-0.15	1.25	0.35	575	43	 1.88109e-08	           1	2	  0.00622797	    0.993772	2	    0.100702	    0.899298	  0.00622797	    0.993772
43	0.84	0.04	-1.07	-0.36	-0.02	576	43	 1.88109e-08	           1	2	    0.383081	    0.616919	2	    0.917323	   0.0826767	    0.383081	    0.616919
43	1.45	0.43	1.03	0.09	-0.07	577	43	 1.88109e-08	           1	2	 1.11821e-05	    0.999989	2	 0.000199764	      0.9998	 1.11821e-05	    0.999989
43	0.73	0.09	0.18	0.29	-0.14	578	43	 1.88109e-08	           1	2	  0.00338133	    0.996619	2	   0.0571575	    0.942842	  0.00338133	    0.996619
43	1.28	0	1.05	-0.39	1.03	579	43	 1.88109e-08	           1	2	 1.09542e-06	    0.999999	2	 1.95726e-05	     0.99998	 1.09542e-06	    0.999999
43	0.85	1.23	0.9	-0.17	-0.06	580	43	 1.88109e-08	           1	2	 2.98414e-05	     0.99997	2	 0.000532939	    0.999467	 2.98414e-05	     0.99997
43	0.85	-1.9	0.79	-0.01	0.01	581	43	 1.88109e-08	           1	2	  0.00196208	    0.998038	2	   0.0339353	    0.966065	  0.00196208	    0.998038
43	1.65	0.13	0.33	1.12	1.48	582	43	 1.88109e-08	           1	2	 1.25003e-08	           1	2	 2.23355e-07	           1	 1.25003e-08	           1
43	0.11	1.82	1.7	0.89	0.62	583	43	 1.88109e-08	           1	2	 2.66717e-09	           1	2	  4.7657e-08	           1	 2.66717e-09	           1
43	0.9	0.46	-0.47	-1.02	0.2	584	43	 1.88109e-08	           1	2	    0.049976	    0.950024	2	    0.484522	    0.515478	    0.049976	    0.950024
43	0.3	0.99	0.56	0.61	1	585	43	 1.88109e-08	           1	2	 1.18041e-06	    0.999999	2	 2.10912e-05	    0.999979	 1.18041e-06	    0.999999
43	0.64	-0.87	0.44	1.22	0.57	586	43	 1.88109e-08	           1	2	 1.43534e-05	    0.999986	2	 0.000256405	    0.999744	 1.43534e-05	    0.999986
43	2.02	0.99	0.16	0.53	-0.1	587	43	 1.88109e-08	           1	2	 8.50526e-06	    0.999991	2	  0.00015195	    0.999848	 8.50526e-06	    0.999991
44	-0.42	-0.28	-1.37	-1.16	-0.24	588	44	 1.27792e-05	    0.999987	2	    0.998188	  0.00181177	1	    0.999898	 0.000101572	    0.998188	  0.00181179
44	-0.98	-0.7	-1.49	-0.22	-1	589	44	 1.27792e-05	    0.999987	2	    0.999942	 5.82489e-05	1	    0.999997	 3.26017e-06	    0.999942	 5.82496e-05
44	0.93	-0.59	-1.9	-1.55	-0.94	590	44	 1.27792e-05	    0.999987	2	    0.999735	 0.000265236	1	    0.999985	 1.48481e-05	    0.999735	 0.000265239
44	0.34	-1.44	0.13	0.59	0.08	591	44	 1.27792e-05	    0.999987	2	   0.0106379	    0.989362	2	    0.161135	    0.838865	    0.010636	    0.989364
44	1.3	-0.17	1.2	1.22	0.72	592	44	 1.27792e-05	    0.999987	2	 2.25963e-08	           1	2	 4.03663e-07	           1	 2.25914e-08	           1
44	-0.52	0.18	0.5	0.92	0.97	593	44	 1.27792e-05	    0.999987	2	 2.19131e-05	    0.999978	2	 0.000391315	    0.999609	 2.19084e-05	    0.999978
44	0.95	0.96	-0.39	1.93	0.98	594	44	 1.27792e-05	    0.999987	2	  7.1265e-08	           1	2	 1.27309e-06	    0.999999	 7.12496e-08	           1
44	1.1	1.32	1.1	0.21	1.36	595	44	 1.27792e-05	    0.999987	2	 5.04802e-09	           1	2	 9.01787e-08	           1	 5.04693e-09	           1
44	0.76	0.03	0.51	-1.14	-0.88	596	44	 1.27792e-05	    0.999987	2	    0.305886	    0.694114	2	     0.88731	     0.11269	    0.305878	    0.694122
44	-0.1	-0.67	0.21	-0.79	0.5	597	44	 1.27792e-05	    0.999987	2	   0.0546914	    0.945309	2	    0.508273	    0.491727	   0.0546856	    0.945314
44	0.74	-0.54	0.37	-0.16	2.14	598	44	 1.27792e-05	    0.999987	2	  8.5039e-07	    0.999999	2	 1.51913e-05	    0.999985	 8.50207e-07	    0.999999
44	-0.35	0.81	0.61	0.55	0.04	599	44	 1.27792e-05	    0.999987	2	  0.00044858	    0.999551	2	  0.00795335	    0.992047	 0.000448484	    0.999552
44	0.65	1.04	1.17	0.36	1.28	600	44	 1.27792e-05	    0.999987	2	 2.09754e-08	           1	2	 3.74708e-07	           1	 2.09709e-08	           1
44	0.46	0.24	-0.05	-2.16	0.28	601	44	 1.27792e-05	    0.999987	2	    0.118232	    0.881768	2	    0.705507	    0.294493	    0.118225	    0.881775
44	0.9	0.3	1.4	1.47	0.77	602	44	 1.27792e-05	    0.999987	2	 3.61201e-09	           1	2	 6.45255e-08	           1	 3.61123e-09	           1
45	0.33	1.35	0.45	0.43	0.03	603	45	 8.14058e-08	           1	2	 7.22078e-05	    0.999928	2	  0.00128864	    0.998711	 7.22077e-05	    0.999928
45	-0.18	0.29	1.69	0.46	0.6	604	45	 8.14058e-08	           1	2	 8.53523e-07	    0.999999	2	 1.52505e-05	    0.999985	 8.53522e-07	    0.999999
45	0.06	-0.25	0.62	-0.46	0.54	605	45	 8.14058e-08	           1	2	  0.00194603	    0.998054	2	   0.0336665	    0.966334	  0.00194603	    0.998054
45	0.94	1.29	1.01	2.03	1.3	606	45	 8.14058e-08	           1	2	 2.28831e-11	           1	2	 4.08875e-10	           1	 2.28831e-11	           1
45	0.18	-0.03	1.35	-0.24	1.11	607	45	 8.14058e-08	           1	2	 2.36998e-06	    0.999998	2	  4.2345e-05	    0.999958	 2.36997e-06	    0.999998
45	-0.85	-0.86	-1.42	-0.37	-1.1	608	45	 8.14058e-08	           1	2	    0.999963	 3.70259e-05	1	    0.999998	 2.07226e-06	    0.999963	 3.70259e-05
45	-0.58	-0.72	-1.39	0	-2.16	609	45	 8.14058e-08	           1	2	    0.999997	 2.87187e-06	1	           1	 1.60728e-07	    0.999997	 2.87187e-06
45	1.24	0.28	0.92	0.8	0.74	610	45	 8.14058e-08	           1	2	 1.71356e-07	           1	2	 3.06178e-06	    0.999997	 1.71356e-07	           1
45	1.01	0.28	1.23	0.35	0.24	611	45	 8.14058e-08	           1	2	 2.55888e-06	    0.999997	2	 4.57201e-05	    0.999954	 2.55888e-06	    0.999997
45	1.37	-0.13	1.07	-0.86	1	612	45	 8.14058e-08	           1	2	 2.80313e-06	    0.999997	2	 5.00839e-05	     0.99995	 2.80312e-06	    0.999997
45	1.71	0.15	1.27	0.18	-0.1	613	45	 8.14058e-08	           1	2	 2.82024e-06	    0.999997	2	 5.03897e-05	     0.99995	 2.82024e-06	    0.999997
45	1.22	0.09	-0.06	0.7	0.33	614	45	 8.14058e-08	           1	2	 9.80681e-05	    0.999902	2	  0.00174939	    0.998251	  9.8068e-05	    0.999902
45	-0.07	1.62	0.47	0.25	0.04	615	45	 8.14058e-08	           1	2	 0.000136876	    0.999863	2	  0.00244006	     0.99756	 0.000136876	    0.999863
45	0.49	1.3	0.56	0.3	1.07	616	45	 8.14058e-08	           1	2	 6.59483e-07	    0.999999	2	 1.17835e-05	    0.999988	 6.59482e-07	    0.999999
46	0.86	1.19	0.09	0.34	0.8	617	46	  0.00808689	    0.991913	2	 6.90382e-06	    0.999993	2	 0.000108541	    0.999891	  6.0752e-06	    0.999994
46	1.62	0.7	0.87	0.77	1.42	618	46	  0.00808689	    0.991913	2	  2.4063e-09	           1	2	 3.78347e-08	           1	 2.11746e-09	           1
46	-0.97	1.93	0.99	1.12	0.17	619	46	  0.00808689	    0.991913	2	 2.02204e-06	    0.999998	2	 3.17921e-05	    0.999968	 1.77933e-06	    0.999998
46	0.58	1.06	0.21	1.56	1.11	620	46	  0.00808689	    0.991913	2	 4.92204e-08	           1	2	 7.73903e-07	    0.999999	 4.33122e-08	           1
46	-0.58	-0.67	-0.3	-1.02	-0.01	621	46	  0.00808689	    0.991913	2	    0.934635	   0.0653649	1	    0.996069	  0.00393065	    0.934134	   0.0658658
46	-0.5	-1.52	-0.28	0.09	-0.55	622	46	  0.00808689	    0.991913	2	    0.954322	   0.0456776	1	    0.997307	  0.00269302	    0.953972	   0.0460281
46	-1.79	-0.9	-1.6	-1.04	-1	623	46	  0.00808689	    0.991913	2	    0.999999	 1.26069e-06	1	           1	 7.10987e-08	    0.999999	 1.27039e-06
46	-0.12	-0.77	-1.27	-0.89	-0.72	624	46	  0.00808689	    0.991913	2	    0.999454	 0.000545557	1	    0.999969	 3.07835e-05	     0.99945	 0.000549754
46	1.46	1.77	0.5	0.94	1.7	625	46	  0.00808689	    0.991913	2	  2.1179e-10	           1	2	 3.33003e-09	           1	 1.86368e-10	           1
46	-0.71	-1.23	-1.37	-0.9	-1.01	626	46	  0.00808689	    0.991913	2	    0.999979	 2.06964e-05	1	    0.999999	 1.16723e-06	    0.999979	 2.08557e-05
46	-1.55	-1.16	-0.17	-1.18	-0.76	627	46	  0.00808689	    0.991913	2	    0.999704	 0.000295594	1	    0.999983	 1.66752e-05	    0.999702	 0.000297868
46	-0.51	-0.17	0.63	1.64	0.6	628	46	  0.00808689	    0.991913	2	 8.16166e-06	    0.999992	2	 0.000128314	    0.999872	 7.18208e-06	    0.999993
46	0.32	-0.26	0.29	-0.88	-0.33	629	46	  0.00808689	    0.991913	2	     0.25667	     0.74333	2	    0.857396	    0.142604	    0.251772	    0.748228
46	1.38	0.76	1.85	0.15	1.19	630	46	  0.00808689	    0.991913	2	 7.24663e-10	           1	2	  1.1394e-08	           1	 6.37677e-10	           1
46	-0.27	1.22	0.49	2.57	0.86	631	46	  0.00808689	    0.991913	2	 2.69598e-09	           1	2	 4.23894e-08	           1	 2.37237e-09	           1
47	-1.65	-0.3	-0.57	0.21	-1.13	632	47	     0.79958	     0.20042	1	    0.999835	 0.000164844	1	    0.999962	 3.76493e-05	    0.999328	 0.000672292
47	-1.72	-0.03	-1.12	-1.84	-0.53	633	47	     0.79958	     0.20042	1	    0.999989	  1.1063e-05	1	    0.999997	 2.52548e-06	    0.999955	 4.51235e-05
47	-0.9	-0.58	-0.4	-0.38	-0.5	634	47	     0.79958	     0.20042	1	    0.997028	   0.0029721	1	    0.999315	 0.000684849	    0.987903	   0.0120971
47	-0.27	2.01	-0.1	-1.32	0.24	635	47	     0.79958	     0.20042	1	   0.0911491	    0.908851	2	    0.112235	    0.887765	  0.00702575	    0.992974
47	-1.11	-0.91	0.03	-1.33	-0.54	636	47	     0.79958	     0.20042	1	    0.999035	 0.000964936	1	    0.999779	 0.000220941	    0.996067	  0.00393313
47	-1.15	-0.91	-0.44	-1.81	-0.15	637	47	     0.79958	     0.20042	1	    0.999513	 0.000486894	1	    0.999889	 0.000111316	    0.998015	  0.00198527
47	-1.08	-0.69	-1.7	-1.02	-1.8	638	47	     0.79958	     0.20042	1	           1	 5.35641e-08	1	           1	 1.22274e-08	           1	 2.18478e-07
47	-0.24	3.22	0.39	1.03	0.38	639	47	     0.79958	     0.20042	1	 4.56653e-07	           1	2	 5.63215e-07	    0.999999	 3.15209e-08	           1
47	-0.18	-0.74	1.12	0.44	0.21	640	47	     0.79958	     0.20042	1	  0.00436788	    0.995632	2	  0.00538676	    0.994613	 0.000303016	    0.999697
47	0.12	0.65	-0.05	0.4	1.76	641	47	     0.79958	     0.20042	1	 4.39783e-05	    0.999956	2	 5.42407e-05	    0.999946	 3.03579e-06	    0.999997
48	-1.29	-0.45	-1.11	-0.29	-1.16	642	48	 1.13278e-06	    0.999999	2	    0.999947	 5.31445e-05	1	    0.999997	 2.97444e-06	    0.999947	 5.31446e-05
48	-1.01	-1.22	-1.1	-1.46	-0.77	643	48	 1.13278e-06	    0.999999	2	    0.999972	  2.7712e-05	1	    0.999998	 1.55097e-06	    0.999972	  2.7712e-05
48	-0.54	0.31	1.02	1.02	1.05	644	48	 1.13278e-06	    0.999999	2	  1.0191e-06	    0.999999	2	 1.82086e-05	    0.999982	 1.01908e-06	    0.999999
48	0.87	0.19	1.31	0.5	-0.31	645	48	 1.13278e-06	    0.999999	2	 1.87806e-05	    0.999981	2	  0.00033546	    0.999665	 1.87803e-05	    0.999981
48	0.46	-0.82	0.89	-0.2	-0.28	646	48	 1.13278e-06	    0.999999	2	  0.00822792	    0.991772	2	    0.129097	    0.870903	  0.00822778	    0.991772
48	-0.6	-0.3	1.19	1.2	0.86	647	48	 1.13278e-06	    0.999999	2	 1.73682e-06	    0.999998	2	  3.1032e-05	    0.999969	 1.73679e-06	    0.999998
48	0.21	1.07	0.95	-0.09	0.24	648	48	 1.13278e-06	    0.999999	2	 4.04725e-05	     0.99996	2	 0.000722656	    0.999277	 4.04717e-05	     0.99996
48	0.85	-0.82	0	-0.42	-0.13	649	48	 1.13278e-06	    0.999999	2	   0.0897813	    0.910219	2	       0.638	       0.362	   0.0897807	    0.910219
48	0.9	-0.82	0.85	0.27	-0.44	650	48	 1.13278e-06	    0.999999	2	  0.00187805	    0.998122	2	    0.032526	    0.967474	  0.00187802	    0.998122
48	0.8	1.01	-0.01	-0.65	0.12	651	48	 1.13278e-06	    0.999999	2	  0.00295525	    0.997045	2	   0.0502964	    0.949704	   0.0029552	    0.997045
48	-1.29	0.87	0.9	0.39	0.42	652	48	 1.13278e-06	    0.999999	2	 0.000303061	    0.999697	2	  0.00538745	    0.994613	 0.000303055	    0.999697
48	0.6	0.75	0.75	-0.25	0.09	653	48	 1.13278e-06	    0.999999	2	 0.000206837	    0.999793	2	  0.00368284	    0.996317	 0.000206833	    0.999793
48	-0.44	1.05	0.16	0.59	0.89	654	48	 1.13278e-06	    0.999999	2	 4.80914e-05	    0.999952	2	 0.000858585	    0.999141	 4.80905e-05	    0.999952
49	-0.2	1.07	0.78	0.06	0.36	655	49	 4.83088e-06	    0.999995	2	 9.16034e-05	    0.999908	2	  0.00163411	    0.998366	 9.15959e-05	    0.999908
49	1.52	-0.6	-2.23	-1.67	-0.2	656	49	 4.83088e-06	    0.999995	2	    0.989629	   0.0103707	1	    0.999414	 0.000586147	    0.989629	   0.0103708
49	0.39	0.08	0.71	0.48	0.44	657	49	 4.83088e-06	    0.999995	2	 4.90684e-05	    0.999951	2	 0.000875959	    0.999124	 4.90644e-05	    0.999951
49	-0.69	0.44	-0.65	1	0.21	658	49	 4.83088e-06	    0.999995	2	   0.0240103	     0.97599	2	    0.305336	    0.694664	   0.0240089	    0.975991
49	1.7	0.43	0.26	1.24	1.35	659	49	 4.83088e-06	    0.999995	2	 9.34037e-09	           1	2	  1.6688e-07	           1	 9.33961e-09	           1
49	0.01	0.07	1.11	0.45	0.18	660	49	 4.83088e-06	    0.999995	2	 7.14268e-05	    0.999929	2	  0.00127462	    0.998725	  7.1421e-05	    0.999929
49	1.18	0.25	1.16	0.59	1.28	661	49	 4.83088e-06	    0.999995	2	  1.4643e-08	           1	2	 2.61619e-07	           1	 1.46418e-08	           1
49	-0.04	-2.91	-1.38	-0.81	-1.28	662	49	 4.83088e-06	    0.999995	2	    0.999975	 2.46303e-05	1	    0.999999	 1.37849e-06	    0.999975	 2.46304e-05
49	1.27	0.39	0.29	-0.45	1.04	663	49	 4.83088e-06	    0.999995	2	 1.45949e-05	    0.999985	2	 0.000260696	    0.999739	 1.45937e-05	    0.999985
49	0.87	-0.12	-0.01	-0.55	-0.2	664	49	 4.83088e-06	    0.999995	2	   0.0637559	    0.936244	2	    0.548883	    0.451117	   0.0637535	    0.936246
49	0.1	2.74	0.46	0.89	1.33	665	49	 4.83088e-06	    0.999995	2	 1.81433e-09	           1	2	 3.24159e-08	           1	 1.81419e-09	           1
49	1.28	0.52	1.41	0.34	1.47	666	49	 4.83088e-06	    0.999995	2	 2.02627e-09	           1	2	 3.62024e-08	           1	  2.0261e-09	           1
50	1.57	0.37	0.18	0.93	0.98	667	50	  6.0451e-05	     0.99994	2	 2.92547e-07	           1	2	 5.22189e-06	    0.999995	 2.92249e-07	           1
50	-0.18	0.32	0.87	0.3	0.07	668	50	  6.0451e-05	     0.99994	2	 0.000501919	    0.999498	2	   0.0088841	    0.991116	 0.000501412	    0.999499
50	-1.42	0.88	-0.86	-0.79	-0.37	669	50	  6.0451e-05	     0.99994	2	    0.991699	  0.00830089	1	    0.999532	 0.000468264	    0.991699	  0.00830137
50	0.26	-1.32	1	1.6	-0.07	670	50	  6.0451e-05	     0.99994	2	 1.73521e-05	    0.999983	2	 0.000309641	     0.99969	 1.73344e-05	    0.999983
50	-1.49	1.03	0.34	-1.18	1.21	671	50	  6.0451e-05	     0.99994	2	  0.00361248	    0.996388	2	   0.0607856	    0.939214	  0.00360902	    0.996391
50	0.58	0.59	-0.09	0.11	0.29	672	50	  6.0451e-05	     0.99994	2	   0.0014607	    0.998539	2	   0.0254475	    0.974552	  0.00145925	    0.998541
50	1.48	0.25	1.29	1.53	1.26	673	50	  6.0451e-05	     0.99994	2	 1.45021e-10	           1	2	 2.58859e-09	           1	 1.44873e-10	           1
50	-0.79	0.41	1.2	0.57	0.15	674	50	  6.0451e-05	     0.99994	2	 0.000127271	    0.999873	2	  0.00226691	    0.997733	 0.000127142	    0.999873
50	1.11	-0.8	-0.16	0.16	-0.35	675	50	  6.0451e-05	     0.99994	2	   0.0511154	    0.948885	2	    0.490317	    0.509683	   0.0510889	    0.948911
50	0.58	-0.31	0.41	0.57	1.26	676	50	  6.0451e-05	     0.99994	2	 4.61342e-06	    0.999995	2	 8.23422e-05	    0.999918	 4.60872e-06	    0.999995
50	-0.26	-1.87	-1.38	-0.52	-1.78	677	50	  6.0451e-05	     0.99994	2	    0.999996	 3.51417e-06	1	           1	 1.96685e-07	    0.999996	 3.51437e-06
50	-2	-0.86	-0.47	-0.87	-1.08	678	50	  6.0451e-05	     0.99994	2	    0.999975	 2.50444e-05	1	    0.999999	 1.40175e-06	    0.999975	 2.50459e-05
51	-1.29	-1.32	-1	-0.26	-0.8	679	51	    0.990715	  0.00928529	1	    0.999991	 9.04253e-06	1	    0.999992	 7.81818e-06	     0.99986	 0.000139677
51	-0.72	-0.78	-1.82	-2	-1.09	680	51	    0.990715	  0.00928529	1	           1	 1.17323e-07	1	           1	 1.01436e-07	    0.999998	 1.81245e-06
51	-0.52	0.03	-0.66	-1.73	-2.15	681	51	    0.990715	  0.00928529	1	           1	 2.72513e-07	1	           1	  2.3561e-07	    0.999996	 4.20987e-06
51	-2.04	-0.22	-0.94	-0.39	-0.17	682	51	    0.990715	  0.00928529	1	     0.99992	 8.01992e-05	1	    0.999931	 6.93506e-05	    0.998762	  0.00123771
51	-0.64	-1.15	-0.26	-0.86	-1.05	683	51	    0.990715	  0.00928529	1	    0.999949	 5.10828e-05	1	    0.999956	 4.41701e-05	    0.999211	 0.000788645
51	1.21	0.83	0.49	0.59	0.6	684	51	    0.990715	  0.00928529	1	 2.32166e-05	    0.999977	2	 2.34219e-05	    0.999977	 1.31086e-06	    0.999999
51	0.45	-0.21	0.68	-0.17	-0.1	685	51	    0.990715	  0.00928529	1	   0.0688541	    0.931146	2	   0.0694604	     0.93054	  0.00416022	     0.99584
51	1.29	-0.22	-0.14	0.21	-0.78	686	51	    0.990715	  0.00928529	1	    0.571097	    0.428903	1	    0.575787	    0.424213	   0.0706001	      0.9294
51	0.33	1.48	-0.38	-0.14	1.12	687	51	    0.990715	  0.00928529	1	 0.000967835	    0.999032	2	 0.000976393	    0.999024	 5.46952e-05	    0.999945
51	1.18	0.62	0.41	1.52	1.51	688	51	    0.990715	  0.00928529	1	 4.30949e-08	           1	2	  4.3476e-08	           1	 2.43318e-09	           1
51	-1.51	0.02	-0.97	-1.23	-1.46	689	51	    0.990715	  0.00928529	1	           1	  3.4435e-07	1	           1	  2.9772e-07	    0.999995	 5.31964e-06
51	-1.77	-1.98	-0.57	-0.75	-1.99	690	51	    0.990715	  0.00928529	1	           1	 2.69994e-08	1	           1	 2.33433e-08	           1	 4.17098e-07
51	-0.43	-1.11	-1.27	-0.8	-0.68	691	51	    0.990715	  0.00928529	1	    0.999983	 1.71315e-05	1	    0.999985	 1.48122e-05	    0.999735	 0.000264598
51	-1.09	-1.68	-1.7	0.21	-0.4	692	51	    0.990715	  0.00928529	1	    0.999973	 2.66424e-05	1	    0.999977	 2.30359e-05	    0.999589	 0.000411447
52	-0.78	1.69	-0.08	0.26	-0.03	693	52	   0.0412078	    0.958792	2	   0.0099077	    0.990092	2	   0.0987008	    0.901299	  0.00609147	    0.993909
52	0.43	1.48	-0.05	1.06	1.49	694	52	   0.0412078	    0.958792	2	 1.29981e-07	           1	2	 1.37013e-06	    0.999999	 7.66808e-08	           1
52	-0.23	0.37	0.15	-0.48	0.01	695	52	   0.0412078	    0.958792	2	   0.0990654	    0.900935	2	     0.60026	     0.39974	   0.0775246	    0.922475
52	0.35	1.57	1.54	0.17	0.93	696	52	   0.0412078	    0.958792	2	 2.66069e-08	           1	2	 2.80464e-07	           1	 1.56965e-08	           1
52	1.15	1.7	1.34	0.4	0.78	697	52	   0.0412078	    0.958792	2	 6.27973e-09	           1	2	 6.61948e-08	           1	 3.70465e-09	           1
52	1.2	1.51	0.7	0.23	0.95	698	52	   0.0412078	    0.958792	2	 1.22232e-07	           1	2	 1.28845e-06	    0.999999	 7.21093e-08	           1
52	0.91	-1.48	2.25	-0.05	1.37	699	52	   0.0412078	    0.958792	2	  8.3797e-09	           1	2	 8.83305e-08	           1	  4.9435e-09	           1
52	-1.02	0.06	-0.45	0.44	-1.18	700	52	   0.0412078	    0.958792	2	    0.990097	  0.00990262	1	    0.999418	 0.000582292	    0.989697	   0.0103032
52	-0.34	-0.24	-0.74	0.3	-0.51	701	52	   0.0412078	    0.958792	2	      0.8991	      0.1009	1	     0.99348	  0.00651997	    0.895044	    0.104956
52	-1.12	-0.07	-0.36	-2.14	-0.81	702	52	   0.0412078	    0.958792	2	    0.999585	  0.00041476	1	    0.999976	 2.41618e-05	    0.999568	 0.000431547
52	-0.62	-1.28	-1.15	-0.58	-1.14	703	52	   0.0412078	    0.958792	2	    0.999953	  4.7363e-05	1	    0.999997	 2.75813e-06	    0.999951	   4.928e-05
52	-1.65	-1.38	-0.94	-1.27	-0.93	704	52	   0.0412078	    0.958792	2	    0.999993	 6.62628e-06	1	           1	 3.85859e-07	    0.999993	 6.89448e-06
52	0.16	-1.68	-0.6	-0.72	0.55	705	52	   0.0412078	    0.958792	2	     0.50409	     0.49591	1	    0.943945	    0.056055	    0.485185	    0.514815
53	-1.31	0.17	0.17	-1.44	-1.49	706	53	    0.998739	  0.00126086	1	     0.99998	  2.0094e-05	1	     0.99998	 1.96757e-05	    0.999649	 0.000351449
53	-0.77	-0.53	-1.03	-0.11	-1.11	707	53	    0.998739	  0.00126086	1	     0.99998	 2.00808e-05	1	     0.99998	 1.96628e-05	    0.999649	 0.000351218
53	-0.57	-0.65	-0.82	-0.06	0.15	708	53	    0.998739	  0.00126086	1	    0.989645	   0.0103547	1	    0.989828	    0.010172	    0.844865	    0.155135
53	0.94	-1.67	-1.03	-0.85	-0.54	709	53	    0.998739	  0.00126086	1	    0.999083	 0.000916751	1	    0.999102	 0.000897955	    0.984195	   0.0158053
53	-1.45	-0.28	-0.46	-0.78	-0.4	710	53	    0.998739	  0.00126086	1	    0.999822	 0.000177518	1	    0.999826	 0.000173833	    0.996903	  0.00309697
53	-0.93	0.55	-0.61	-0.29	-0.12	711	53	    0.998739	  0.00126086	1	    0.988284	    0.011716	1	    0.988487	   0.0115133	    0.827735	    0.172265
53	0.26	0.31	-0.33	1.74	1.44	712	53	    0.998739	  0.00126086	1	 6.96297e-06	    0.999993	2	 6.97127e-06	    0.999993	 3.90156e-07	           1
53	-0.37	0.13	0.31	-0.08	0.3	713	53	    0.998739	  0.00126086	1	     0.16997	     0.83003	2	     0.17017	     0.82983	   0.0113465	    0.988654
53	0.56	2.13	-0.02	1.48	0.6	714	53	    0.998739	  0.00126086	1	 1.25928e-06	    0.999999	2	 1.26078e-06	    0.999999	 7.05609e-08	           1
53	-1.38	-0.92	-2.16	-0.83	-1.3	715	53	    0.998739	  0.00126086	1	           1	 1.77544e-08	1	           1	 1.73846e-08	           1	 3.10628e-07
53	0.15	-2.26	-1.78	-0.77	-0.57	716	53	    0.998739	  0.00126086	1	    0.999986	 1.40295e-05	1	    0.999986	 1.37374e-05	    0.999755	 0.000245403
53	-0.17	-2.16	0.22	-0.49	-0.96	717	53	    0.998739	  0.00126086	1	    0.998641	  0.00135892	1	    0.998669	  0.00133127	    0.976735	   0.0232647
54	-0.44	-1.08	-1.57	-0.17	-0.87	718	54	           1	  2.8207e-07	1	    0.999989	 1.13149e-05	1	    0.999989	 1.13149e-05	    0.999798	 0.000202135
54	-1.37	-0.37	-0.56	-1.44	-1.01	719	54	           1	  2.8207e-07	1	    0.999996	 3.84676e-06	1	    0.999996	 3.84674e-06	    0.999931	 6.87292e-05
54	-2.04	-1.36	-0.06	-0.92	-0.49	720	54	           1	  2.8207e-07	1	    0.999964	 3.63766e-05	1	    0.999964	 3.63764e-05	     0.99935	 0.000649576
54	-0.93	-0.28	-1.63	0.64	-0.07	721	54	           1	  2.8207e-07	1	    0.997885	  0.00211469	1	    0.997885	  0.00211468	    0.963516	   0.0364837
54	-0.11	-0.81	-0.11	-0.9	0.52	722	54	           1	  2.8207e-07	1	    0.821219	    0.178781	1	    0.821219	    0.178781	    0.204503	    0.795497
54	-1.55	-0.96	0.16	0.77	-1.5	723	54	           1	  2.8207e-07	1	    0.999661	 0.000338809	1	    0.999661	 0.000338808	    0.993981	  0.00601942
54	-0.85	-1.41	-0.63	-0.66	-2.44	724	54	           1	  2.8207e-07	1	           1	 3.46125e-08	1	           1	 3.46123e-08	    0.999999	 6.18453e-07
54	-0.73	-0.73	-0.79	-0.22	0.28	725	54	           1	  2.8207e-07	1	    0.991678	  0.00832163	1	    0.991678	  0.00832159	    0.869612	    0.130388
54	-0.43	-1.8	-0.67	-0.85	-1.32	726	54	           1	  2.8207e-07	1	    0.999996	 3.95525e-06	1	    0.999996	 3.95523e-06	    0.999929	 7.06674e-05
54	0.39	0	0.96	1.25	1.27	727	54	           1	  2.8207e-07	1	 7.84503e-07	    0.999999	2	 7.84503e-07	    0.999999	 4.39055e-08	           1
54	0.75	-1.52	-1.38	-1.92	-0.35	728	54	           1	  2.8207e-07	1	    0.999878	 0.000122156	1	    0.999878	 0.000122155	    0.997822	  0.00217818
54	-1.36	0.66	-0.56	-0.8	-0.1	729	54	           1	  2.8207e-07	1	    0.997393	  0.00260726	1	    0.997393	  0.00260725	    0.955376	   0.0446238
54	-0.52	-0.56	-0.6	-0.88	-0.78	730	54	           1	  2.8207e-07	1	    0.999902	  9.8266e-05	1	    0.999902	 9.82655e-05	    0.998247	   0.0017529
54	-0.99	-0.69	-0.71	-0.67	0.04	731	54	           1	  2.8207e-07	1	    0.999102	 0.000897923	1	    0.999102	 0.000897919	    0.984195	   0.0158046
54	-1.06	-0.63	-0.51	-0.16	-1.56	732	54	           1	  2.8207e-07	1	    0.999993	 6.90303e-06	1	    0.999993	 6.90299e-06	    0.999877	 0.000123328
55	-0.01	0.58	0.46	0.39	0.09	733	55	 5.62712e-06	    0.999994	2	 0.000795129	    0.999205	2	   0.0140181	    0.985982	 0.000795055	    0.999205
55	0.92	2.77	1.88	0.81	0.81	734	55	 5.62712e-06	    0.999994	2	 4.28587e-12	           1	2	 7.65726e-11	           1	 4.28546e-12	           1
55	0.79	1.53	0.18	0.12	1.12	735	55	 5.62712e-06	    0.999994	2	 1.03069e-06	    0.999999	2	 1.84143e-05	    0.999982	 1.03059e-06	    0.999999
55	0.05	-0.61	-0.69	-2.21	-1.05	736	55	 5.62712e-06	    0.999994	2	    0.999661	 0.000338938	1	    0.999981	 1.89752e-05	    0.999661	  0.00033894
55	-0.11	-0.22	-1.31	-1.79	-0.95	737	55	 5.62712e-06	    0.999994	2	    0.999878	 0.000122004	1	    0.999993	 6.82889e-06	    0.999878	 0.000122005
55	-0.85	0.46	0.26	0.9	0.42	738	55	 5.62712e-06	    0.999994	2	 0.000762405	    0.999238	2	   0.0134484	    0.986552	 0.000762333	    0.999238
55	-1.21	-0.3	1.24	0.21	0.51	739	55	 5.62712e-06	    0.999994	2	 0.000547309	    0.999453	2	  0.00968897	    0.990311	 0.000547258	    0.999453
55	-0.1	0.39	0.23	1.32	1.07	740	55	 5.62712e-06	    0.999994	2	 2.57492e-06	    0.999997	2	 4.60024e-05	    0.999954	 2.57468e-06	    0.999997
55	-0.36	1.01	1.42	0.65	1.74	741	55	 5.62712e-06	    0.999994	2	 4.68433e-09	           1	2	 8.36918e-08	           1	 4.68389e-09	           1
55	-0.64	-0.19	0.41	1.79	0.6	742	55	 5.62712e-06	    0.999994	2	 1.30248e-05	    0.999987	2	 0.000232654	    0.999767	 1.30236e-05	    0.999987
55	0.57	-1.13	2.14	1.14	1.14	743	55	 5.62712e-06	    0.999994	2	 1.09847e-09	           1	2	 1.96256e-08	           1	 1.09837e-09	           1
55	0.18	0.32	0.29	1.87	1.68	744	55	 5.62712e-06	    0.999994	2	 9.74288e-09	           1	2	 1.74069e-07	           1	 9.74195e-09	           1
55	0.44	0.61	0.13	-0.32	0.35	745	55	 5.62712e-06	    0.999994	2	  0.00195467	    0.998045	2	   0.0338082	    0.966192	  0.00195449	    0.998046
55	-0.59	0.3	-0.21	-1.48	-0.53	746	55	 5.62712e-06	    0.999994	2	    0.975617	   0.0243827	1	    0.998603	  0.00139676	    0.975617	   0.0243828
55	0.19	-0.5	-0.19	-1.31	-0.99	747	55	 5.62712e-06	    0.999994	2	    0.991218	  0.00878151	1	    0.999504	 0.000495576	    0.991218	  0.00878155
56	-0.8	-0.19	-1.35	-0.38	-0.01	748	56	           1	 8.49701e-08	1	    0.999427	 0.000572602	1	    0.999427	 0.000572601	    0.989867	   0.0101334
56	-1.1	-1.17	-1.19	-0.63	-0.71	749	56	           1	 8.49701e-08	1	    0.999995	 4.90683e-06	1	    0.999995	 4.90683e-06	    0.999912	  8.7668e-05
56	0.96	-1.01	-1.55	0.17	-1.24	750	56	           1	 8.49701e-08	1	    0.999803	 0.000197485	1	    0.999803	 0.000197485	    0.996483	  0.00351695
56	-0.57	-0.57	-1.95	-1.05	-2.19	751	56	           1	 8.49701e-08	1	           1	 4.67258e-09	1	           1	 4.67257e-09	           1	 8.34896e-08
56	-0.44	0.11	-0.94	-0.78	-0.12	752	56	           1	 8.49701e-08	1	    0.998052	  0.00194846	1	    0.998052	  0.00194846	    0.966293	   0.0337072
56	-0.7	0.6	-0.86	-1.52	-1.1	753	56	           1	 8.49701e-08	1	    0.999979	 2.05353e-05	1	    0.999979	 2.05353e-05	    0.999633	 0.000366797
56	-0.52	-0.7	-0.48	-0.65	-1.51	754	56	           1	 8.49701e-08	1	     0.99999	 9.72338e-06	1	     0.99999	 9.72336e-06	    0.999826	 0.000173709
56	0.03	-0.65	-0.76	0.4	-1.17	755	56	           1	 8.49701e-08	1	    0.999244	 0.000756137	1	    0.999244	 0.000756136	     0.98666	   0.0133405
56	-0.31	0.13	-0.46	-0.29	-0.1	756	56	           1	 8.49701e-08	1	    0.963031	   0.0369691	1	    0.963031	   0.0369691	    0.593147	    0.406853
56	-3.14	-0.45	-2.34	-0.93	-1.32	757	56	           1	 8.49701e-08	1	           1	 5.38341e-10	1	           1	 5.38341e-10	           1	 9.61908e-09
56	-0.34	-1.14	-0.93	-0.34	0.12	758	56	           1	 8.49701e-08	1	    0.996637	  0.00336306	1	    0.996637	  0.00336306	    0.943135	   0.0568653
56	0.21	-1.25	-0.35	-0.26	-1.74	759	56	           1	 8.49701e-08	1	    0.999956	 4.43489e-05	1	    0.999956	 4.43489e-05	    0.999208	 0.000791834
56	-0.84	0.14	-1.6	-0.85	-1.28	760	56	           1	 8.49701e-08	1	    0.999999	 9.68177e-07	1	    0.999999	 9.68176e-07	    0.999983	 1.72991e-05
57	-1.48	-1.8	-0.58	-0.56	-0.7	761	57	    0.997806	  0.00219364	1	    0.999988	 1.22498e-05	1	    0.999988	 1.18128e-05	    0.999789	 0.000211028
57	-0.19	-1.69	-0.84	0.08	-1.35	762	57	    0.997806	  0.00219364	1	     0.99997	 2.98722e-05	1	    0.999971	 2.88068e-05	    0.999486	 0.000514471
57	-0.83	-0.42	-1.53	-1.29	-0.95	763	57	    0.997806	  0.00219364	1	    0.999999	 1.00298e-06	1	    0.999999	 9.67192e-07	    0.999983	 1.72815e-05
57	-1.27	-0.82	-0.76	-1.29	-0.91	764	57	    0.997806	  0.00219364	1	    0.999997	 2.69211e-06	1	    0.999997	 2.59606e-06	    0.999954	 4.63844e-05
57	0.96	-0.69	-0.75	-2.61	-0.34	765	57	    0.997806	  0.00219364	1	    0.997774	  0.00222592	1	    0.997851	  0.00214933	    0.962939	   0.0370607
57	-0.66	0.83	-1.6	-1.28	-0.78	766	57	    0.997806	  0.00219364	1	    0.999977	 2.25713e-05	1	    0.999978	 2.17662e-05	    0.999611	 0.000388776
57	-1.49	-0.57	-0.5	-0.9	-0.81	767	57	    0.997806	  0.00219364	1	    0.999985	 1.46886e-05	1	    0.999986	 1.41646e-05	    0.999747	 0.000253034
57	0.2	-1.54	1.36	0.84	1.13	768	57	    0.997806	  0.00219364	1	 8.76374e-06	    0.999991	2	 8.78193e-06	    0.999991	 4.91493e-07	           1
57	0.7	1.4	0.23	-0.87	0.07	769	57	    0.997806	  0.00219364	1	     0.01919	     0.98081	2	   0.0192298	     0.98077	  0.00109611	    0.998904
57	-0.22	-1.39	0.19	-0.52	0.64	770	57	    0.997806	  0.00219364	1	     0.48679	     0.51321	2	    0.487749	    0.512251	   0.0505929	    0.949407
57	0.07	-0.36	-0.89	-0.4	-1.63	771	57	    0.997806	  0.00219364	1	    0.999983	 1.67093e-05	1	    0.999984	 1.61133e-05	    0.999712	 0.000287834
58	0.41	0.13	1.28	0.48	1.03	772	58	 1.39904e-06	    0.999999	2	 2.94891e-07	           1	2	 5.26896e-06	    0.999995	 2.94884e-07	           1
58	0.15	0.83	1.29	0.31	1.08	773	58	 1.39904e-06	    0.999999	2	 1.78704e-07	           1	2	   3.193e-06	    0.999997	   1.787e-07	           1
58	0.03	-0.35	-0.5	-1.14	0.39	774	58	 1.39904e-06	    0.999999	2	    0.509672	    0.490328	1	    0.948909	   0.0510912	    0.509671	    0.490329
58	1.37	0.53	2.69	-0.87	1.83	775	58	 1.39904e-06	    0.999999	2	 8.11754e-12	           1	2	 1.45041e-10	           1	 8.11735e-12	           1
58	-0.9	-1.22	0.34	1.94	1.1	776	58	 1.39904e-06	    0.999999	2	 6.43611e-06	    0.999994	2	 0.000114985	    0.999885	 6.43596e-06	    0.999994
58	-1.11	0.19	-1.7	-2.2	-1.75	777	58	 1.39904e-06	    0.999999	2	           1	 2.56435e-07	1	           1	 1.43516e-08	           1	 2.56435e-07
58	-0.12	-0.55	-0.51	-1.17	-1.75	778	58	 1.39904e-06	    0.999999	2	    0.999927	 7.34501e-05	1	    0.999996	   4.111e-06	    0.999927	 7.34502e-05
58	0.82	-0.25	0.38	0.47	-0.34	779	58	 1.39904e-06	    0.999999	2	  0.00286698	    0.997133	2	   0.0488631	    0.951137	  0.00286692	    0.997133
58	-0.32	-0.18	0.54	-0.73	-0.2	780	58	 1.39904e-06	    0.999999	2	    0.182069	    0.817931	2	    0.799089	    0.200911	    0.182068	    0.817932
58	0.71	0.66	0.36	-0.89	0.64	781	58	 1.39904e-06	    0.999999	2	 0.000344158	    0.999656	2	  0.00611378	    0.993886	  0.00034415	    0.999656
58	0.24	-1.58	0.24	1.14	-0.12	782	58	 1.39904e-06	    0.999999	2	   0.0035357	    0.996464	2	   0.0596189	    0.940381	  0.00353562	    0.996464
58	-1.29	0.55	1.54	0.41	0.29	783	58	 1.39904e-06	    0.999999	2	  5.3107e-05	    0.999947	2	 0.000948045	    0.999052	 5.31057e-05	    0.999947
58	0.1	-0.13	1.47	-1.32	1.12	784	58	 1.39904e-06	    0.999999	2	 1.33947e-05	    0.999987	2	 0.000239277	    0.999761	 1.33944e-05	    0.999987
58	0.23	2.07	0.02	1.59	0.77	785	58	 1.39904e-06	    0.999999	2	 5.16685e-08	           1	2	 9.23191e-07	    0.999999	 5.16673e-08	           1
58	0.13	0.46	-0.3	-0.27	0.15	786	58	 1.39904e-06	    0.999999	2	   0.0523259	    0.947674	2	     0.49662	     0.50338	   0.0523253	    0.947675
59	-1.68	-1.47	0.05	-0.97	-1.14	787	59	    0.999682	   0.0003177	1	    0.999993	 6.72347e-06	1	    0.999993	 6.68764e-06	    0.999881	 0.000119481
59	-0.74	-1.01	-1.68	0.05	-0.26	788	59	    0.999682	   0.0003177	1	    0.999901	 9.89182e-05	1	    0.999902	 9.83919e-05	    0.998245	  0.00175515
59	-0.37	-0.68	-0.61	-0.74	-1.42	789	59	    0.999682	   0.0003177	1	    0.999989	 1.10472e-05	1	    0.999989	 1.09883e-05	    0.999804	 0.000196303
59	-1.8	-0.66	-1.31	-2.22	-1.79	790	59	    0.999682	   0.0003177	1	           1	 2.36498e-09	1	           1	 2.35238e-09	           1	 4.20323e-08
59	-0.37	-0.85	-1.16	-1.07	-1.13	791	59	    0.999682	   0.0003177	1	    0.999997	 3.03794e-06	1	    0.999997	 3.02174e-06	    0.999946	 5.39898e-05
59	0.49	-0.93	-1.21	-2.32	-1.37	792	59	    0.999682	   0.0003177	1	    0.999998	 2.03191e-06	1	    0.999998	 2.02108e-06	    0.999964	 3.61114e-05
59	-1.69	-1	-0.6	-0.66	-0.78	793	59	    0.999682	   0.0003177	1	    0.999993	 7.40191e-06	1	    0.999993	 7.36246e-06	    0.999868	 0.000131536
59	-0.36	-1.01	-0.32	-1.72	-0.85	794	59	    0.999682	   0.0003177	1	    0.999946	 5.37617e-05	1	    0.999947	 5.34754e-05	    0.999045	 0.000954639
59	0.71	0.11	1.25	1.52	1.53	795	59	    0.999682	   0.0003177	1	 9.54092e-09	           1	2	 9.54378e-09	           1	 5.34127e-10	           1
59	0.67	-0.38	0.06	0.47	1.41	796	59	    0.999682	   0.0003177	1	 0.000201219	    0.999799	2	  0.00020128	    0.999799	 1.12669e-05	    0.999989
59	0.65	1.34	1.45	-0.58	0.39	797	59	    0.999682	   0.0003177	1	 2.13451e-05	    0.999979	2	 2.13515e-05	    0.999979	 1.19498e-06	    0.999999
59	0.71	1.22	0.21	1.63	1.01	798	59	    0.999682	   0.0003177	1	  4.3897e-07	           1	2	 4.39102e-07	           1	 2.45748e-08	           1
59	-1.35	-1.53	-0.97	-0.19	-0.62	799	59	    0.999682	   0.0003177	1	    0.999984	 1.62549e-05	1	    0.999984	 1.61683e-05	    0.999711	 0.000288817
59	-1.67	-1.81	-1.88	-0.14	-0.93	800	59	    0.999682	   0.0003177	1	           1	 1.89822e-07	1	           1	 1.88811e-07	    0.999997	 3.37366e-06
59	-1.45	-0.56	-2.01	0.01	-1.53	801	59	    0.999682	   0.0003177	1	           1	  7.8783e-08	1	           1	  7.8363e-08	    0.999999	 1.40019e-06
60	0.64	0.04	1.29	0.2	0.41	802	60	 1.57688e-08	           1	2	 5.63844e-06	    0.999994	2	 0.000100738	    0.999899	 5.63844e-06	    0.999994
60	2.49	0.15	1.08	1.21	1.81	803	60	 1.57688e-08	           1	2	 8.97424e-12	           1	2	 1.60352e-10	           1	 8.97423e-12	           1
60	2.22	0.91	0.2	0.25	0.69	804	60	 1.57688e-08	           1	2	 4.19508e-07	           1	2	 7.49572e-06	    0.999993	 4.19508e-07	           1
60	1.67	-0.05	1.1	0.22	0.71	805	60	 1.57688e-08	           1	2	 2.87213e-07	           1	2	  5.1319e-06	    0.999995	 2.87213e-07	           1
60	0.46	0.33	1.89	-0.08	1.77	806	60	 1.57688e-08	           1	2	 1.96533e-09	           1	2	 3.51165e-08	           1	 1.96533e-09	           1
60	-0.16	-0.23	0.36	1.03	1.23	807	60	 1.57688e-08	           1	2	 7.39934e-06	    0.999993	2	 0.000132195	    0.999868	 7.39934e-06	    0.999993
60	0.37	2.51	1.35	0.35	1.37	808	60	 1.57688e-08	           1	2	 2.02075e-10	           1	2	 3.61068e-09	           1	 2.02075e-10	           1
60	1.75	0.04	0.65	1.75	-0.27	809	60	 1.57688e-08	           1	2	 4.10119e-07	           1	2	 7.32795e-06	    0.999993	 4.10118e-07	           1
60	-0.44	1.41	-0.17	-0.39	-0.2	810	60	 1.57688e-08	           1	2	   0.0791561	    0.920844	2	    0.605669	    0.394331	   0.0791561	    0.920844
60	-1.01	-1.82	-0.51	-1.36	-1.14	811	60	 1.57688e-08	           1	2	    0.999969	 3.11197e-05	1	    0.999998	 1.74169e-06	    0.999969	 3.11197e-05
60	-0.09	-1.26	0.68	0.01	-0.1	812	60	 1.57688e-08	           1	2	   0.0312085	    0.968791	2	     0.36532	     0.63468	   0.0312085	    0.968791
60	1.05	-1.34	2.21	0.1	2.29	813	60	 1.57688e-08	           1	2	 5.08765e-11	           1	2	 9.09062e-10	           1	 5.08765e-11	           1
60	1.2	1.44	1.32	0.63	1.5	814	60	 1.57688e-08	           1	2	 1.69181e-10	           1	2	 3.02294e-09	           1	 1.69181e-10	           1
60	0.61	0.63	0.16	1.56	-0.87	815	60	 1.57688e-08	           1	2	 0.000476305	    0.999524	2	  0.00844279	    0.991557	 0.000476305	    0.999524
61	1.07	-0.17	1.73	0.75	1.46	816	61	 1.06398e-05	    0.999989	2	 7.55807e-10	           1	2	 1.35023e-08	           1	 7.55672e-10	           1
61	-0.19	-0.27	1.06	0.04	-0.88	817	61	 1.06398e-05	    0.999989	2	   0.0569874	    0.943013	2	    0.519158	    0.480842	   0.0569825	    0.943018
61	0.2	1.35	0.29	1.12	1.7	818	61	 1.06398e-05	    0.999989	2	 1.70251e-08	           1	2	  3.0415e-07	           1	 1.70221e-08	           1
61	0.56	0.88	1.41	1	0.73	819	61	 1.06398e-05	    0.999989	2	 1.67523e-08	           1	2	 2.99277e-07	           1	 1.67493e-08	           1
61	0.88	0.15	0.04	0.53	0.87	820	61	 1.06398e-05	    0.999989	2	 2.58234e-05	    0.999974	2	 0.000461129	    0.999539	 2.58188e-05	    0.999974
61	-0.69	-0.75	0.91	2.33	1.14	821	61	 1.06398e-05	    0.999989	2	 3.51941e-08	           1	2	 6.28735e-07	    0.999999	 3.51877e-08	           1
61	1.04	-1.06	1.28	1.02	1.1	822	61	 1.06398e-05	    0.999989	2	 3.75979e-08	           1	2	 6.71678e-07	    0.999999	 3.75911e-08	           1
61	0.03	-0.19	-0.94	-1.75	-0.2	823	61	 1.06398e-05	    0.999989	2	    0.988174	    0.011826	1	    0.999331	 0.000669335	    0.988174	   0.0118262
61	-1.52	-0.85	-0.71	-0.53	-0.6	824	61	 1.06398e-05	    0.999989	2	    0.999589	 0.000411153	1	    0.999977	 2.30197e-05	    0.999589	 0.000411157
61	-1.46	-1.7	-1.7	-1.44	-1.12	825	61	 1.06398e-05	    0.999989	2	           1	 3.65859e-07	1	           1	 2.04759e-08	           1	 3.65863e-07
61	-1.13	-1.8	-0.86	-1.56	-1.33	826	61	 1.06398e-05	    0.999989	2	    0.999997	  2.8234e-06	1	           1	 1.58016e-07	    0.999997	 2.82343e-06
61	1.58	0.25	0.06	0.44	0.69	827	61	 1.06398e-05	    0.999989	2	 9.06204e-06	    0.999991	2	 0.000161867	    0.999838	 9.06041e-06	    0.999991
61	1.84	0.51	-0.53	0.43	-0.1	828	61	 1.06398e-05	    0.999989	2	 0.000621894	    0.999378	2	   0.0109947	    0.989005	 0.000621783	    0.999378
61	1.15	2.01	-0.36	1.35	0.1	829	61	 1.06398e-05	    0.999989	2	 1.02776e-06	    0.999999	2	 1.83603e-05	    0.999982	 1.02757e-06	    0.999999
61	0.66	0.13	1.12	1.4	1.33	830	61	 1.06398e-05	    0.999989	2	  3.9366e-09	           1	2	 7.03265e-08	           1	 3.93589e-09	           1
62	0.36	0.1	0.64	0.61	0.58	831	62	    0.998826	  0.00117358	1	 0.000455281	    0.999545	2	 0.000455786	    0.999544	 2.55195e-05	    0.999974
62	0.97	0.83	1.67	1.33	1.51	832	62	    0.998826	  0.00117358	1	 3.83704e-10	           1	2	  3.8413e-10	           1	 2.14982e-11	           1
62	1.53	0.39	-0.28	0.43	0.88	833	62	    0.998826	  0.00117358	1	 0.000227113	    0.999773	2	 0.000227365	    0.999773	 1.27274e-05	    0.999987
62	-0.07	-1.16	0.06	-0.71	-0.31	834	62	    0.998826	  0.00117358	1	    0.985737	   0.0142633	1	    0.985958	   0.0140417	    0.797149	    0.202851
62	-1.44	-0.58	-0.69	-0.46	-0.96	835	62	    0.998826	  0.00117358	1	    0.999989	 1.06907e-05	1	     0.99999	 1.04832e-05	    0.999813	 0.000187282
62	-1.97	-0.01	-0.57	-1.31	-0.9	836	62	    0.998826	  0.00117358	1	    0.999996	 3.56539e-06	1	    0.999997	 3.49618e-06	    0.999938	 6.24661e-05
62	-1.17	-1.51	-1.09	0.09	-0.99	837	62	    0.998826	  0.00117358	1	    0.999992	 7.55528e-06	1	    0.999993	 7.40864e-06	    0.999868	 0.000132361
62	-0.5	-1.91	-2.12	-0.99	-1.02	838	62	    0.998826	  0.00117358	1	           1	 1.59868e-07	1	           1	 1.56765e-07	    0.999997	 2.80106e-06
62	-1.13	-0.29	-0.76	-0.65	-1.91	839	62	    0.998826	  0.00117358	1	           1	  3.5057e-07	1	           1	 3.43765e-07	    0.999994	 6.14235e-06
62	0.18	-0.31	-0.51	-0.63	-0.64	840	62	    0.998826	  0.00117358	1	    0.997278	   0.0027219	1	    0.997329	  0.00267143	    0.954325	    0.045675
62	0.3	-0.94	-0.78	-1.26	-0.54	841	62	    0.998826	  0.00117358	1	    0.999634	 0.000366479	1	    0.999641	 0.000359409	    0.993617	  0.00638323
62	-0.29	0.26	-0.79	-0.14	0.36	842	62	    0.998826	  0.00117358	1	    0.857425	    0.142575	1	    0.858135	    0.141865	    0.252915	    0.747085
62	-1.44	-0.5	-1.14	-1.14	-0.14	843	62	    0.998826	  0.00117358	1	    0.999975	 2.49458e-05	1	    0.999976	 2.44618e-05	    0.999563	 0.000436903
63	-0.77	-0.22	-1.43	-0.24	-0.09	844	63	  0.00120174	    0.998798	2	    0.991812	  0.00818787	1	    0.999538	  0.00046234	    0.991803	  0.00819717
63	0.6	-1.1	-0.64	-1.69	-1.78	845	63	  0.00120174	    0.998798	2	     0.99993	 6.96091e-05	1	    0.999996	 3.90042e-06	     0.99993	 6.96882e-05
63	0.29	0.11	-0.9	0.18	-0.02	846	63	  0.00120174	    0.998798	2	    0.253019	    0.746981	2	    0.857732	    0.142268	    0.252291	    0.747709
63	-0.68	-0.36	-0.67	-1.05	-0.61	847	63	  0.00120174	    0.998798	2	    0.998085	  0.00191525	1	    0.999892	 0.000107505	    0.998083	  0.00191742
63	1.38	0.09	-0.45	-0.52	0	848	63	  0.00120174	    0.998798	2	   0.0250959	    0.974904	2	    0.311992	    0.688008	   0.0247508	    0.975249
63	-0.12	0.79	-0.12	0.1	0.97	849	63	  0.00120174	    0.998798	2	 0.000348343	    0.999652	2	  0.00606632	    0.993934	 0.000341463	    0.999659
63	-0.79	0.5	-1.58	0.52	0.15	850	63	  0.00120174	    0.998798	2	    0.723614	    0.276386	1	     0.97904	   0.0209604	    0.723307	    0.276693
63	-0.13	0.01	1.09	0.69	-0.72	851	63	  0.00120174	    0.998798	2	  0.00240208	    0.997598	2	   0.0404921	    0.959508	  0.00235625	    0.997644
63	-0.85	0.96	0.12	-0.53	0.29	852	63	  0.00120174	    0.998798	2	   0.0376985	    0.962301	2	    0.408765	    0.591235	   0.0372521	    0.962748
63	-0.15	-0.68	-0.09	1.88	1.01	853	63	  0.00120174	    0.998798	2	 6.83464e-06	    0.999993	2	 0.000119682	     0.99988	 6.69886e-06	    0.999993
63	1.74	-1.95	0.26	-0.21	-0.03	854	63	  0.00120174	    0.998798	2	  0.00328474	    0.996715	2	   0.0546188	    0.945381	  0.00322298	    0.996777
63	0.12	2.2	0.24	0.96	0.33	855	63	  0.00120174	    0.998798	2	 1.32842e-06	    0.999999	2	 2.32642e-05	    0.999977	 1.30203e-06	    0.999999
63	1.26	0.79	-0.18	0.21	-0.45	856	63	  0.00120174	    0.998798	2	  0.00393139	    0.996069	2	   0.0647267	    0.935273	  0.00385825	    0.996142
64	0.45	-0.18	-0.14	-0.2	-0.17	857	64	 9.56169e-05	    0.999904	2	    0.122404	    0.877596	2	    0.713538	    0.286462	    0.122348	    0.877652
64	-1.01	-0.84	-1.4	-0.73	-0.66	858	64	 9.56169e-05	    0.999904	2	    0.999919	 8.14742e-05	1	    0.999995	 4.56054e-06	    0.999919	 8.14816e-05
64	-0.8	0.3	-0.49	0.4	-1.09	859	64	 9.56169e-05	    0.999904	2	    0.972095	   0.0279048	1	    0.998396	  0.00160412	    0.972093	   0.0279073
64	0.14	0.29	1.84	1.48	1.13	860	64	 9.56169e-05	    0.999904	2	 6.09023e-10	           1	2	 1.08645e-08	           1	 6.08042e-10	           1
64	-0.59	2.21	-0.35	0.39	0.94	861	64	 9.56169e-05	    0.999904	2	  2.7009e-05	    0.999973	2	 0.000481601	    0.999518	 2.69655e-05	    0.999973
64	1.3	0.11	-0.02	-0.58	-0.5	862	64	 9.56169e-05	    0.999904	2	   0.0555991	    0.944401	2	    0.512446	    0.487554	   0.0555554	    0.944445
64	-0.69	1.07	0.84	-1.3	0.6	863	64	 9.56169e-05	    0.999904	2	  0.00117892	    0.998821	2	   0.0206222	    0.979378	  0.00117706	    0.998823
64	-0.58	-0.86	0.81	0.38	0.09	864	64	 9.56169e-05	    0.999904	2	  0.00652756	    0.993472	2	     0.10493	     0.89507	  0.00651815	    0.993482
64	-0.03	-1.62	0.73	-0.15	0.29	865	64	 9.56169e-05	    0.999904	2	  0.00841183	    0.991588	2	    0.131465	    0.868535	  0.00840006	      0.9916
64	1.35	0.68	0.35	0.51	2.27	866	64	 9.56169e-05	    0.999904	2	  2.2868e-09	           1	2	 4.07947e-08	           1	 2.28311e-09	           1
64	0.97	1	0.46	-1.03	0.53	867	64	 9.56169e-05	    0.999904	2	 0.000114125	    0.999886	2	  0.00203201	    0.997968	 0.000113942	    0.999886
64	0.15	-0.44	-0.31	0.16	0.13	868	64	 9.56169e-05	    0.999904	2	   0.0810702	     0.91893	2	    0.611693	    0.388307	   0.0810194	    0.918981
64	1.99	0.56	0.95	2.05	1.25	869	64	 9.56169e-05	    0.999904	2	 1.08032e-11	           1	2	 1.92721e-10	           1	 1.07858e-11	           1
64	-0.62	-1.66	-1.85	-0.76	-1.99	870	64	 9.56169e-05	    0.999904	2	           1	 1.33414e-07	1	           1	 7.46731e-09	           1	 1.33426e-07
64	-0.46	0.39	-1.2	-1.27	-0.28	871	64	 9.56169e-05	    0.999904	2	    0.994089	  0.00591101	1	    0.999667	 0.000332702	    0.994088	  0.00591154
65	1.26	0.55	1.04	-0.16	1.36	872	65	 6.11228e-09	           1	2	 6.44666e-08	           1	2	 1.15189e-06	    0.999999	 6.44666e-08	           1
65	0.62	0.75	-0.13	0.37	0.24	873	65	 6.11228e-09	           1	2	 0.000655473	    0.999345	2	   0.0115839	    0.988416	 0.000655473	    0.999345
65	0.93	-0.28	-1.21	1.55	1.04	874	65	 6.11228e-09	           1	2	 3.81976e-05	    0.999962	2	 0.000682075	    0.999318	 3.81976e-05	    0.999962
65	1.37	0.08	0.65	0.48	0.87	875	65	 6.11228e-09	           1	2	  8.6118e-07	    0.999999	2	 1.53873e-05	    0.999985	  8.6118e-07	    0.999999
65	0.77	0.56	1.02	0.86	1.27	876	65	 6.11228e-09	           1	2	 1.88199e-08	           1	2	 3.36273e-07	           1	 1.88199e-08	           1
65	0.97	-0.26	0.09	0.91	0.94	877	65	 6.11228e-09	           1	2	  7.1629e-06	    0.999993	2	 0.000127971	    0.999872	  7.1629e-06	    0.999993
65	0.41	-0.19	0.74	-0.55	0.83	878	65	 6.11228e-09	           1	2	 0.000165949	    0.999834	2	   0.0029569	    0.997043	 0.000165949	    0.999834
65	1.15	0.57	-0.28	-0.34	-0.05	879	65	 6.11228e-09	           1	2	  0.00872315	    0.991277	2	    0.135873	    0.864127	  0.00872315	    0.991277
65	1.44	0.98	1.73	1.15	0.88	880	65	 6.11228e-09	           1	2	 9.51904e-11	           1	2	 1.70086e-09	           1	 9.51904e-11	           1
65	-0.25	0.62	0.36	0.28	0.58	881	65	 6.11228e-09	           1	2	  0.00033868	    0.999661	2	  0.00601717	    0.993983	  0.00033868	    0.999661
65	0.65	0.24	-0.22	0.89	1.23	882	65	 6.11228e-09	           1	2	 6.95585e-06	    0.999993	2	 0.000124273	    0.999876	 6.95585e-06	    0.999993
65	0.59	0.69	-0.47	2.5	0.25	883	65	 6.11228e-09	           1	2	 6.50984e-07	    0.999999	2	 1.16317e-05	    0.999988	 6.50984e-07	    0.999999
66	0.83	0.2	0.71	1.59	0.89	884	66	  0.00352285	    0.996477	2	 4.33385e-08	           1	2	 7.30938e-07	    0.999999	 4.09077e-08	           1
66	-0.77	0.81	0.02	0.68	-0.08	885	66	  0.00352285	    0.996477	2	   0.0132682	    0.986732	2	    0.186358	    0.813642	   0.0126563	    0.987344
66	1.36	0.02	-0.57	-0.11	0.54	886	66	  0.00352285	    0.996477	2	  0.00197002	     0.99803	2	   0.0322721	    0.967728	  0.00186289	    0.998137
66	-1.23	0.59	-0.81	-0.49	-0.4	887	66	  0.00352285	    0.996477	2	    0.987635	   0.0123652	1	    0.999297	 0.000702564	    0.987594	   0.0124064
66	-0.22	-0.38	-0.95	-1.13	-0.7	888	66	  0.00352285	    0.996477	2	    0.998666	  0.00133433	1	    0.999925	 7.50208e-05	    0.998661	  0.00133878
66	-1.34	-1.28	-1.16	-1.35	-1.06	889	66	  0.00352285	    0.996477	2	    0.999996	 3.83621e-06	1	           1	 2.15414e-07	    0.999996	 3.84901e-06
66	1.14	-0.61	0.67	0.24	0.36	890	66	  0.00352285	    0.996477	2	 7.10638e-05	    0.999929	2	  0.00119727	    0.998803	 6.70823e-05	    0.999933
66	0.11	-0.15	1.22	1.13	-0.02	891	66	  0.00352285	    0.996477	2	 1.27392e-05	    0.999987	2	 0.000214815	    0.999785	 1.20248e-05	    0.999988
66	0.31	0.04	1.06	-1.23	-0.42	892	66	  0.00352285	    0.996477	2	    0.022499	    0.977501	2	    0.282681	    0.717319	   0.0215792	    0.978421
66	1.39	0.24	-0.04	-0.76	0.48	893	66	  0.00352285	    0.996477	2	  0.00101927	    0.998981	2	   0.0169321	    0.983068	 0.000963017	    0.999037
66	0.78	-0.15	1.51	-0.47	0.67	894	66	  0.00352285	    0.996477	2	  3.5089e-06	    0.999996	2	 5.91773e-05	    0.999941	  3.3121e-06	    0.999997
66	-0.47	-0.3	-0.65	-1.02	-1.36	895	66	  0.00352285	    0.996477	2	    0.999825	 0.000175267	1	     0.99999	 9.84335e-06	    0.999824	 0.000175852
66	-1.38	0.69	-0.39	-1.22	-1.57	896	66	  0.00352285	    0.996477	2	    0.999896	 0.000104144	1	    0.999994	 5.84853e-06	    0.999896	 0.000104491
67	1.99	-0.26	1.16	-0.22	0.53	897	67	 6.27573e-08	           1	2	 8.30579e-07	    0.999999	2	 1.48406e-05	    0.999985	 8.30578e-07	    0.999999
67	-0.18	0.94	1.12	2.33	0.02	898	67	 6.27573e-08	           1	2	 2.73464e-08	           1	2	 4.88624e-07	           1	 2.73463e-08	           1
67	2.05	0.83	0.43	0.24	0.84	899	67	 6.27573e-08	           1	2	 1.78426e-07	           1	2	 3.18811e-06	    0.999997	 1.78426e-07	           1
67	1.56	1.09	-0.28	0.17	0.33	900	67	 6.27573e-08	           1	2	 5.55787e-05	    0.999944	2	 0.000992149	    0.999008	 5.55786e-05	    0.999944
67	0.34	1.63	0.11	-0.32	0.28	901	67	 6.27573e-08	           1	2	 0.000316421	    0.999684	2	  0.00562379	    0.994376	 0.000316421	    0.999684
67	0.98	0.74	0.27	0.29	0.7	902	67	 6.27573e-08	           1	2	 1.10204e-05	    0.999989	2	 0.000196875	    0.999803	 1.10203e-05	    0.999989
67	1.48	0.87	1.07	0.81	2.04	903	67	 6.27573e-08	           1	2	 5.49198e-11	           1	2	 9.81307e-10	           1	 5.49198e-11	           1
67	0.37	0.56	0.9	0.45	0.12	904	67	 6.27573e-08	           1	2	 3.93307e-05	    0.999961	2	 0.000702294	    0.999298	 3.93306e-05	    0.999961
67	1.16	-0.57	0.22	0.9	0.85	905	67	 6.27573e-08	           1	2	 6.15526e-06	    0.999994	2	 0.000109971	     0.99989	 6.15525e-06	    0.999994
67	0.58	1.1	0.49	0.97	0.09	906	67	 6.27573e-08	           1	2	 8.50365e-06	    0.999991	2	 0.000151921	    0.999848	 8.50365e-06	    0.999991
67	-0.01	0.2	0.07	-0.4	-0.18	907	67	 6.27573e-08	           1	2	    0.146479	    0.853521	2	    0.754086	    0.245914	    0.146479	    0.853521
67	-0.88	-0.34	-0.1	0.32	-0.69	908	67	 6.27573e-08	           1	2	    0.879719	    0.120281	1	    0.992406	  0.00759392	    0.879719	    0.120281
67	0.25	0.7	-0.1	0.13	1.23	909	67	 6.27573e-08	           1	2	  4.9054e-05	    0.999951	2	 0.000875771	    0.999124	 4.90539e-05	    0.999951
68	0.75	0.84	1.78	-0.14	1	910	68	 4.62829e-05	    0.999954	2	 1.80168e-08	           1	2	 3.21673e-07	           1	 1.80027e-08	           1
68	-0.08	0.12	1.8	1.2	0.33	911	68	 4.62829e-05	    0.999954	2	  1.4133e-07	           1	2	  2.5233e-06	    0.999997	 1.41219e-07	           1
68	0.52	-0.07	1.14	-0.77	0.04	912	68	 4.62829e-05	    0.999954	2	 0.000775609	    0.999224	2	   0.0136692	    0.986331	 0.000775012	    0.999225
68	-1.46	-1.05	-0.62	0.16	0.42	913	68	 4.62829e-05	    0.999954	2	    0.845573	    0.154427	1	    0.989882	   0.0101181	    0.845567	    0.154433
68	-0.53	1.06	-1.04	-0.11	0.17	914	68	 4.62829e-05	    0.999954	2	    0.330732	    0.669268	2	    0.898258	    0.101742	    0.330706	    0.669294
68	0.82	-0.79	-1.92	-1.5	-0.79	915	68	 4.62829e-05	    0.999954	2	    0.999704	 0.000296149	1	    0.999983	 1.65796e-05	    0.999704	 0.000296161
68	0.94	-0.44	-0.33	0.31	0.46	916	68	 4.62829e-05	    0.999954	2	  0.00222914	    0.997771	2	   0.0383592	    0.961641	  0.00222747	    0.997773
68	0.67	0.35	0.35	0.05	0.4	917	68	 4.62829e-05	    0.999954	2	 0.000259637	     0.99974	2	  0.00461539	    0.995385	 0.000259435	    0.999741
68	0.98	-0.47	-0.31	1.01	0.59	918	68	 4.62829e-05	    0.999954	2	 0.000123717	    0.999876	2	  0.00220427	    0.997796	 0.000123621	    0.999876
68	0.75	1.29	0.04	0.6	0.71	919	68	 4.62829e-05	    0.999954	2	 5.07558e-06	    0.999995	2	  9.0612e-05	    0.999909	 5.07162e-06	    0.999995
68	0.78	-1.35	-0.69	1.97	-0.22	920	68	 4.62829e-05	    0.999954	2	  0.00121555	    0.998784	2	   0.0212671	    0.978733	  0.00121462	    0.998785
68	0.33	-0.38	-0.52	0.13	-0.07	921	68	 4.62829e-05	    0.999954	2	    0.212158	    0.787842	2	    0.827908	    0.172092	    0.212129	    0.787871
69	1.02	0.5	-0.47	1.84	1.81	922	69	    0.999419	 0.000580577	1	 1.59897e-07	           1	2	 1.59985e-07	           1	 8.95369e-09	           1
69	0.68	-0.26	-0.92	0.19	0.14	923	69	    0.999419	 0.000580577	1	    0.687963	    0.312037	1	    0.688298	    0.311702	    0.109991	    0.890009
69	-0.58	-0.24	-0.92	-1.43	-1.13	924	69	    0.999419	 0.000580577	1	    0.999995	 5.08553e-06	1	    0.999995	 5.03622e-06	     0.99991	 8.99795e-05
69	-0.96	-0.72	-0.97	-0.63	-1.49	925	69	    0.999419	 0.000580577	1	    0.999999	 8.42734e-07	1	    0.999999	 8.34561e-07	    0.999985	 1.49117e-05
69	0.2	0.91	1.41	0.45	1.42	926	69	    0.999419	 0.000580577	1	  2.1392e-07	           1	2	 2.14037e-07	           1	 1.19788e-08	           1
69	0.83	1.23	0.66	2.06	1.57	927	69	    0.999419	 0.000580577	1	 7.75574e-10	           1	2	 7.75999e-10	           1	 4.34295e-11	           1
69	0.16	-0.64	-0.95	-0.53	-0.61	928	69	    0.999419	 0.000580577	1	    0.999438	 0.000562374	1	    0.999443	 0.000556973	    0.990141	  0.00985937
69	-1.66	-1.23	0.49	-0.7	-0.69	929	69	    0.999419	 0.000580577	1	    0.999528	 0.000472262	1	    0.999532	  0.00046772	    0.991708	   0.0082918
69	0.16	0.69	-0.7	-0.51	-0.5	930	69	    0.999419	 0.000580577	1	    0.982185	   0.0178146	1	    0.982316	   0.0176836	    0.756625	    0.243375
69	-2.14	0.33	-0.33	-2.08	-1.29	931	69	    0.999419	 0.000580577	1	    0.999999	 9.83424e-07	1	    0.999999	 9.73887e-07	    0.999983	 1.74011e-05
69	-1.55	-0.26	-0.3	0.83	-1.02	932	69	    0.999419	 0.000580577	1	    0.998723	  0.00127702	1	    0.998735	   0.0012649	    0.977871	   0.0221291
69	-0.39	0.08	-1.95	-1.15	-0.49	933	69	    0.999419	 0.000580577	1	    0.999984	  1.5588e-05	1	    0.999985	 1.54369e-05	    0.999724	 0.000275755
69	-0.66	-1.39	-0.75	-0.46	-0.75	934	69	    0.999419	 0.000580577	1	    0.999949	 5.05329e-05	1	     0.99995	 5.00433e-05	    0.999107	  0.00089342
69	-0.89	-1.64	-1.02	-0.05	-0.85	935	69	    0.999419	 0.000580577	1	    0.999981	 1.93779e-05	1	    0.999981	 1.91901e-05	    0.999657	 0.000342777
70	1.43	1.84	-0.21	0.51	0.86	936	70	    0.995228	  0.00477168	1	 6.22575e-06	    0.999994	2	 6.25392e-06	    0.999994	 3.50008e-07	           1
70	1.44	2.32	1.47	0.85	0.84	937	70	    0.995228	  0.00477168	1	 5.00725e-10	           1	2	 5.02991e-10	           1	 2.81504e-11	           1
70	1.93	2.07	-0.14	1.42	1.51	938	70	    0.995228	  0.00477168	1	 1.76119e-09	           1	2	 1.76916e-09	           1	 9.90124e-11	           1
70	-0.11	-1.74	-0.06	-0.58	-1.11	939	70	    0.995228	  0.00477168	1	    0.999703	 0.000297402	1	    0.999725	 0.000275348	    0.995103	  0.00489718
70	-1.29	-1.47	-0.85	-0.51	-1.13	940	70	    0.995228	  0.00477168	1	    0.999998	 1.81178e-06	1	    0.999998	 1.67682e-06	     0.99997	 2.99606e-05
70	-1.22	-1.65	-1.68	-0.44	-1.8	941	70	    0.995228	  0.00477168	1	           1	 1.36703e-08	1	           1	  1.2652e-08	           1	 2.26066e-07
70	-0.54	-1.21	-0.14	-1.13	-0.96	942	70	    0.995228	  0.00477168	1	    0.999919	 8.08968e-05	1	    0.999925	  7.4878e-05	    0.998664	  0.00133623
70	-0.78	-0.89	-0.86	-1	-0.28	943	70	    0.995228	  0.00477168	1	    0.999887	 0.000112741	1	    0.999896	 0.000104357	    0.998139	  0.00186138
70	-0.5	-0.02	-1.53	-0.42	-2.37	944	70	    0.995228	  0.00477168	1	           1	 6.00352e-08	1	           1	  5.5563e-08	    0.999999	 9.92799e-07
70	0.09	1.27	0.89	-0.81	1.42	945	70	    0.995228	  0.00477168	1	 2.48123e-05	    0.999975	2	 2.49245e-05	    0.999975	 1.39496e-06	    0.999999
70	-0.54	-0.63	-1.21	-0.14	-1.8	946	70	    0.995228	  0.00477168	1	    0.999999	 1.05009e-06	1	    0.999999	 9.71869e-07	    0.999983	 1.73651e-05
70	-0.46	-0.89	-0.4	-0.92	-1.79	947	70	    0.995228	  0.00477168	1	    0.999997	 2.52991e-06	1	    0.999998	 2.34146e-06	    0.999958	 4.18355e-05
70	-1.15	-0.51	-1.41	-0.65	-0.77	948	70	    0.995228	  0.00477168	1	    0.999996	 3.88592e-06	1	    0.999996	 3.59647e-06	    0.999936	 6.42578e-05
71	-0.64	0.46	-0.23	0.3	-1.22	949	71	    0.999965	 3.54076e-05	1	    0.996637	  0.00336304	1	    0.996639	  0.00336114	    0.943165	   0.0568346
71	-1.24	-0.15	-1.46	-1.22	-0.76	950	71	    0.999965	 3.54076e-05	1	    0.999998	 1.70713e-06	1	    0.999998	 1.70611e-06	     0.99997	  3.0484e-05
71	-0.71	-0.21	-0.97	-1.61	-0.24	951	71	    0.999965	 3.54076e-05	1	    0.999894	 0.000105823	1	    0.999894	  0.00010576	    0.998114	  0.00188635
71	-1.34	0.52	-0.74	0.23	-0.46	952	71	    0.999965	 3.54076e-05	1	    0.997272	  0.00272759	1	    0.997274	  0.00272604	    0.953432	   0.0465675
71	-1.69	-0.44	-0.02	-0.56	-0.69	953	71	    0.999965	 3.54076e-05	1	    0.999812	 0.000188139	1	    0.999812	 0.000188027	    0.996651	  0.00334905
71	-1.84	-1.38	-0.23	-0.41	-1.7	954	71	    0.999965	 3.54076e-05	1	    0.999999	 5.62723e-07	1	    0.999999	 5.62387e-07	     0.99999	 1.00486e-05
71	-1.98	-0.27	-2.21	-0.11	-1.55	955	71	    0.999965	 3.54076e-05	1	           1	 1.71589e-08	1	           1	 1.71486e-08	           1	 3.06412e-07
71	-0.1	0.21	-0.06	-1.87	0.72	956	71	    0.999965	 3.54076e-05	1	    0.564865	    0.435135	1	    0.564882	    0.435118	   0.0677352	    0.932265
71	-2.07	-0.28	0.37	1.18	-0.69	957	71	    0.999965	 3.54076e-05	1	    0.935441	   0.0645585	1	    0.935459	   0.0645413	     0.44787	     0.55213
71	0.16	-1.79	-0.53	-1.06	-1.07	958	71	    0.999965	 3.54076e-05	1	    0.999951	 4.86907e-05	1	    0.999951	 4.86617e-05	    0.999131	 0.000868775
71	-0.61	0.02	-1.22	-0.95	-1.7	959	71	    0.999965	 3.54076e-05	1	    0.999999	 5.77914e-07	1	    0.999999	 5.77569e-07	     0.99999	 1.03199e-05
71	0.15	-0.23	-0.2	0.62	-0.21	960	71	    0.999965	 3.54076e-05	1	    0.459931	    0.540069	2	    0.459946	    0.540054	   0.0454957	    0.954504
72	1.77	-0.63	0.95	1.81	0.61	961	72	 4.57636e-07	           1	2	 5.63826e-09	           1	2	 1.00744e-07	           1	 5.63822e-09	           1
72	0.02	1.69	1.1	0.85	0.95	962	72	 4.57636e-07	           1	2	 2.21843e-08	           1	2	 3.96387e-07	           1	 2.21842e-08	           1
72	-0.06	0.68	0.44	-0.09	0.3	963	72	 4.57636e-07	           1	2	  0.00119881	    0.998801	2	   0.0209956	    0.979004	   0.0011988	    0.998801
72	1.68	-0.95	0.07	0.33	0.68	964	72	 4.57636e-07	           1	2	 5.12345e-05	    0.999949	2	 0.000914662	    0.999085	 5.12341e-05	    0.999949
72	0.47	0.12	0.93	1.43	0.85	965	72	 4.57636e-07	           1	2	 1.00505e-07	           1	2	  1.7958e-06	    0.999998	 1.00504e-07	           1
72	0.37	-0.02	0.08	-0.3	0.6	966	72	 4.57636e-07	           1	2	  0.00297496	    0.997025	2	   0.0506162	    0.949384	  0.00297494	    0.997025
72	2.11	1.32	-0.13	1.01	1.12	967	72	 4.57636e-07	           1	2	 1.10289e-08	           1	2	 1.97063e-07	           1	 1.10288e-08	           1
72	-0.48	-0.11	1.38	-0.38	1.36	968	72	 4.57636e-07	           1	2	 5.19693e-06	    0.999995	2	   9.285e-05	    0.999907	 5.19689e-06	    0.999995
72	0.75	0.03	-0.11	-1.3	-1.43	969	72	 4.57636e-07	           1	2	     0.98298	   0.0170201	1	    0.999032	   0.0009681	     0.98298	   0.0170201
72	-0.14	0.32	-0.74	1.88	0.16	970	72	 4.57636e-07	           1	2	 0.000474358	    0.999526	2	   0.0084085	    0.991592	 0.000474355	    0.999526
72	0.87	-1.86	1.38	-0.45	0.74	971	72	 4.57636e-07	           1	2	  1.7752e-05	    0.999982	2	 0.000317095	    0.999683	 1.77519e-05	    0.999982
73	0.68	-1.29	-1.01	-0.76	-0.59	972	73	    0.999995	 5.46653e-06	1	    0.999396	 0.000604326	1	    0.999396	  0.00060427	    0.989312	   0.0106882
73	-0.31	-1.65	0.08	-0.56	-1.31	973	73	    0.999995	 5.46653e-06	1	    0.999859	 0.000140576	1	    0.999859	 0.000140564	    0.997494	  0.00250565
73	-1.34	1.26	0.38	-0.35	-0.73	974	73	    0.999995	 5.46653e-06	1	    0.942359	   0.0576408	1	    0.942362	   0.0576382	    0.477812	    0.522188
73	-0.4	-0.78	-1.35	-1.37	-1.75	975	73	    0.999995	 5.46653e-06	1	           1	 9.35127e-08	1	           1	 9.35041e-08	    0.999998	 1.67073e-06
73	-1.36	0.23	-0.2	-1.52	-0.76	976	73	    0.999995	 5.46653e-06	1	    0.999911	 8.90147e-05	1	    0.999911	 8.90065e-05	    0.998412	  0.00158799
73	-0.19	-1.12	-1.17	-0.36	-0.37	977	73	    0.999995	 5.46653e-06	1	    0.999703	 0.000296738	1	    0.999703	 0.000296711	    0.994725	  0.00527523
73	-1.66	-1.58	-0.84	-1.31	-1.34	978	73	    0.999995	 5.46653e-06	1	           1	  8.1043e-08	1	           1	 8.10355e-08	    0.999999	 1.44794e-06
73	-0.35	0.1	-1.14	-1.69	-0.51	979	73	    0.999995	 5.46653e-06	1	    0.999929	 7.10347e-05	1	    0.999929	 7.10282e-05	    0.998732	  0.00126761
73	-0.74	-2.41	-0.9	-0.8	-2.26	980	73	    0.999995	 5.46653e-06	1	           1	  2.0751e-08	1	           1	 2.07491e-08	           1	 3.70745e-07
73	-0.66	-0.78	-1.02	-1.12	-0.91	981	73	    0.999995	 5.46653e-06	1	    0.999994	 5.82263e-06	1	    0.999994	  5.8221e-06	    0.999896	 0.000104019
74	-1.84	0.35	-1.13	-1.04	-1.73	982	74	    0.999997	 2.71397e-06	1	           1	 7.53588e-08	1	           1	 7.53554e-08	    0.999999	 1.34645e-06
74	-0.44	-1.15	-0.97	-0.71	-1.64	983	74	    0.999997	 2.71397e-06	1	    0.999999	 8.05973e-07	1	    0.999999	 8.05936e-07	    0.999986	 1.44003e-05
74	-0.8	-0.63	-0.43	-0.13	-0.7	984	74	    0.999997	 2.71397e-06	1	    0.999431	 0.000568741	1	    0.999431	 0.000568715	    0.989935	   0.0100653
74	-0.03	0.18	0.2	0.73	0.16	985	74	    0.999997	 2.71397e-06	1	   0.0226445	    0.977356	2	   0.0226445	    0.977355	  0.00129501	    0.998705
74	-1.45	-0.86	-1.42	-0.35	-0.99	986	74	    0.999997	 2.71397e-06	1	    0.999999	 9.41334e-07	1	    0.999999	 9.41291e-07	    0.999983	 1.68187e-05
74	-0.75	-0.45	-1.36	0.35	-0.08	987	74	    0.999997	 2.71397e-06	1	    0.997943	  0.00205738	1	    0.997943	  0.00205729	    0.964473	   0.0355268
74	-0.5	-0.83	0.24	-0.82	-0.76	988	74	    0.999997	 2.71397e-06	1	    0.998159	  0.00184109	1	    0.998159	  0.00184101	    0.968096	   0.0319044
74	-0.67	-1.22	-0.11	-1.74	-0.57	989	74	    0.999997	 2.71397e-06	1	    0.999856	 0.000144084	1	    0.999856	 0.000144077	    0.997432	  0.00256813
74	-0.45	-1.33	-1.33	-0.32	-1.51	990	74	    0.999997	 2.71397e-06	1	    0.999999	 9.05087e-07	1	    0.999999	 9.05046e-07	    0.999984	 1.61711e-05
74	-1.28	-0.75	-1.39	-0.37	-1.68	991	74	    0.999997	 2.71397e-06	1	           1	 9.58506e-08	1	           1	 9.58462e-08	    0.999998	 1.71258e-06
74	-1.16	-1.29	-0.11	-0.47	-0.63	992	74	    0.999997	 2.71397e-06	1	    0.999742	 0.000257743	1	    0.999742	 0.000257732	    0.995415	  0.00458522
74	0.53	-1.46	0.44	-1.69	-0.08	993	74	    0.999997	 2.71397e-06	1	    0.883594	    0.116406	1	    0.883596	    0.116404	    0.298159	    0.701841
74	-0.5	-1.53	-0.46	0.34	-0.63	994	74	    0.999997	 2.71397e-06	1	     0.99794	  0.00206038	1	     0.99794	  0.00206029	    0.964423	   0.0355769
75	-1.67	-0.66	-1.11	-1.15	0.33	995	75	 1.90794e-05	    0.999981	2	    0.998305	  0.00169517	1	    0.999905	 9.50256e-05	    0.998305	   0.0016952
75	-0.92	-1.64	-0.6	-1.47	-0.93	996	75	 1.90794e-05	    0.999981	2	    0.999937	 6.25654e-05	1	    0.999996	  3.5018e-06	    0.999937	 6.25665e-05
75	-0.81	-0.16	-0.81	-0.74	-0.68	997	75	 1.90794e-05	    0.999981	2	    0.998424	  0.00157599	1	    0.999912	 8.83347e-05	    0.998424	  0.00157602
75	0.57	2.23	1.42	0.9	1.71	998	75	 1.90794e-05	    0.999981	2	 9.22905e-12	           1	2	 1.64852e-10	           1	 9.22608e-12	           1
75	0.34	0.17	0.29	1.79	0.35	999	75	 1.90794e-05	    0.999981	2	 3.37095e-06	    0.999997	2	 6.02093e-05	     0.99994	 3.36986e-06	    0.999997
75	1.56	3.06	1.15	-1.59	1.11	1000	75	 1.90794e-05	    0.999981	2	 4.96092e-10	           1	2	 8.86133e-09	           1	 4.95933e-10	           1
75	-0.53	0.86	1.19	1.32	0.17	1001	75	 1.90794e-05	    0.999981	2	 2.07083e-06	    0.999998	2	 3.69884e-05	    0.999963	 2.07016e-06	    0.999998
75	1.25	-2.13	0.99	-0.35	0.38	1002	75	 1.90794e-05	    0.999981	2	 0.000152583	    0.999847	2	  0.00271848	    0.997282	 0.000152534	    0.999847
75	0.42	0.18	0.97	1.8	0.27	1003	75	 1.90794e-05	    0.999981	2	   2.193e-07	           1	2	 3.91718e-06	    0.999996	  2.1923e-07	           1
75	-0.08	-0.29	0.97	-0.47	0.04	1004	75	 1.90794e-05	    0.999981	2	  0.00533177	    0.994668	2	   0.0873835	    0.912616	  0.00533021	     0.99467
75	0.9	0.82	1.06	1.76	0.84	1005	75	 1.90794e-05	    0.999981	2	 1.36999e-09	           1	2	  2.4471e-08	           1	 1.36954e-09	           1
75	-0.54	-0.59	-0.05	0.33	0.09	1006	75	 1.90794e-05	    0.999981	2	    0.133469	    0.866531	2	    0.733467	    0.266533	    0.133458	    0.866542
75	-0.56	-1.45	0.28	-0.68	-1.04	1007	75	 1.90794e-05	    0.999981	2	    0.991936	  0.00806368	1	    0.999545	 0.000454761	    0.991936	  0.00806382
75	1.37	-0.06	0.76	0.98	1.32	1008	75	 1.90794e-05	    0.999981	2	  2.0227e-08	           1	2	   3.613e-07	           1	 2.02205e-08	           1
75	0.89	0.1	2.52	0.3	-0.25	1009	75	 1.90794e-05	    0.999981	2	 6.85071e-08	           1	2	 1.22369e-06	    0.999999	  6.8485e-08	           1
76	0.51	0.25	-0.5	-0.45	-0.97	1010	76	    0.999556	 0.000444284	1	    0.994276	  0.00572369	1	    0.994315	  0.00568504	    0.907308	   0.0926916
76	-1.03	-0.88	-1.63	-0.69	-1.5	1011	76	    0.999556	 0.000444284	1	           1	 8.01155e-08	1	           1	 7.95195e-08	    0.999999	 1.42085e-06
76	-1.06	-1.44	-0.16	-1.08	-0.36	1012	76	    0.999556	 0.000444284	1	    0.999762	 0.000238397	1	    0.999763	 0.000236631	    0.995789	  0.00421132
76	-1.11	-0.34	-0.32	0.78	-1.05	1013	76	    0.999556	 0.000444284	1	    0.997998	  0.00200246	1	    0.998012	  0.00198808	     0.96563	   0.0343703
76	-1.17	-2.07	-1.17	-1.54	-2.14	1014	76	    0.999556	 0.000444284	1	           1	  2.0543e-09	1	           1	 2.03901e-09	           1	 3.64331e-08
76	-0.1	0.87	-0.81	-0.06	-0.52	1015	76	    0.999556	 0.000444284	1	     0.97445	   0.0255502	1	     0.97458	   0.0254203	    0.682102	    0.317898
76	-0.57	-0.76	-1.39	0.33	-2.32	1016	76	    0.999556	 0.000444284	1	           1	 2.04401e-07	1	           1	  2.0288e-07	    0.999996	 3.62505e-06
76	0.11	0.18	0.54	-0.09	0.36	1017	76	    0.999556	 0.000444284	1	   0.0190975	    0.980903	2	   0.0191055	    0.980895	   0.0010889	    0.998911
76	-1.49	1.3	0.02	-0.08	-0.19	1018	76	    0.999556	 0.000444284	1	    0.821614	    0.178386	1	    0.821888	    0.178112	    0.205246	    0.794754
76	0.78	0.06	0.93	0.59	0.42	1019	76	    0.999556	 0.000444284	1	 0.000104862	    0.999895	2	 0.000104906	    0.999895	 5.87173e-06	    0.999994
76	1.3	0.66	0.38	0.25	0.42	1020	76	    0.999556	 0.000444284	1	 0.000239103	    0.999761	2	 0.000239203	    0.999761	 1.33903e-05	    0.999987
76	-0.67	-0.12	-1.65	-0.52	-1	1021	76	    0.999556	 0.000444284	1	    0.999995	 4.80707e-06	1	    0.999995	 4.77132e-06	    0.999915	 8.52471e-05
76	-2.02	-1.03	-1.71	-1.33	-1.02	1022	76	    0.999556	 0.000444284	1	           1	 1.80949e-08	1	           1	 1.79603e-08	           1	 3.20914e-07
76	-0.11	-1.4	-1.04	-1.16	0.13	1023	76	    0.999556	 0.000444284	1	    0.999235	 0.000764583	1	    0.999241	 0.000758971	     0.98661	   0.0133899
77	-0.27	0.03	-0.79	-1.9	-0.02	1024	77	  0.00047981	     0.99952	2	    0.975803	   0.0241973	1	    0.998613	  0.00138653	    0.975792	   0.0242083
77	0.79	0.47	0.62	0.78	0.18	1025	77	  0.00047981	     0.99952	2	  1.5166e-05	    0.999985	2	 0.000268742	    0.999731	 1.50442e-05	    0.999985
77	-0.85	1.51	1.33	0.14	0.67	1026	77	  0.00047981	     0.99952	2	 2.58575e-06	    0.999997	2	 4.58294e-05	    0.999954	   2.565e-06	    0.999997
77	0.69	0.08	0.18	3.1	1.24	1027	77	  0.00047981	     0.99952	2	 1.10173e-10	           1	2	 1.95277e-09	           1	 1.09289e-10	           1
77	1.27	0.85	0.72	0.13	0.46	1028	77	  0.00047981	     0.99952	2	 2.84973e-06	    0.999997	2	 5.05078e-05	    0.999949	 2.82685e-06	    0.999997
77	1.66	0.8	0.43	-0.46	0.64	1029	77	  0.00047981	     0.99952	2	 7.20552e-06	    0.999993	2	 0.000127699	    0.999872	 7.14768e-06	    0.999993
77	-0.05	-0.52	0.95	-0.56	-0.68	1030	77	  0.00047981	     0.99952	2	    0.149813	    0.850187	2	    0.758531	    0.241469	     0.14952	     0.85048
77	1.32	0.55	1.21	0.65	0.54	1031	77	  0.00047981	     0.99952	2	 8.69858e-08	           1	2	 1.54178e-06	    0.999998	 8.62875e-08	           1
77	0.12	1.04	-0.1	0.4	0.25	1032	77	  0.00047981	     0.99952	2	 0.000920509	    0.999079	2	   0.0160702	     0.98393	 0.000913236	    0.999087
77	-0.72	0.29	-1.11	-1.04	-1.11	1033	77	  0.00047981	     0.99952	2	    0.999833	 0.000167437	1	    0.999991	 9.37652e-06	    0.999832	 0.000167513
77	-0.3	-1.96	-1.47	-0.59	-1.75	1034	77	  0.00047981	     0.99952	2	    0.999998	 2.37229e-06	1	           1	 1.32828e-07	    0.999998	 2.37337e-06
78	0.54	0.42	1.07	0.94	1.07	1035	78	 3.41701e-08	           1	2	 6.27394e-08	           1	2	 1.12103e-06	    0.999999	 6.27394e-08	           1
78	-0.07	-0.1	0.79	0.49	1.52	1036	78	 3.41701e-08	           1	2	 1.42854e-06	    0.999999	2	 2.55246e-05	    0.999974	 1.42854e-06	    0.999999
78	-0.44	-0.68	0.11	3.1	0.84	1037	78	 3.41701e-08	           1	2	 3.41341e-08	           1	2	 6.09909e-07	    0.999999	 3.41341e-08	           1
78	1.01	-0.43	0.7	1.46	0.14	1038	78	 3.41701e-08	           1	2	 2.78985e-06	    0.999997	2	 4.98467e-05	     0.99995	 2.78985e-06	    0.999997
78	-1.34	-1.51	-0.64	-0.15	-1.67	1039	78	 3.41701e-08	           1	2	    0.999987	 1.30101e-05	1	    0.999999	 7.28131e-07	    0.999987	 1.30101e-05
78	-0.04	-0.17	1.01	-0.04	0.94	1040	78	 3.41701e-08	           1	2	 2.91012e-05	    0.999971	2	 0.000519724	     0.99948	 2.91011e-05	    0.999971
78	0.23	1.91	0.76	0.32	0.79	1041	78	 3.41701e-08	           1	2	 3.18375e-07	           1	2	 5.68869e-06	    0.999994	 3.18375e-07	           1
78	0.48	1.05	1.09	0.59	0.72	1042	78	 3.41701e-08	           1	2	 2.39001e-07	           1	2	 4.27045e-06	    0.999996	 2.39001e-07	           1
78	0.04	0.61	1.09	-0.31	0.06	1043	78	 3.41701e-08	           1	2	 0.000321599	    0.999678	2	  0.00571533	    0.994285	 0.000321599	    0.999678
78	0.2	1.03	0.28	0.55	0.98	1044	78	 3.41701e-08	           1	2	  5.4889e-06	    0.999995	2	 9.80666e-05	    0.999902	  5.4889e-06	    0.999995
78	0.88	-0.26	1	-0.11	0.4	1045	78	 3.41701e-08	           1	2	  4.2171e-05	    0.999958	2	 0.000752975	    0.999247	  4.2171e-05	    0.999958
78	0.52	0.94	1	-0.37	0.4	1046	78	 3.41701e-08	           1	2	 2.04044e-05	     0.99998	2	 0.000364461	    0.999636	 2.04044e-05	     0.99998
78	-0.86	-0.34	0.12	-0.04	0.58	1047	78	 3.41701e-08	           1	2	   0.0401362	    0.959864	2	    0.427636	    0.572364	   0.0401362	    0.959864
79	1.75	-0.35	-0.42	0.73	0.07	1048	79	   0.0017931	    0.998207	2	  0.00046913	    0.999531	2	  0.00807621	    0.991924	 0.000455465	    0.999545
79	-1.3	-0.35	-1.2	-1.43	-1.69	1049	79	   0.0017931	    0.998207	2	    0.999999	 7.16076e-07	1	           1	 4.01439e-08	    0.999999	  7.1729e-07
79	-0.78	0.08	-0.86	-0.7	-1.16	1050	79	   0.0017931	    0.998207	2	    0.999679	 0.000320793	1	    0.999982	 1.79894e-05	    0.999679	 0.000321337
79	1.58	0.9	0.01	0.89	0.88	1051	79	   0.0017931	    0.998207	2	 3.26428e-07	           1	2	 5.66136e-06	    0.999994	 3.16845e-07	           1
79	-0.11	-0.43	-0.17	1.66	0.83	1052	79	   0.0017931	    0.998207	2	 3.29443e-05	    0.999967	2	 0.000571069	    0.999429	 3.19776e-05	    0.999968
79	-0.88	0.09	-1.1	-0.85	-1.32	1053	79	   0.0017931	    0.998207	2	     0.99995	 4.99326e-05	1	    0.999997	 2.79939e-06	     0.99995	 5.00172e-05
79	0.2	1.53	0.97	-1.74	0.53	1054	79	   0.0017931	    0.998207	2	 6.20218e-05	    0.999938	2	  0.00107461	    0.998925	 6.02029e-05	     0.99994
79	1.37	0.89	1.81	0.96	0.97	1055	79	   0.0017931	    0.998207	2	 1.30638e-10	           1	2	 2.26572e-09	           1	 1.26803e-10	           1
79	0.96	2.22	1.56	0.32	1.62	1056	79	   0.0017931	    0.998207	2	 1.70586e-11	           1	2	 2.95854e-10	           1	 1.65578e-11	           1
79	0.95	1.89	1.24	1.17	1.38	1057	79	   0.0017931	    0.998207	2	 3.70787e-11	           1	2	 6.43072e-10	           1	 3.59901e-11	           1
79	-0.85	0.49	-0.1	1.16	0.4	1058	79	   0.0017931	    0.998207	2	  0.00125244	    0.998748	2	   0.0212982	    0.978702	  0.00121643	    0.998784
79	-0.66	-0.24	0	0.53	-0.22	1059	79	   0.0017931	    0.998207	2	    0.174173	    0.825827	2	    0.789012	    0.210988	    0.173069	    0.826931
79	-0.79	-1.28	-1.25	0.35	-1.75	1060	79	   0.0017931	    0.998207	2	    0.999979	 2.08713e-05	1	    0.999999	 1.17008e-06	    0.999979	 2.09067e-05
79	-0.14	0.07	-0.7	-0.51	-1.06	1061	79	   0.0017931	    0.998207	2	    0.995085	  0.00491465	1	    0.999723	 0.000276806	    0.995077	  0.00492298
80	-1.81	0.19	-0.78	-1.36	-0.05	1062	80	    0.142717	    0.857283	2	    0.998368	  0.00163166	1	    0.999894	 0.000105723	    0.998114	  0.00188569
80	-1.22	-1.41	0.26	-0.48	-0.07	1063	80	    0.142717	    0.857283	2	    0.888571	    0.111429	1	    0.991807	   0.0081928	    0.871385	    0.128615
80	-1.66	-0.58	-1.49	0.07	-0.98	1064	80	    0.142717	    0.857283	2	    0.999969	 3.10956e-05	1	    0.999998	 2.01134e-06	    0.999964	 3.59374e-05
80	0.21	0.23	-1.25	-0.57	-1.09	1065	80	    0.142717	    0.857283	2	     0.99811	  0.00188972	1	    0.999878	 0.000122478	    0.997816	  0.00218392
80	1.31	0.49	1.5	1.11	1.46	1066	80	    0.142717	    0.857283	2	 3.86228e-10	           1	2	 2.02537e-09	           1	 1.13352e-10	           1
80	2.44	-0.81	2.27	-1.11	0.6	1067	80	    0.142717	    0.857283	2	 3.05326e-08	           1	2	 1.60112e-07	           1	 8.96081e-09	           1
80	0.11	0.58	0.95	-0.87	1.01	1068	80	    0.142717	    0.857283	2	 0.000104961	    0.999895	2	 0.000550342	     0.99945	 3.08164e-05	    0.999969
80	0.36	1.09	1.5	1.93	1.31	1069	80	    0.142717	    0.857283	2	 8.56732e-11	           1	2	 4.49267e-10	           1	 2.51437e-11	           1
80	1.15	-0.09	0.26	-1.13	0.29	1070	80	    0.142717	    0.857283	2	    0.013473	    0.986527	2	   0.0694266	    0.930573	  0.00415805	    0.995842
80	-0.13	-1.66	-1.83	-0.63	-1.38	1071	80	    0.142717	    0.857283	2	    0.999994	  5.5843e-06	1	           1	 3.61196e-07	    0.999994	 6.45382e-06
80	-1.02	0.27	-1.29	-0.12	-1.09	1072	80	    0.142717	    0.857283	2	      0.9997	 0.000299689	1	    0.999981	 1.93903e-05	    0.999654	 0.000346352
80	0.33	0.36	0.29	-0.87	0.19	1073	80	    0.142717	    0.857283	2	   0.0386126	    0.961387	2	    0.191812	    0.808188	   0.0131086	    0.986891
80	-1.34	-0.77	-0.63	-0.82	-0.4	1074	80	    0.142717	    0.857283	2	    0.999048	 0.000951522	1	    0.999938	 6.16081e-05	      0.9989	  0.00109967
80	0.18	0.37	-0.01	0.85	0.07	1075	80	    0.142717	    0.857283	2	   0.0040443	    0.995956	2	   0.0211003	      0.9789	   0.0012049	    0.998795
81	-0.06	-0.05	0.4	-0.7	-0.21	1076	81	 0.000116702	    0.999883	2	    0.146723	    0.853277	2	    0.754343	    0.245657	    0.146652	    0.853348
81	1.33	-0.75	-0.64	1.45	1.29	1077	81	 0.000116702	    0.999883	2	 2.20776e-06	    0.999998	2	 3.93693e-05	    0.999961	 2.20342e-06	    0.999998
81	-0.03	-1.52	1.94	1.2	-0.32	1078	81	 0.000116702	    0.999883	2	 6.26297e-06	    0.999994	2	 0.000111675	    0.999888	 6.25066e-06	    0.999994
81	1.53	0.01	1.17	-0.57	0.47	1079	81	 0.000116702	    0.999883	2	 5.04764e-06	    0.999995	2	 9.00064e-05	     0.99991	 5.03772e-06	    0.999995
81	1.27	0.36	1.2	0.13	0.65	1080	81	 0.000116702	    0.999883	2	 4.28135e-07	           1	2	 7.63484e-06	    0.999992	 4.27294e-07	           1
81	0.96	0.49	-0.01	0.61	1.54	1081	81	 0.000116702	    0.999883	2	 6.17788e-07	    0.999999	2	 1.10168e-05	    0.999989	 6.16575e-07	    0.999999
81	-0.34	-0.15	-0.46	-0.51	-0.87	1082	81	 0.000116702	    0.999883	2	    0.989583	   0.0104172	1	    0.999411	 0.000588864	    0.989582	   0.0104183
81	2.33	1.69	0.53	0.61	1.92	1083	81	 0.000116702	    0.999883	2	 2.19279e-11	           1	2	 3.91039e-10	           1	 2.18849e-11	           1
81	-0.26	-0.86	-0.4	0.09	0.8	1084	81	 0.000116702	    0.999883	2	   0.0366994	    0.963301	2	    0.404726	    0.595274	   0.0366564	    0.963344
81	-0.1	-0.3	1.79	-0.21	-0.29	1085	81	 0.000116702	    0.999883	2	 0.000277712	    0.999722	2	  0.00492941	    0.995071	 0.000277169	    0.999723
81	-0.13	-0.86	-0.37	-1.02	0.29	1086	81	 0.000116702	    0.999883	2	    0.695692	    0.304308	1	    0.976101	   0.0238992	    0.695659	    0.304341
81	-0.28	0.47	-0.89	-0.74	-0.58	1087	81	 0.000116702	    0.999883	2	    0.982037	   0.0179634	1	    0.998977	  0.00102279	    0.982035	   0.0179654
82	-1.62	-0.16	-1.07	-1.5	-1.06	1088	82	           1	 8.12535e-09	1	           1	  4.7205e-07	1	           1	  4.7205e-07	    0.999992	 8.43452e-06
82	-1.35	-0.59	0.13	-0.85	-1.29	1089	82	           1	 8.12535e-09	1	    0.999973	 2.72686e-05	1	    0.999973	 2.72686e-05	    0.999513	 0.000487011
82	-0.88	0.08	-1.16	-1.09	-1.16	1090	82	           1	 8.12535e-09	1	    0.999997	 2.96533e-06	1	    0.999997	 2.96533e-06	    0.999947	 5.29819e-05
82	-1.59	0.46	-0.66	-2.01	-0.43	1091	82	           1	 8.12535e-09	1	    0.999957	 4.33799e-05	1	    0.999957	 4.33799e-05	    0.999225	 0.000774545
82	-0.09	-1.24	-0.85	-1.51	-0.75	1092	82	           1	 8.12535e-09	1	    0.999973	  2.6635e-05	1	    0.999973	  2.6635e-05	    0.999524	   0.0004757
82	-1.07	-0.65	-0.95	-1.22	-1.49	1093	82	           1	 8.12535e-09	1	           1	 2.77751e-07	1	           1	 2.77751e-07	    0.999995	 4.96283e-06
82	0.27	-0.63	-1.02	-1.03	-0.75	1094	82	           1	 8.12535e-09	1	    0.999867	 0.000133388	1	    0.999867	 0.000133388	    0.997622	  0.00237802
82	-0.34	0.38	-0.51	-1.47	0.47	1095	82	           1	 8.12535e-09	1	    0.938846	   0.0611542	1	    0.938846	   0.0611542	    0.462133	    0.537867
82	-0.92	1.38	-0.42	-0.67	-0.79	1096	82	           1	 8.12535e-09	1	    0.995774	  0.00422616	1	    0.995774	  0.00422616	    0.929512	   0.0704882
82	-1.27	-1.04	-1.6	0.1	-1.61	1097	82	           1	 8.12535e-09	1	           1	  1.7153e-07	1	           1	  1.7153e-07	    0.999997	 3.06488e-06
82	-1.26	-0.33	-1.93	-1.71	-0.87	1098	82	           1	 8.12535e-09	1	           1	 1.32946e-07	1	           1	 1.32946e-07	    0.999998	 2.37548e-06
82	-1.85	-0.2	-2.17	-1.51	-1.38	1099	82	           1	 8.12535e-09	1	           1	 4.24691e-09	1	           1	 4.24691e-09	           1	 7.58838e-08
82	-1	-1.12	-0.92	-1.59	-0.88	1100	82	           1	 8.12535e-09	1	    0.999998	  1.6317e-06	1	    0.999998	  1.6317e-06	    0.999971	 2.91544e-05
82	-0.7	-1.85	-0.01	-0.76	-0.27	1101	82	           1	 8.12535e-09	1	    0.998184	  0.00181623	1	    0.998184	  0.00181623	    0.968512	   0.0314878
82	-0.2	0.36	-0.88	-0.63	-0.09	1102	82	           1	 8.12535e-09	1	    0.990463	  0.00953704	1	    0.990463	  0.00953704	    0.853207	    0.146793
83	0.4	0.02	0.62	1.63	1.42	1103	83	           1	 7.92477e-08	1	 3.78497e-07	           1	2	 3.78497e-07	           1	  2.1183e-08	           1
83	-1.69	-0.53	-2.14	-0.42	-1.01	1104	83	           1	 7.92477e-08	1	           1	 1.09962e-07	1	           1	 1.09962e-07	    0.999998	 1.96479e-06
83	-0.01	-0.79	-0.52	-1.56	-0.94	1105	83	           1	 7.92477e-08	1	    0.999938	 6.24103e-05	1	    0.999938	 6.24103e-05	    0.998886	  0.00111397
83	-1.72	0.55	-0.33	-0.11	-0.41	1106	83	           1	 7.92477e-08	1	    0.997365	  0.00263523	1	    0.997365	  0.00263523	    0.954918	   0.0450823
83	0.06	-1.88	-1.25	-1.37	-1.01	1107	83	           1	 7.92477e-08	1	    0.999997	 3.23393e-06	1	    0.999997	 3.23392e-06	    0.999942	 5.77806e-05
83	0.27	-1.11	-0.76	-0.62	-0.15	1108	83	           1	 7.92477e-08	1	    0.995539	  0.00446123	1	    0.995539	  0.00446123	    0.925866	   0.0741344
83	0.13	0.87	-1.74	-0.11	-0.27	1109	83	           1	 7.92477e-08	1	    0.992164	  0.00783562	1	    0.992164	  0.00783561	    0.876338	    0.123662
83	-0.3	-1.41	-1.26	-1.42	-1.16	1110	83	           1	 7.92477e-08	1	    0.999999	 8.82133e-07	1	    0.999999	 8.82132e-07	    0.999984	 1.57617e-05
83	-1.85	-0.41	-0.57	-1.6	-0.74	1111	83	           1	 7.92477e-08	1	    0.999997	  3.3081e-06	1	    0.999997	 3.30809e-06	    0.999941	 5.91057e-05
83	-0.31	-0.35	-1.76	-1.01	-0.48	1112	83	           1	 7.92477e-08	1	     0.99998	 1.97509e-05	1	     0.99998	 1.97509e-05	    0.999647	 0.000352791
83	-0.53	-2.64	-1.1	-2.21	-0.28	1113	83	           1	 7.92477e-08	1	    0.999989	 1.09857e-05	1	    0.999989	 1.09857e-05	    0.999804	 0.000196257
83	-0.8	-0.54	-0.39	-0.3	-0.08	1114	83	           1	 7.92477e-08	1	    0.993733	  0.00626665	1	    0.993733	  0.00626664	    0.898732	    0.101268
83	-1.76	-1.18	-0.89	-0.26	-1.24	1115	83	           1	 7.92477e-08	1	    0.999999	 7.71233e-07	1	    0.999999	 7.71232e-07	    0.999986	 1.37802e-05
83	-1.41	-1.27	-1.28	0.18	-0.77	1116	83	           1	 7.92477e-08	1	     0.99999	 9.50975e-06	1	     0.99999	 9.50973e-06	     0.99983	 0.000169893
83	-0.36	-1.55	-0.49	0.09	-0.75	1117	83	           1	 7.92477e-08	1	    0.999223	 0.000777494	1	    0.999223	 0.000777493	    0.986288	   0.0137124
84	-0.97	-0.55	-0.49	-0.74	-0.35	1118	84	           1	 9.41789e-08	1	      0.9996	 0.000400044	1	      0.9996	 0.000400044	      0.9929	  0.00710007
84	-1.3	-0.57	-0.68	-0.19	-0.59	1119	84	           1	 9.41789e-08	1	    0.999877	 0.000123116	1	    0.999877	 0.000123116	    0.997805	  0.00219527
84	1.08	0.65	-0.85	-1.21	-0.77	1120	84	           1	 9.41789e-08	1	    0.990389	  0.00961055	1	    0.990389	  0.00961054	    0.852233	    0.147767
84	-1.09	-0.81	-1.59	-2.09	-0.41	1121	84	           1	 9.41789e-08	1	    0.999999	  1.2028e-06	1	    0.999999	 1.20279e-06	    0.999979	 2.14911e-05
84	0.03	-0.72	-0.4	-0.29	-0.98	1122	84	           1	 9.41789e-08	1	    0.999176	 0.000824387	1	    0.999176	 0.000824386	    0.985472	   0.0145281
84	-0.19	-1.93	0.04	0.26	0.19	1123	84	           1	 9.41789e-08	1	    0.670114	    0.329886	1	    0.670114	    0.329886	    0.102081	    0.897919
84	-1.88	-0.66	-0.92	-1.25	-1.83	1124	84	           1	 9.41789e-08	1	           1	 1.36601e-08	1	           1	 1.36601e-08	           1	 2.44078e-07
84	-0.87	-1.63	-0.51	-0.66	-2.05	1125	84	           1	 9.41789e-08	1	           1	 2.04608e-07	1	           1	 2.04608e-07	    0.999996	 3.65592e-06
84	-1.89	-0.87	-0.51	-1.13	-1.96	1126	84	           1	 9.41789e-08	1	           1	  2.8084e-08	1	           1	  2.8084e-08	    0.999999	 5.01804e-07
84	-1.24	-0.8	-0.28	-1.29	-1.44	1127	84	           1	 9.41789e-08	1	    0.999998	 1.63959e-06	1	    0.999998	 1.63959e-06	    0.999971	 2.92954e-05
84	-0.25	-0.99	-1.11	-0.65	-1.15	1128	84	           1	 9.41789e-08	1	    0.999992	 7.74298e-06	1	    0.999992	 7.74297e-06	    0.999862	 0.000138333
84	1	-0.5	-1.08	-1.15	-1.81	1129	84	           1	 9.41789e-08	1	    0.999991	 9.05134e-06	1	    0.999991	 9.05133e-06	    0.999838	 0.000161704
84	-0.69	-0.59	-1.28	0.92	-1.37	1130	84	           1	 9.41789e-08	1	    0.999925	 7.45711e-05	1	    0.999925	  7.4571e-05	    0.998669	  0.00133076
84	-1.82	-1.17	-0.23	-0.89	-0.55	1131	84	           1	 9.41789e-08	1	    0.999971	 2.90633e-05	1	    0.999971	 2.90632e-05	    0.999481	 0.000519047
85	-0.71	-0.05	1.46	0.89	0.67	1132	85	  8.2407e-07	    0.999999	2	 2.90702e-06	    0.999997	2	 5.19393e-05	    0.999948	 2.90698e-06	    0.999997
85	1.54	1.21	1.66	1.46	0.93	1133	85	  8.2407e-07	    0.999999	2	 1.49995e-11	           1	2	 2.68008e-10	           1	 1.49993e-11	           1
85	0.56	-1.36	1.84	0.82	-0.18	1134	85	  8.2407e-07	    0.999999	2	 4.69822e-06	    0.999995	2	 8.39401e-05	    0.999916	 4.69816e-06	    0.999995
85	-0.06	-0.76	0.69	3.05	0.56	1135	85	  8.2407e-07	    0.999999	2	 6.56481e-09	           1	2	 1.17298e-07	           1	 6.56472e-09	           1
85	0.26	0	0.59	0.31	0.3	1136	85	  8.2407e-07	    0.999999	2	 0.000372789	    0.999627	2	  0.00661929	    0.993381	 0.000372784	    0.999627
85	0.66	0.04	-0.47	-0.6	-0.42	1137	85	  8.2407e-07	    0.999999	2	    0.556177	    0.443823	1	    0.957249	    0.042751	    0.556176	    0.443824
85	1.44	-0.1	0.51	0.19	-0.12	1138	85	  8.2407e-07	    0.999999	2	 0.000245421	    0.999755	2	  0.00436705	    0.995633	 0.000245418	    0.999755
85	-2.16	-0.64	-2.18	-0.33	-1.05	1139	85	  8.2407e-07	    0.999999	2	    0.999999	 6.39277e-07	1	           1	 3.57778e-08	    0.999999	 6.39277e-07
85	1.38	0.92	0.1	0.86	0.61	1140	85	  8.2407e-07	    0.999999	2	 1.26718e-06	    0.999999	2	 2.26412e-05	    0.999977	 1.26716e-06	    0.999999
85	1	-0.03	0.1	-0.19	0.9	1141	85	  8.2407e-07	    0.999999	2	 0.000127561	    0.999872	2	  0.00227434	    0.997726	 0.000127559	    0.999872
85	-0.2	-0.07	0.83	1.01	1.15	1142	85	  8.2407e-07	    0.999999	2	 1.38587e-06	    0.999999	2	 2.47618e-05	    0.999975	 1.38585e-06	    0.999999
85	1.42	-1.04	1.17	0.34	0.52	1143	85	  8.2407e-07	    0.999999	2	 2.26746e-06	    0.999998	2	 4.05128e-05	    0.999959	 2.26742e-06	    0.999998
85	-0.21	0.41	-1.05	-0.93	-1.22	1144	85	  8.2407e-07	    0.999999	2	    0.999389	 0.000611497	1	    0.999966	 3.42428e-05	    0.999389	 0.000611498
85	0.92	1.05	-0.45	1.47	0.19	1145	85	  8.2407e-07	    0.999999	2	 1.40915e-05	    0.999986	2	 0.000251724	    0.999748	 1.40913e-05	    0.999986
86	-0.39	0.19	-1.8	-0.21	-0.61	1146	86	    0.981328	   0.0186723	1	    0.999868	 0.000132436	1	    0.999899	 0.000100758	    0.998203	  0.00179729
86	-0.93	0.83	-1.45	-0.61	0.17	1147	86	    0.981328	   0.0186723	1	     0.99636	  0.00363971	1	      0.9972	  0.00279996	    0.952227	   0.0477733
86	0.01	0.45	-0.28	-0.5	-0.2	1148	86	    0.981328	   0.0186723	1	      0.8879	      0.1121	1	    0.898491	    0.101509	    0.331271	    0.668729
86	-1.64	0.5	-1	-0.4	-0.55	1149	86	    0.981328	   0.0186723	1	    0.999881	 0.000119438	1	    0.999909	 9.08655e-05	    0.998379	   0.0016211
86	-1.54	-0.74	-0.86	-0.79	-1.92	1150	86	    0.981328	   0.0186723	1	           1	 5.75609e-08	1	           1	 4.37737e-08	    0.999999	 7.82149e-07
86	-0.51	0.32	-0.28	-0.11	-1.43	1151	86	    0.981328	   0.0186723	1	     0.99945	 0.000549507	1	    0.999581	 0.000418632	    0.992572	  0.00742767
86	0.46	-1.25	-0.44	-0.62	-1.03	1152	86	    0.981328	   0.0186723	1	    0.999359	 0.000641477	1	    0.999511	 0.000488843	    0.991337	  0.00866321
86	0.11	-1.13	-0.62	0.33	-0.53	1153	86	    0.981328	   0.0186723	1	    0.987658	   0.0123419	1	    0.990266	  0.00973409	    0.850602	    0.149398
86	-1.47	-0.87	0.05	1.03	0.87	1154	86	    0.981328	   0.0186723	1	    0.073035	    0.926965	2	   0.0743396	     0.92566	   0.0044745	    0.995525
86	-0.57	1.19	-1.25	2.39	-0.5	1155	86	    0.981328	   0.0186723	1	   0.0243068	    0.975693	2	   0.0247424	    0.975258	  0.00141785	    0.998582
86	0.36	0.12	0.46	0.77	-0.42	1156	86	    0.981328	   0.0186723	1	   0.0334932	    0.966507	2	    0.034093	    0.965907	   0.0019715	    0.998029
86	1.05	1.76	1.45	1.23	0.09	1157	86	    0.981328	   0.0186723	1	 4.91324e-08	           1	2	  5.0014e-08	           1	 2.79908e-09	           1
86	0.54	2.76	1.01	1.34	0.33	1158	86	    0.981328	   0.0186723	1	 1.36106e-08	           1	2	 1.38548e-08	           1	 7.75399e-10	           1
86	-1.07	0.28	-1.14	0.21	0.06	1159	86	    0.981328	   0.0186723	1	    0.990702	  0.00929794	1	    0.992728	   0.0072725	    0.884254	    0.115746
86	-0.44	-1.23	-0.52	-0.24	-0.57	1160	86	    0.981328	   0.0186723	1	    0.999116	 0.000883637	1	    0.999326	 0.000673908	    0.988094	    0.011906
87	-1.75	-0.47	0.8	-0.01	-1.14	1161	87	  0.00426456	    0.995735	2	    0.960102	   0.0398979	1	     0.99767	  0.00233004	    0.959941	   0.0400588
87	-0.45	0.31	0.23	-0.7	-0.39	1162	87	  0.00426456	    0.995735	2	    0.485042	    0.514958	2	    0.943497	    0.056503	    0.483078	    0.516922
87	-1.47	-0.74	-2.32	-0.95	-1.41	1163	87	  0.00426456	    0.995735	2	           1	 1.13888e-07	1	           1	 6.39963e-09	           1	 1.14349e-07
87	0.19	-1.22	1.25	0.92	0.94	1164	87	  0.00426456	    0.995735	2	 1.21827e-06	    0.999999	2	 2.03069e-05	     0.99998	 1.13652e-06	    0.999999
87	-1.35	-0.8	-1.41	-0.84	-2.04	1165	87	  0.00426456	    0.995735	2	           1	 1.21227e-07	1	           1	   6.812e-09	           1	 1.21717e-07
87	0.85	-1.14	0.43	1.46	-0.23	1166	87	  0.00426456	    0.995735	2	 0.000137908	    0.999862	2	  0.00229415	    0.997706	 0.000128673	    0.999871
87	0.82	-0.47	0.94	-1.37	0.13	1167	87	  0.00426456	    0.995735	2	  0.00297808	    0.997022	2	   0.0475642	    0.952436	  0.00278712	    0.997213
87	1.65	-0.54	0.43	-1.24	0.95	1168	87	  0.00426456	    0.995735	2	 8.52208e-05	    0.999915	2	  0.00141877	    0.998581	 7.95095e-05	     0.99992
87	-0.26	-1.64	-0.04	0.32	0.99	1169	87	  0.00426456	    0.995735	2	  0.00495464	    0.995045	2	   0.0769841	    0.923016	  0.00464615	    0.995354
87	0.32	0.08	0.2	0.77	1.08	1170	87	  0.00426456	    0.995735	2	 1.31793e-05	    0.999987	2	 0.000219642	     0.99978	  1.2295e-05	    0.999988
87	0.58	0.35	0.67	-0.11	0.55	1171	87	  0.00426456	    0.995735	2	 7.60259e-05	    0.999924	2	  0.00126586	    0.998734	   7.093e-05	    0.999929
87	0.44	0.64	1.42	-0.22	0.84	1172	87	  0.00426456	    0.995735	2	 8.51442e-07	    0.999999	2	 1.41925e-05	    0.999986	 7.94305e-07	    0.999999
87	-0.67	-0.67	-1.25	-0.48	-0.98	1173	87	  0.00426456	    0.995735	2	    0.999859	 0.000140639	1	    0.999992	 7.90388e-06	    0.999859	 0.000141208
87	0.72	-0.92	-0.58	-0.01	-1.08	1174	87	  0.00426456	    0.995735	2	    0.956641	   0.0433592	1	    0.997459	  0.00254084	    0.956466	    0.043534
88	1.1	-0.7	-0.87	-1.81	-0.79	1175	88	    0.579474	    0.420526	1	    0.996014	  0.00398575	1	    0.999504	 0.000496292	    0.991206	  0.00879413
88	-0.01	-1.88	0.4	0.18	0.25	1176	88	    0.579474	    0.420526	1	    0.146821	    0.853179	2	    0.240718	    0.759282	   0.0174337	    0.982566
88	-0.01	0.23	-1.63	-0.16	-1.41	1177	88	    0.579474	    0.420526	1	    0.999859	 0.000140638	1	    0.999983	 1.73815e-05	     0.99969	 0.000310481
88	1.01	-1.2	-0.3	-0.94	-1.3	1178	88	    0.579474	    0.420526	1	    0.995129	  0.00487053	1	    0.999392	 0.000607509	    0.989255	   0.0107449
88	-0.27	-0.98	-1.06	-1.32	-0.39	1179	88	    0.579474	    0.420526	1	    0.999478	  0.00052239	1	    0.999935	 6.46102e-05	    0.998847	   0.0011532
88	0	-0.29	-0.95	-0.25	-0.41	1180	88	    0.579474	    0.420526	1	    0.980221	   0.0197788	1	    0.997459	  0.00254075	    0.956468	   0.0435325
88	0.21	0.23	-0.94	-0.27	-1.25	1181	88	    0.579474	    0.420526	1	    0.997525	  0.00247483	1	    0.999693	 0.000307253	    0.994538	  0.00546169
88	0.19	0.96	0.89	1.67	1.53	1182	88	    0.579474	    0.420526	1	 1.02042e-08	           1	2	 1.69221e-08	           1	 9.47061e-10	           1
88	0.14	0.18	-0.01	-0.81	0.45	1183	88	    0.579474	    0.420526	1	    0.202837	    0.797163	2	    0.330524	    0.669476	   0.0268877	    0.973112
88	0.23	1.09	1.19	2.16	1.59	1184	88	    0.579474	    0.420526	1	 1.69643e-10	           1	2	 2.81328e-10	           1	 1.57448e-11	           1
88	1.31	1.4	0.31	0.42	0.95	1185	88	    0.579474	    0.420526	1	  2.1917e-06	    0.999998	2	 3.63461e-06	    0.999996	 2.03415e-07	           1
89	-0.99	-0.03	-0.56	-0.63	-1.22	1186	89	   0.0005106	    0.999489	2	      0.9996	 0.000399914	1	    0.999978	 2.24008e-05	      0.9996	 0.000400106
89	0.39	1.27	0.87	0.93	0.23	1187	89	   0.0005106	    0.999489	2	 1.18889e-06	    0.999999	2	 2.10612e-05	    0.999979	 1.17873e-06	    0.999999
89	-0.71	-1.39	-1.27	-0.05	-1.47	1188	89	   0.0005106	    0.999489	2	    0.999977	 2.28938e-05	1	    0.999999	 1.28192e-06	    0.999977	 2.29048e-05
89	0.41	0.15	1.71	0.33	1.13	1189	89	   0.0005106	    0.999489	2	 3.83613e-08	           1	2	 6.79586e-07	    0.999999	 3.80337e-08	           1
89	0.29	1.33	0.66	1.06	0.87	1190	89	   0.0005106	    0.999489	2	 1.37684e-07	           1	2	 2.43912e-06	    0.999998	 1.36508e-07	           1
89	0.02	0.2	0.78	0.12	0.09	1191	89	   0.0005106	    0.999489	2	 0.000870389	     0.99913	2	      0.0152	      0.9848	 0.000863068	    0.999137
89	-0.6	0.89	0.63	-0.03	0.78	1192	89	   0.0005106	    0.999489	2	 0.000141123	    0.999859	2	  0.00249422	    0.997506	 0.000139921	     0.99986
89	0.23	-0.54	-0.68	-1.43	-0.33	1193	89	   0.0005106	    0.999489	2	    0.978127	   0.0218729	1	    0.998749	  0.00125056	    0.978117	   0.0218834
89	-2.03	-0.67	-0.11	-0.76	-2.05	1194	89	   0.0005106	    0.999489	2	    0.999997	 2.50535e-06	1	           1	 1.40282e-07	    0.999997	 2.50655e-06
89	-1.04	-0.95	-0.48	-0.41	-1.56	1195	89	   0.0005106	    0.999489	2	    0.999944	 5.64329e-05	1	    0.999997	 3.16001e-06	    0.999944	 5.64601e-05
89	1.08	0.43	0.91	0.86	0.97	1196	89	   0.0005106	    0.999489	2	 6.40992e-08	           1	2	 1.13554e-06	    0.999999	 6.35518e-08	           1
89	1.06	0.53	1.24	0.76	1.55	1197	89	   0.0005106	    0.999489	2	 1.52215e-09	           1	2	 2.69656e-08	           1	 1.50915e-09	           1
89	0.98	0.58	-1.2	1.74	1.21	1198	89	   0.0005106	    0.999489	2	 1.66473e-06	    0.999998	2	 2.94906e-05	    0.999971	 1.65051e-06	    0.999998
89	-0.93	-0.23	1.04	0.07	-0.02	1199	89	   0.0005106	    0.999489	2	  0.00880235	    0.991198	2	    0.136065	    0.863935	  0.00873733	    0.991263
90	1.34	1.05	0.12	1.59	1.46	1200	90	 7.15794e-06	    0.999993	2	 1.80193e-09	           1	2	  3.2193e-08	           1	 1.80171e-09	           1
90	0.49	0.48	-0.65	-0.22	-0.33	1201	90	 7.15794e-06	    0.999993	2	    0.321094	    0.678906	2	    0.894187	    0.105813	     0.32109	     0.67891
90	1.42	-1.2	1.28	0.74	-0.11	1202	90	 7.15794e-06	    0.999993	2	 6.45071e-06	    0.999994	2	 0.000115235	    0.999885	 6.44993e-06	    0.999994
90	-1.03	0.2	-1.55	1.59	-0.58	1203	90	 7.15794e-06	    0.999993	2	    0.770146	    0.229854	1	    0.983571	   0.0164291	    0.770144	    0.229856
90	-0.22	0.37	1.16	-0.16	0.25	1204	90	 7.15794e-06	    0.999993	2	 0.000221197	    0.999779	2	  0.00393718	    0.996063	  0.00022117	    0.999779
90	0.61	1.05	0.93	-0.38	-0.23	1205	90	 7.15794e-06	    0.999993	2	 0.000241743	    0.999758	2	   0.0043014	    0.995699	 0.000241714	    0.999758
90	1.16	-0.1	0.5	-0.01	0.48	1206	90	 7.15794e-06	    0.999993	2	 7.40792e-05	    0.999926	2	  0.00132184	    0.998678	 7.40702e-05	    0.999926
90	-0.34	1.7	0.74	0.68	-0.05	1207	90	 7.15794e-06	    0.999993	2	 2.72277e-05	    0.999973	2	 0.000486223	    0.999514	 2.72244e-05	    0.999973
90	1.74	1.78	1.04	-0.05	1.02	1208	90	 7.15794e-06	    0.999993	2	  2.9684e-09	           1	2	 5.30331e-08	           1	 2.96805e-09	           1
90	1.2	-0.91	0.28	1.32	-0.46	1209	90	 7.15794e-06	    0.999993	2	 0.000337684	    0.999662	2	  0.00599885	    0.994001	 0.000337643	    0.999662
90	0.74	-0.45	0.95	0.03	0.67	1210	90	 7.15794e-06	    0.999993	2	 2.20503e-05	    0.999978	2	 0.000393801	    0.999606	 2.20476e-05	    0.999978
90	0.74	0.04	-0.56	1.01	0.83	1211	90	 7.15794e-06	    0.999993	2	 9.09869e-05	    0.999909	2	  0.00162307	    0.998377	 9.09759e-05	    0.999909
90	-1.59	-1.35	-0.74	-0.17	-1.4	1212	90	 7.15794e-06	    0.999993	2	    0.999982	 1.76889e-05	1	    0.999999	 9.89999e-07	    0.999982	  1.7689e-05
90	-0.41	-0.16	-0.69	-1.95	-1.08	1213	90	 7.15794e-06	    0.999993	2	    0.999775	 0.000225133	1	    0.999987	 1.26026e-05	    0.999775	 0.000225135
91	-1.34	0.19	-2.05	-0.74	-1.4	1214	91	    0.999997	 2.59273e-06	1	           1	 8.90587e-08	1	           1	 8.90548e-08	    0.999998	 1.59123e-06
91	0.06	-0.39	-0.34	-1.54	-0.3	1215	91	    0.999997	 2.59273e-06	1	    0.996842	  0.00315769	1	    0.996842	  0.00315756	    0.946434	   0.0535663
91	-2.79	-0.67	-1.3	-1.25	-1.16	1216	91	    0.999997	 2.59273e-06	1	           1	 1.16641e-08	1	           1	 1.16636e-08	           1	 2.08406e-07
91	-0.77	-1.12	-0.71	1.37	-0.4	1217	91	    0.999997	 2.59273e-06	1	    0.948764	   0.0512361	1	    0.948765	   0.0512349	    0.508931	    0.491069
91	-0.22	-1.38	-0.37	-0.23	-0.7	1218	91	    0.999997	 2.59273e-06	1	    0.999002	 0.000998258	1	    0.999002	 0.000998215	    0.982459	   0.0175408
91	-1.04	-0.15	1.15	-1.92	-0.7	1219	91	    0.999997	 2.59273e-06	1	     0.98162	   0.0183797	1	    0.981621	   0.0183791	    0.749319	    0.250681
91	-0.92	0.56	-0.74	0.35	-0.6	1220	91	    0.999997	 2.59273e-06	1	    0.994292	  0.00570757	1	    0.994293	  0.00570734	    0.906977	   0.0930233
91	0.59	0.63	-0.65	-0.17	0.66	1221	91	    0.999997	 2.59273e-06	1	   0.0655741	    0.934426	2	   0.0655743	    0.934426	   0.0039121	    0.996088
91	-1.01	-0.73	-1.08	-0.1	-2.08	1222	91	    0.999997	 2.59273e-06	1	           1	 1.60555e-07	1	           1	 1.60548e-07	    0.999997	 2.86866e-06
91	-0.77	-0.18	-1.07	0.2	-1.74	1223	91	    0.999997	 2.59273e-06	1	    0.999995	 4.95789e-06	1	    0.999995	 4.95768e-06	    0.999911	 8.85764e-05
91	-0.77	-0.93	-0.86	-2.17	-0.53	1224	91	    0.999997	 2.59273e-06	1	     0.99999	 1.01451e-05	1	     0.99999	 1.01447e-05	    0.999819	 0.000181234
91	-1.17	-0.23	-0.01	-1.72	-0.77	1225	91	    0.999997	 2.59273e-06	1	    0.999903	  9.7233e-05	1	    0.999903	 9.72288e-05	    0.998266	  0.00173444
91	0.11	-0.15	-1.35	-0.99	-1.17	1226	91	    0.999997	 2.59273e-06	1	    0.999987	 1.29048e-05	1	    0.999987	 1.29042e-05	    0.999769	 0.000230522
91	0.15	-0.65	-0.76	-1.28	-1.32	1227	91	    0.999997	 2.59273e-06	1	    0.999985	 1.47458e-05	1	    0.999985	 1.47451e-05	    0.999737	 0.000263401
91	-0.16	0.45	-0.06	0.7	0.28	1228	91	    0.999997	 2.59273e-06	1	   0.0327523	    0.967248	2	   0.0327524	    0.967248	   0.0018915	    0.998108
92	-0.32	-0.7	-1.03	-1.05	-0.62	1229	92	    0.978487	   0.0215127	1	    0.999933	 6.66618e-05	1	    0.999951	 4.89239e-05	    0.999127	 0.000873452
92	-0.38	-0.35	-1.47	-0.46	-1.38	1230	92	    0.978487	   0.0215127	1	    0.999997	 3.47977e-06	1	    0.999997	 2.55328e-06	    0.999954	 4.56201e-05
92	-0.99	0.62	-0.4	0.17	-0.55	1231	92	    0.978487	   0.0215127	1	    0.983639	   0.0163612	1	    0.987369	   0.0126306	    0.813955	    0.186045
92	-1.5	0.1	-1.16	0.82	0.39	1232	92	    0.978487	   0.0215127	1	    0.942129	   0.0578707	1	    0.951354	   0.0486462	     0.52256	     0.47744
92	-1.53	-0.88	-2.73	-0.01	-1.8	1233	92	    0.978487	   0.0215127	1	           1	 4.40775e-09	1	           1	 3.23415e-09	           1	 5.77878e-08
92	-1.49	0.47	-1.62	-0.83	-1.78	1234	92	    0.978487	   0.0215127	1	           1	   7.879e-08	1	           1	 5.78116e-08	    0.999999	 1.03298e-06
92	-1.47	-0.1	-0.51	-1.59	-2.02	1235	92	    0.978487	   0.0215127	1	           1	 1.06082e-07	1	           1	 7.78371e-08	    0.999999	 1.39079e-06
92	-0.75	0.28	-0.6	-0.36	0.06	1236	92	    0.978487	   0.0215127	1	    0.976032	   0.0239683	1	    0.981128	   0.0188718	    0.744221	    0.255779
92	0.2	-0.61	-0.82	-0.38	0.19	1237	92	    0.978487	   0.0215127	1	    0.957588	   0.0424116	1	    0.965261	   0.0347393	     0.60862	     0.39138
92	0.3	1.73	0.17	0.65	1.3	1238	92	    0.978487	   0.0215127	1	 3.62645e-06	    0.999996	2	 3.70162e-06	    0.999996	 2.07165e-07	           1
92	-0.69	0.45	0.88	0.84	1.36	1239	92	    0.978487	   0.0215127	1	 1.75028e-05	    0.999982	2	 1.78656e-05	    0.999982	 9.99881e-07	    0.999999
92	-0.02	1.77	0.2	0.4	1.18	1240	92	    0.978487	   0.0215127	1	 2.21017e-05	    0.999978	2	 2.25598e-05	    0.999977	 1.26261e-06	    0.999999
92	-0.44	1.07	1.45	0	1.32	1241	92	    0.978487	   0.0215127	1	 2.85765e-06	    0.999997	2	 2.91689e-06	    0.999997	 1.63247e-07	           1
93	-1.11	-1.16	-0.48	-0.62	-0.22	1242	93	           1	 5.97057e-08	1	    0.999654	 0.000346399	1	    0.999654	 0.000346399	    0.993846	   0.0061535
93	0.02	-0.01	-1.77	-1.42	-0.83	1243	93	           1	 5.97057e-08	1	    0.999991	 9.17442e-06	1	    0.999991	 9.17441e-06	    0.999836	 0.000163903
93	-1.12	-1.16	-0.79	0.29	-1.76	1244	93	           1	 5.97057e-08	1	    0.999998	 2.04098e-06	1	    0.999998	 2.04098e-06	    0.999964	 3.64669e-05
93	0.33	-0.88	-0.26	-0.21	-1.25	1245	93	           1	 5.97057e-08	1	    0.999071	  0.00092871	1	    0.999071	 0.000928709	    0.983662	   0.0163382
93	0.13	-0.36	-0.43	-0.11	-0.52	1246	93	           1	 5.97057e-08	1	    0.985162	   0.0148384	1	    0.985162	   0.0148384	    0.787944	    0.212056
93	-1.26	0.12	-1.25	-0.52	-0.65	1247	93	           1	 5.97057e-08	1	    0.999976	 2.44254e-05	1	    0.999976	 2.44254e-05	    0.999564	 0.000436253
93	-1.77	-1.77	-1.54	-0.68	-1.59	1248	93	           1	 5.97057e-08	1	           1	 7.88769e-09	1	           1	 7.88769e-09	           1	 1.40937e-07
93	-0.5	-0.67	-1.49	-1.34	-1.23	1249	93	           1	 5.97057e-08	1	           1	 4.89935e-07	1	           1	 4.89934e-07	    0.999991	 8.75408e-06
93	-2.11	-0.82	-2.05	-1	-1.67	1250	93	           1	 5.97057e-08	1	           1	 9.50344e-10	1	           1	 9.50343e-10	           1	 1.69807e-08
93	-0.46	-1.93	-1.23	-0.86	-0.25	1251	93	           1	 5.97057e-08	1	     0.99995	 4.97268e-05	1	     0.99995	 4.97267e-05	    0.999112	 0.000887773
93	-1.45	-0.36	-1.28	-0.55	-0.91	1252	93	           1	 5.97057e-08	1	    0.999998	 2.31606e-06	1	    0.999998	 2.31606e-06	    0.999959	 4.13817e-05
93	-1	-0.07	-1.55	-1.38	-1.77	1253	93	           1	 5.97057e-08	1	           1	 3.37742e-08	1	           1	 3.37741e-08	    0.999999	 6.03476e-07
93	-1.94	-1.43	-1.17	0.28	-1.15	1254	93	           1	 5.97057e-08	1	    0.999999	 1.10603e-06	1	    0.999999	 1.10603e-06	     0.99998	 1.97622e-05
94	-0.31	0.79	0.01	0.44	1.4	1255	94	 4.17669e-07	           1	2	 2.04854e-05	     0.99998	2	 0.000365904	    0.999634	 2.04852e-05	     0.99998
94	0.32	1.48	1.88	0.74	0.65	1256	94	 4.17669e-07	           1	2	 2.44348e-09	           1	2	 4.36598e-08	           1	 2.44346e-09	           1
94	-0.55	1.4	-0.27	1.3	-0.65	1257	94	 4.17669e-07	           1	2	  0.00669986	      0.9933	2	    0.107557	    0.892443	  0.00669982	      0.9933
94	1.02	2.49	0.55	-0.78	0.6	1258	94	 4.17669e-07	           1	2	 5.14399e-07	    0.999999	2	 9.19113e-06	    0.999991	 5.14395e-07	    0.999999
94	-1.38	-1.31	-0.01	-1.54	-0.68	1259	94	 4.17669e-07	           1	2	    0.999415	 0.000585091	1	    0.999967	 3.27633e-05	    0.999415	 0.000585091
94	-0.44	-0.48	-0.79	-0.81	-0.32	1260	94	 4.17669e-07	           1	2	    0.990615	  0.00938506	1	     0.99947	 0.000529939	    0.990615	  0.00938507
94	0.08	1.25	-0.03	0.18	1.27	1261	94	 4.17669e-07	           1	2	 1.19394e-05	    0.999988	2	 0.000213288	    0.999787	 1.19393e-05	    0.999988
94	-0.15	-1.09	-0.22	-0.02	0.24	1262	94	 4.17669e-07	           1	2	    0.214595	    0.785405	2	    0.829991	    0.170009	    0.214595	    0.785405
94	1.11	-0.08	1.17	-0.9	1.16	1263	94	 4.17669e-07	           1	2	 1.77987e-06	    0.999998	2	 3.18016e-05	    0.999968	 1.77986e-06	    0.999998
94	1.31	-0.06	1.12	0.43	0.69	1264	94	 4.17669e-07	           1	2	 4.14708e-07	           1	2	 7.40991e-06	    0.999993	 4.14705e-07	           1
94	1.07	1.4	-0.84	0.54	0.77	1265	94	 4.17669e-07	           1	2	 3.27396e-05	    0.999967	2	 0.000584664	    0.999415	 3.27393e-05	    0.999967
94	0.05	-0.04	0.7	0.12	-0.01	1266	94	 4.17669e-07	           1	2	  0.00255262	    0.997447	2	   0.0437271	    0.956273	   0.0025526	    0.997447
94	0.23	-0.7	0.27	0.71	0.89	1267	94	 4.17669e-07	           1	2	 9.59421e-05	    0.999904	2	  0.00171151	    0.998288	 9.59415e-05	    0.999904
94	0.81	1.94	0.62	0.03	1.2	1268	94	 4.17669e-07	           1	2	  4.8683e-08	           1	2	 8.69861e-07	    0.999999	 4.86826e-08	           1
95	0.68	0.44	1.47	0.46	1.08	1269	95	 1.83602e-06	    0.999998	2	 3.05897e-08	           1	2	 5.46561e-07	    0.999999	 3.05888e-08	           1
95	1.17	0.72	0.44	0.68	0.8	1270	95	 1.83602e-06	    0.999998	2	 7.32656e-07	    0.999999	2	 1.30905e-05	    0.999987	 7.32633e-07	    0.999999
95	1.64	0.88	1.05	0.1	0.85	1271	95	 1.83602e-06	    0.999998	2	 5.03825e-08	           1	2	 9.00207e-07	    0.999999	  5.0381e-08	           1
95	1.17	0.92	0.56	1.26	1.25	1272	95	 1.83602e-06	    0.999998	2	 5.86395e-09	           1	2	 1.04774e-07	           1	 5.86376e-09	           1
95	0.18	1.14	1.63	0.88	1.05	1273	95	 1.83602e-06	    0.999998	2	 3.19463e-09	           1	2	 5.70798e-08	           1	 3.19453e-09	           1
95	1.34	1.05	0.9	0.72	-0.28	1274	95	 1.83602e-06	    0.999998	2	 2.64722e-06	    0.999997	2	  4.7297e-05	    0.999953	 2.64714e-06	    0.999997
95	-0.59	0.9	0.83	-0.9	0.56	1275	95	 1.83602e-06	    0.999998	2	 0.000926309	    0.999074	2	   0.0162962	    0.983704	 0.000926281	    0.999074
95	0.06	-1.34	-1.27	-0.37	-0.39	1276	95	 1.83602e-06	    0.999998	2	    0.994631	  0.00536938	1	    0.999698	 0.000302034	    0.994631	  0.00536939
95	-1.05	-0.28	-2.06	-1.37	-0.88	1277	95	 1.83602e-06	    0.999998	2	    0.999996	 4.15411e-06	1	           1	  2.3249e-07	    0.999996	 4.15412e-06
95	-0.16	1.44	-0.16	0.99	-0.66	1278	95	 1.83602e-06	    0.999998	2	  0.00533772	    0.994662	2	   0.0874943	    0.912506	  0.00533757	    0.994662
95	0.28	-0.05	0.87	0.4	1.32	1279	95	 1.83602e-06	    0.999998	2	 1.24624e-06	    0.999999	2	 2.22666e-05	    0.999978	  1.2462e-06	    0.999999
95	-0.54	1.66	1.05	1.38	2.07	1280	95	 1.83602e-06	    0.999998	2	 1.38402e-10	           1	2	  2.4729e-09	           1	 1.38398e-10	           1
96	-0.05	0.52	1.43	-1.04	0.09	1281	96	 7.51065e-08	           1	2	 0.000366345	    0.999634	2	  0.00650564	    0.993494	 0.000366344	    0.999634
96	1.24	-1.66	0.63	0.54	0.47	1282	96	 7.51065e-08	           1	2	 3.99688e-05	     0.99996	2	  0.00071368	    0.999286	 3.99687e-05	     0.99996
96	0.36	0.31	0.93	0.28	0.62	1283	96	 7.51065e-08	           1	2	 1.15825e-05	    0.999988	2	 0.000206915	    0.999793	 1.15825e-05	    0.999988
96	-0.57	-0.15	-1.4	-1.5	-1.19	1284	96	 7.51065e-08	           1	2	    0.999981	 1.86438e-05	1	    0.999999	 1.04344e-06	    0.999981	 1.86438e-05
96	0.28	0.53	1.69	0.9	0.65	1285	96	 7.51065e-08	           1	2	  3.6174e-08	           1	2	 6.46355e-07	    0.999999	 3.61739e-08	           1
96	0.66	-1.17	1.61	0.69	1	1286	96	 7.51065e-08	           1	2	 1.06277e-07	           1	2	 1.89896e-06	    0.999998	 1.06277e-07	           1
96	0.34	-0.89	1.02	0.73	1.39	1287	96	 7.51065e-08	           1	2	 4.55708e-07	           1	2	 8.14252e-06	    0.999992	 4.55707e-07	           1
96	0.16	-0.04	0.54	-0.22	-0.16	1288	96	 7.51065e-08	           1	2	   0.0164015	    0.983599	2	    0.229553	    0.770447	   0.0164014	    0.983599
96	0.03	1.74	0.04	-0.65	-0.62	1289	96	 7.51065e-08	           1	2	    0.050597	    0.949403	2	     0.48777	     0.51223	    0.050597	    0.949403
96	0.97	-0.11	0.13	-1.18	0.06	1290	96	 7.51065e-08	           1	2	    0.030708	    0.969292	2	     0.36146	     0.63854	   0.0307079	    0.969292
96	-0.6	1.52	0.45	-0.55	0.32	1291	96	 7.51065e-08	           1	2	  0.00141273	    0.998587	2	   0.0246552	    0.975345	  0.00141273	    0.998587
96	0.96	0.81	-0.41	0.02	0.83	1292	96	 7.51065e-08	           1	2	 0.000144226	    0.999856	2	  0.00257077	    0.997429	 0.000144226	    0.999856
96	0.87	-0.39	1.52	0.84	1.24	1293	96	 7.51065e-08	           1	2	  9.0038e-09	           1	2	  1.6088e-07	           1	 9.00379e-09	           1
97	-0.52	-0.31	-0.8	-0.92	-0.76	1294	97	           1	 4.89867e-07	1	    0.999927	 7.28567e-05	1	    0.999927	 7.28561e-05	      0.9987	   0.0013002
97	-0.33	-1.29	-0.04	0.33	-0.12	1295	97	           1	 4.89867e-07	1	     0.88783	     0.11217	1	     0.88783	     0.11217	    0.306987	    0.693013
97	0.38	-0.79	-0.41	-0.29	-1.68	1296	97	           1	 4.89867e-07	1	      0.9999	 9.98969e-05	1	      0.9999	 9.98961e-05	    0.998218	  0.00178194
97	-0.49	1.12	-1.44	-1.02	-1.29	1297	97	           1	 4.89867e-07	1	    0.999982	  1.7545e-05	1	    0.999982	 1.75448e-05	    0.999687	 0.000313398
97	-1.1	-0.44	-1.25	-1.19	-1.6	1298	97	           1	 4.89867e-07	1	           1	 9.34728e-08	1	           1	  9.3472e-08	    0.999998	 1.67016e-06
97	0.18	0.19	-0.38	-1.01	-0.99	1299	97	           1	 4.89867e-07	1	    0.998888	  0.00111172	1	    0.998888	  0.00111171	    0.980502	   0.0194985
97	0.37	0.15	-0.19	-0.34	0.33	1300	97	           1	 4.89867e-07	1	    0.268149	    0.731851	2	    0.268149	    0.731851	   0.0200938	    0.979906
97	0.02	-0.45	-1.79	-0.51	-0.44	1301	97	           1	 4.89867e-07	1	    0.999897	 0.000103031	1	    0.999897	  0.00010303	    0.998162	  0.00183774
97	-1.02	0.79	-1.46	-1.72	-1.71	1302	97	           1	 4.89867e-07	1	           1	 1.79337e-07	1	           1	 1.79336e-07	    0.999997	 3.20436e-06
97	-0.11	0.03	-1.34	-0.5	-0.31	1303	97	           1	 4.89867e-07	1	    0.999108	 0.000891853	1	    0.999108	 0.000891846	    0.984301	   0.0156993
97	-1.29	-0.39	-1.59	-1.54	-2.31	1304	97	           1	 4.89867e-07	1	           1	 9.65525e-10	1	           1	 9.65517e-10	           1	 1.72519e-08
97	-1.05	0.36	-0.85	-0.85	-0.15	1305	97	           1	 4.89867e-07	1	    0.999188	 0.000812402	1	    0.999188	 0.000812395	     0.98568	   0.0143197
97	-0.91	0.6	-1.52	0.01	-1.2	1306	97	           1	 4.89867e-07	1	    0.999978	 2.18282e-05	1	    0.999978	  2.1828e-05	     0.99961	 0.000389879
97	-1.27	0.09	-1.34	-1.35	-1.5	1307	97	           1	 4.89867e-07	1	           1	 1.35067e-07	1	           1	 1.35066e-07	    0.999998	 2.41335e-06
98	-0.05	-0.01	0.12	1.55	0.29	1308	98	 4.33327e-07	           1	2	 7.66663e-05	    0.999923	2	   0.0013681	    0.998632	 7.66658e-05	    0.999923
98	-0.16	0.69	0.69	1.18	0.75	1309	98	 4.33327e-07	           1	2	 1.66175e-06	    0.999998	2	 2.96911e-05	     0.99997	 1.66174e-06	    0.999998
98	2.01	0.5	2.34	-0.84	0.06	1310	98	 4.33327e-07	           1	2	 1.70375e-08	           1	2	 3.04423e-07	           1	 1.70373e-08	           1
98	1.63	0.61	-0.08	0.94	0.26	1311	98	 4.33327e-07	           1	2	 8.16899e-06	    0.999992	2	 0.000145942	    0.999854	 8.16893e-06	    0.999992
98	1.22	0.73	0.93	0.21	0.83	1312	98	 4.33327e-07	           1	2	 2.89895e-07	           1	2	 5.17979e-06	    0.999995	 2.89893e-07	           1
98	-0.09	1.26	-0.31	1.26	0.63	1313	98	 4.33327e-07	           1	2	 2.18991e-05	    0.999978	2	 0.000391146	    0.999609	 2.18989e-05	    0.999978
98	1.6	0.2	-0.19	-0.11	1.08	1314	98	 4.33327e-07	           1	2	 2.01014e-05	     0.99998	2	 0.000359048	    0.999641	 2.01013e-05	     0.99998
98	0.59	0.84	0.84	-0.83	0.29	1315	98	 4.33327e-07	           1	2	  0.00017075	    0.999829	2	  0.00304218	    0.996958	 0.000170749	    0.999829
98	1.8	-0.19	0.25	-1.06	0.56	1316	98	 4.33327e-07	           1	2	 0.000261397	    0.999739	2	  0.00465011	     0.99535	 0.000261395	    0.999739
98	-1.39	-0.86	-0.39	0.11	-0.89	1317	98	 4.33327e-07	           1	2	    0.997861	  0.00213924	1	     0.99988	 0.000119967	    0.997861	  0.00213924
98	1.09	0.33	1.41	0.59	0.79	1318	98	 4.33327e-07	           1	2	 4.03776e-08	           1	2	 7.21462e-07	    0.999999	 4.03774e-08	           1
99	-2.02	-0.38	-0.39	-1.95	-1.9	1319	99	    0.999855	 0.000145352	1	           1	 2.97053e-08	1	           1	 2.96326e-08	    0.999999	 5.29475e-07
99	-0.17	1.17	0.76	1.04	1.15	1320	99	    0.999855	 0.000145352	1	 2.33471e-06	    0.999998	2	 2.33503e-06	    0.999998	 1.30682e-07	           1
99	1.25	0.32	-0.11	1.72	1.04	1321	99	    0.999855	 0.000145352	1	 1.54325e-06	    0.999998	2	 1.54346e-06	    0.999998	 8.63812e-08	           1
99	0.49	1.37	0.25	-0.77	0.44	1322	99	    0.999855	 0.000145352	1	  0.00585013	     0.99415	2	  0.00585094	    0.994149	 0.000329272	    0.999671
99	-0.12	-0.31	-0.8	-0.11	0.01	1323	99	    0.999855	 0.000145352	1	    0.976823	   0.0231774	1	    0.976862	   0.0231375	    0.702635	    0.297365
99	-0.09	0.57	-0.47	-0.56	-0.39	1324	99	    0.999855	 0.000145352	1	    0.976862	   0.0231379	1	    0.976902	   0.0230981	       0.703	       0.297
99	-0.86	-1.13	-1.78	-1.27	-1.08	1325	99	    0.999855	 0.000145352	1	           1	 1.30665e-07	1	           1	 1.30345e-07	    0.999998	   2.329e-06
99	-2.13	-0.89	0.23	-0.57	0.14	1326	99	    0.999855	 0.000145352	1	    0.996418	  0.00358166	1	    0.996427	  0.00357342	     0.93978	   0.0602201
99	-0.89	-0.03	-1	-1.11	-1.21	1327	99	    0.999855	 0.000145352	1	    0.999997	 3.09044e-06	1	    0.999997	 3.08288e-06	    0.999945	 5.50821e-05
99	0.45	-1.19	-0.87	-0.69	-0.57	1328	99	    0.999855	 0.000145352	1	    0.999293	 0.000707272	1	    0.999294	 0.000705563	    0.987541	   0.0124587
99	-0.68	-1.53	-0.3	-1.44	-0.61	1329	99	    0.999855	 0.000145352	1	    0.999932	  6.7765e-05	1	    0.999932	 6.75995e-05	    0.998794	  0.00120649
99	-0.6	-0.99	-0.95	-0.27	-1.07	1330	99	    0.999855	 0.000145352	1	    0.999982	 1.76276e-05	1	    0.999982	 1.75845e-05	    0.999686	 0.000314107
99	-0.5	-1.27	-0.02	-0.4	-1.03	1331	99	    0.999855	 0.000145352	1	    0.999647	 0.000352536	1	    0.999648	 0.000351679	    0.993753	  0.00624674
99	-0.69	-0.16	-0.41	-1.64	-0.13	1332	99	    0.999855	 0.000145352	1	     0.99888	  0.00112036	1	    0.998882	  0.00111767	    0.980399	    0.019601
100	-0.92	-0.75	-0.88	-0.71	-0.9	1333	100	  0.00981123	    0.990189	2	    0.999806	 0.000193856	1	    0.999989	 1.09528e-05	    0.999804	 0.000195668
100	1.22	-1.04	0.95	0.06	0.31	1334	100	  0.00981123	    0.990189	2	 6.13424e-05	    0.999939	2	  0.00093972	     0.99906	  5.2639e-05	    0.999947
100	-0.27	0.75	0.88	0.04	-0.01	1335	100	  0.00981123	    0.990189	2	  0.00082512	    0.999175	2	   0.0125225	    0.987478	 0.000709218	    0.999291
100	2.48	1.43	1	1.69	1.24	1336	100	  0.00981123	    0.990189	2	 1.68191e-12	           1	2	  2.5785e-11	           1	 1.44308e-12	           1
100	0.38	-0.5	-0.04	2.5	1.61	1337	100	  0.00981123	    0.990189	2	 6.71744e-09	           1	2	 1.02984e-07	           1	 5.76359e-09	           1
100	-1.46	-0.21	-1.48	-1.62	-0.73	1338	100	  0.00981123	    0.990189	2	    0.999989	 1.13086e-05	1	    0.999999	 6.38822e-07	    0.999989	 1.14144e-05
100	-1.49	-0.4	-1.37	-0.87	-1.39	1339	100	  0.00981123	    0.990189	2	    0.999998	 2.13897e-06	1	           1	 1.20829e-07	    0.999998	 2.15896e-06
100	-0.82	-0.75	-1.45	-0.65	-0.59	1340	100	  0.00981123	    0.990189	2	    0.999817	 0.000182827	1	     0.99999	 1.03295e-05	    0.999815	 0.000184536
100	-1.19	0.48	-1.35	-1.16	-2.15	1341	100	  0.00981123	    0.990189	2	    0.999999	 5.36701e-07	1	           1	 3.03178e-08	    0.999999	 5.41718e-07
100	-0.16	0.64	0.84	-0.4	0.14	1342	100	  0.00981123	    0.990189	2	  0.00146468	    0.998535	2	   0.0220562	    0.977944	  0.00126065	    0.998739
100	0.8	-0.92	1.53	-0.06	1.48	1343	100	  0.00981123	    0.990189	2	 1.11762e-07	           1	2	 1.71341e-06	    0.999998	 9.58926e-08	           1
100	1.13	-0.55	0.53	-0.19	0.29	1344	100	  0.00981123	    0.990189	2	 0.000537515	    0.999462	2	  0.00818638	    0.991814	 0.000461727	    0.999538
101	-0.25	1.6	1.14	1.9	0.76	1345	101	 1.35187e-09	           1	2	 1.79196e-09	           1	2	 3.20188e-08	           1	 1.79196e-09	           1
101	-0.41	0.01	0.34	1.18	-0.5	1346	101	 1.35187e-09	           1	2	  0.00787085	    0.992129	2	    0.124153	    0.875847	  0.00787085	    0.992129
101	-0.69	-0.73	1.07	0.88	0.78	1347	101	 1.35187e-09	           1	2	 2.72599e-05	    0.999973	2	 0.000486856	    0.999513	 2.72599e-05	    0.999973
101	0.16	1.69	0.75	-0.67	1.24	1348	101	 1.35187e-09	           1	2	 1.17471e-06	    0.999999	2	 2.09893e-05	    0.999979	 1.17471e-06	    0.999999
101	0.23	1.06	0.87	1.64	1.43	1349	101	 1.35187e-09	           1	2	 1.28782e-09	           1	2	 2.30107e-08	           1	 1.28782e-09	           1
101	-0.66	0.8	0.92	-0.41	-0.32	1350	101	 1.35187e-09	           1	2	    0.013558	    0.986442	2	    0.197164	    0.802836	    0.013558	    0.986442
101	0.95	0.56	0.55	-1.01	1.03	1351	101	 1.35187e-09	           1	2	 2.53813e-05	    0.999975	2	 0.000453319	    0.999547	 2.53813e-05	    0.999975
101	-0.46	-0.28	1.83	-0.46	-0.34	1352	101	 1.35187e-09	           1	2	  0.00109368	    0.998906	2	   0.0191879	    0.980812	  0.00109368	    0.998906
101	0.9	-1.7	-0.01	0.5	1.86	1353	101	 1.35187e-09	           1	2	 3.74554e-06	    0.999996	2	 6.69211e-05	    0.999933	 3.74554e-06	    0.999996
101	-2.31	1.46	0.68	1.89	-0.06	1354	101	 1.35187e-09	           1	2	 4.73323e-05	    0.999953	2	 0.000845059	    0.999155	 4.73323e-05	    0.999953
101	0.71	1.26	1.43	-0.29	0.72	1355	101	 1.35187e-09	           1	2	 1.85115e-07	           1	2	 3.30762e-06	    0.999997	 1.85115e-07	           1
101	0.54	-0.72	-0.2	1.48	0.29	1356	101	 1.35187e-09	           1	2	 0.000211852	    0.999788	2	  0.00377189	    0.996228	 0.000211852	    0.999788
101	-0.44	0.52	-0.69	-1.51	-0.8	1357	101	 1.35187e-09	           1	2	     0.99669	   0.0033095	1	    0.999814	   0.0001858	     0.99669	   0.0033095
101	0.63	-0.29	2	-0.11	0.33	1358	101	 1.35187e-09	           1	2	  9.8185e-07	    0.999999	2	 1.75434e-05	    0.999982	  9.8185e-07	    0.999999
101	1.52	1.9	0.31	0.76	0.71	1359	101	 1.35187e-09	           1	2	 2.83705e-08	           1	2	 5.06923e-07	    0.999999	 2.83705e-08	           1
102	0.4	-1.9	1.47	0.02	-0.11	1360	102	 0.000352061	    0.999648	2	  0.00044017	     0.99956	2	   0.0077616	    0.992238	 0.000437592	    0.999562
102	-0.3	0.37	0.71	-0.47	0.4	1361	102	 0.000352061	    0.999648	2	  0.00203374	    0.997966	2	   0.0349401	     0.96506	  0.00202215	    0.997978
102	-1.62	1.29	1.47	0.36	0.07	1362	102	 0.000352061	    0.999648	2	 8.06556e-05	    0.999919	2	  0.00143072	    0.998569	 8.01801e-05	     0.99992
102	1.44	-1.19	-0.79	-0.59	0.34	1363	102	 0.000352061	    0.999648	2	   0.0855218	    0.914478	2	     0.62504	     0.37496	   0.0853318	    0.914668
102	-0.53	1.87	1.17	-0.33	1.12	1364	102	 0.000352061	    0.999648	2	 4.62296e-07	           1	2	 8.21149e-06	    0.999992	 4.59567e-07	           1
102	-1.57	-0.52	-0.32	-0.52	-0.95	1365	102	 0.000352061	    0.999648	2	    0.999508	 0.000492364	1	    0.999972	 2.75776e-05	    0.999507	 0.000492527
102	0.12	1.09	1.09	0.33	0.79	1366	102	 0.000352061	    0.999648	2	 8.46398e-07	    0.999999	2	  1.5034e-05	    0.999985	 8.41402e-07	    0.999999
102	-0.95	0.39	0.53	0.4	0.74	1367	102	 0.000352061	    0.999648	2	  0.00047232	    0.999528	2	  0.00832408	    0.991676	 0.000469555	     0.99953
102	0.17	0.48	0.83	-0.05	0.7	1368	102	 0.000352061	    0.999648	2	  3.5333e-05	    0.999965	2	 0.000627234	    0.999373	 3.51245e-05	    0.999965
102	-0.99	-1.08	-1.2	-0.75	-1.42	1369	102	 0.000352061	    0.999648	2	    0.999995	 5.13459e-06	1	           1	 2.87459e-07	    0.999995	  5.1363e-06
102	-1.23	-0.93	-0.45	-0.61	-1.06	1370	102	 0.000352061	    0.999648	2	    0.999787	 0.000212701	1	    0.999988	 1.19103e-05	    0.999787	 0.000212771
103	-0.07	0.45	0.67	-1.02	0.01	1371	103	 3.82111e-05	    0.999962	2	   0.0168303	     0.98317	2	    0.234139	    0.765861	    0.016822	    0.983178
103	1.4	0.98	-0.74	1.39	0.35	1372	103	 3.82111e-05	    0.999962	2	 8.71697e-06	    0.999991	2	 0.000155632	    0.999844	 8.71136e-06	    0.999991
103	0.35	0	2.3	0.23	1.49	1373	103	 3.82111e-05	    0.999962	2	 8.19222e-10	           1	2	 1.46284e-08	           1	 8.18694e-10	           1
103	-0.01	0.12	0.35	2.04	0.3	1374	103	 3.82111e-05	    0.999962	2	 2.80936e-06	    0.999997	2	 5.01629e-05	     0.99995	 2.80755e-06	    0.999997
103	1.42	0.3	1.54	0.47	0.89	1375	103	 3.82111e-05	    0.999962	2	  9.2519e-09	           1	2	 1.65207e-07	           1	 9.24594e-09	           1
103	0.3	0.08	0.09	1.56	1.23	1376	103	 3.82111e-05	    0.999962	2	  5.8977e-07	    0.999999	2	 1.05311e-05	    0.999989	  5.8939e-07	    0.999999
103	-0.98	-0.48	-1.41	-0.3	-1.32	1377	103	 3.82111e-05	    0.999962	2	    0.999979	 2.14808e-05	1	    0.999999	 1.20226e-06	    0.999979	 2.14816e-05
103	-1.52	-0.24	-1.45	-0.9	-1.01	1378	103	 3.82111e-05	    0.999962	2	    0.999991	 9.08677e-06	1	    0.999999	 5.08572e-07	    0.999991	  9.0871e-06
103	1.4	0.47	1.2	0.82	0.57	1379	103	 3.82111e-05	    0.999962	2	 4.36104e-08	           1	2	 7.78728e-07	    0.999999	 4.35823e-08	           1
103	-1.13	-0.1	-0.68	-0.23	-0.99	1380	103	 3.82111e-05	    0.999962	2	     0.99892	  0.00107979	1	     0.99994	 6.04952e-05	     0.99892	  0.00107983
103	1.37	-0.76	1.97	0.17	-0.14	1381	103	 3.82111e-05	    0.999962	2	 1.07465e-06	    0.999999	2	 1.91891e-05	    0.999981	 1.07395e-06	    0.999999
103	-0.41	2.19	0.19	0.44	0.46	1382	103	 3.82111e-05	    0.999962	2	 1.72489e-05	    0.999983	2	 0.000307916	    0.999692	 1.72378e-05	    0.999983
104	1.62	1.14	1.63	1.64	1.63	1383	104	 1.13733e-09	           1	2	 4.13742e-13	           1	2	 7.39275e-12	           1	 4.13742e-13	           1
104	1.69	-0.41	0.17	0.61	0.28	1384	104	 1.13733e-09	           1	2	 4.18608e-05	    0.999958	2	 0.000747441	    0.999253	 4.18608e-05	    0.999958
104	0.86	1.58	1.9	0.36	-0.17	1385	104	 1.13733e-09	           1	2	 4.35287e-08	           1	2	  7.7777e-07	    0.999999	 4.35287e-08	           1
104	-0.08	1.26	0.03	0.08	1.2	1386	104	 1.13733e-09	           1	2	 2.39385e-05	    0.999976	2	 0.000427561	    0.999572	 2.39385e-05	    0.999976
104	-0.81	0.97	0.49	1.77	0.54	1387	104	 1.13733e-09	           1	2	 2.13935e-06	    0.999998	2	 3.82245e-05	    0.999962	 2.13935e-06	    0.999998
104	0.1	0.53	-0.35	1.22	0.64	1388	104	 1.13733e-09	           1	2	 9.13226e-05	    0.999909	2	  0.00162924	    0.998371	 9.13226e-05	    0.999909
104	2.14	1.38	1.07	0.88	0.87	1389	104	 1.13733e-09	           1	2	 3.11839e-10	           1	2	 5.57194e-09	           1	 3.11839e-10	           1
104	1.41	-0.21	0.37	1.09	0.51	1390	104	 1.13733e-09	           1	2	  2.3459e-06	    0.999998	2	 4.19149e-05	    0.999958	  2.3459e-06	    0.999998
104	1.83	1.51	0.28	0.49	0.82	1391	104	 1.13733e-09	           1	2	 6.00586e-08	           1	2	 1.07313e-06	    0.999999	 6.00586e-08	           1
104	0.84	1.52	0.62	0.48	-0.01	1392	104	 1.13733e-09	           1	2	 6.67865e-06	    0.999993	2	 0.000119321	    0.999881	 6.67865e-06	    0.999993
104	-0.18	0.02	0.69	1.8	-0.33	1393	104	 1.13733e-09	           1	2	  4.8099e-05	    0.999952	2	 0.000858736	    0.999141	  4.8099e-05	    0.999952
104	0.88	0.79	-0.01	0.25	0.66	1394	104	 1.13733e-09	           1	2	 4.89328e-05	    0.999951	2	 0.000873611	    0.999126	 4.89328e-05	    0.999951
104	2.05	0.75	0.64	1.06	0.59	1395	104	 1.13733e-09	           1	2	 1.93993e-08	           1	2	 3.46626e-07	           1	 1.93993e-08	           1
105	2.31	0.9	-0.18	0.9	0.57	1396	105	 1.20315e-09	           1	2	 3.04116e-07	           1	2	 5.43392e-06	    0.999995	 3.04116e-07	           1
105	0.57	0.89	-0.72	0.45	1.55	1397	105	 1.20315e-09	           1	2	 1.29418e-05	    0.999987	2	 0.000231194	    0.999769	 1.29418e-05	    0.999987
105	1.57	1.45	-0.01	0.44	1.12	1398	105	 1.20315e-09	           1	2	  1.3957e-07	           1	2	 2.49383e-06	    0.999998	  1.3957e-07	           1
105	0.75	-0.09	1.19	0.01	1.03	1399	105	 1.20315e-09	           1	2	 1.01586e-06	    0.999999	2	 1.81511e-05	    0.999982	 1.01586e-06	    0.999999
105	0.22	-0.45	0.78	0.99	0.12	1400	105	 1.20315e-09	           1	2	 8.95733e-05	     0.99991	2	  0.00159808	    0.998402	 8.95733e-05	     0.99991
105	-0.36	-0.21	0.57	0.22	0.68	1401	105	 1.20315e-09	           1	2	 0.000632755	    0.999367	2	   0.0111867	    0.988813	 0.000632755	    0.999367
105	0.15	1.56	0.15	0.12	1.73	1402	105	 1.20315e-09	           1	2	 3.82522e-07	           1	2	 6.83486e-06	    0.999993	 3.82522e-07	           1
105	1.04	0.91	-0.68	0.65	-0.13	1403	105	 1.20315e-09	           1	2	  0.00210379	    0.997896	2	   0.0363022	    0.963698	  0.00210378	    0.997896
105	0.06	-1	0.58	0.28	0.57	1404	105	 1.20315e-09	           1	2	 0.000805201	    0.999195	2	   0.0141945	    0.985805	 0.000805201	    0.999195
105	-0.43	0.8	1.18	1.88	0.45	1405	105	 1.20315e-09	           1	2	 6.38775e-08	           1	2	 1.14136e-06	    0.999999	 6.38775e-08	           1
105	1.36	-0.48	1.57	0.47	1.86	1406	105	 1.20315e-09	           1	2	 5.16299e-10	           1	2	 9.22523e-09	           1	 5.16299e-10	           1
105	0.69	1.1	0.18	1.47	0.97	1407	105	 1.20315e-09	           1	2	 8.68036e-08	           1	2	   1.551e-06	    0.999998	 8.68036e-08	           1
105	1.19	0.7	1.31	-0.2	1.11	1408	105	 1.20315e-09	           1	2	 5.35712e-08	           1	2	 9.57209e-07	    0.999999	 5.35712e-08	           1
106	0.08	0.8	0.79	1.07	0.36	1409	106	 5.79641e-10	           1	2	 3.73618e-06	    0.999996	2	 6.67538e-05	    0.999933	 3.73618e-06	    0.999996
106	0.68	0.84	0.23	1.62	0.84	1410	106	 5.79641e-10	           1	2	 1.26694e-07	           1	2	 2.26377e-06	    0.999998	 1.26694e-07	           1
106	1.63	-0.8	0.36	-1.2	0.37	1411	106	 5.79641e-10	           1	2	  0.00162524	    0.998375	2	    0.028265	    0.971735	  0.00162524	    0.998375
106	0.66	1.14	-0.32	0.4	0.2	1412	106	 5.79641e-10	           1	2	 0.000521188	    0.999479	2	  0.00923143	    0.990769	 0.000521188	    0.999479
106	1.11	-0.89	1.15	0.77	0.82	1413	106	 5.79641e-10	           1	2	 3.64367e-07	           1	2	 6.51047e-06	    0.999993	 3.64367e-07	           1
106	-0.03	0.62	0.31	0.62	1.28	1414	106	 5.79641e-10	           1	2	 4.67564e-06	    0.999995	2	 8.35378e-05	    0.999916	 4.67564e-06	    0.999995
106	-0.89	1.79	0.6	1.52	-0.04	1415	106	 5.79641e-10	           1	2	 6.20462e-06	    0.999994	2	 0.000110853	    0.999889	 6.20462e-06	    0.999994
106	1.13	-0.16	0.46	-0.22	0.56	1416	106	 5.79641e-10	           1	2	 0.000123482	    0.999877	2	  0.00220179	    0.997798	 0.000123482	    0.999877
106	0.49	1.48	-0.95	0.34	0.45	1417	106	 5.79641e-10	           1	2	  0.00111505	    0.998885	2	   0.0195559	    0.980444	  0.00111505	    0.998885
106	-0.16	-0.45	-0.08	-0.29	0.46	1418	106	 5.79641e-10	           1	2	   0.0595489	    0.940451	2	    0.530824	    0.469176	   0.0595489	    0.940451
106	1.75	-1.23	0.96	0.71	-0.03	1419	106	 5.79641e-10	           1	2	 9.02348e-06	    0.999991	2	 0.000161207	    0.999839	 9.02348e-06	    0.999991
106	-0.18	0.66	-0.17	0.06	0.43	1420	106	 5.79641e-10	           1	2	  0.00662849	    0.993372	2	    0.106527	    0.893473	  0.00662849	    0.993372
106	1.02	0.35	0.38	0.49	0.42	1421	106	 5.79641e-10	           1	2	 2.54343e-05	    0.999975	2	 0.000454265	    0.999546	 2.54343e-05	    0.999975
106	-0.87	0.73	-0.2	2.24	0.48	1422	106	 5.79641e-10	           1	2	 9.28539e-06	    0.999991	2	 0.000165886	    0.999834	 9.28539e-06	    0.999991
